ParameterName,default,88.11770533490044,57.324873069221546,57.32481711422411,50.533243011525286,1.0102579851128575,1.0099746581761087,0.9807407059687189,0.9606390099141497,0.9562809234565941,0.9562809234565941.1,0.9560489698729857,0.9560489698729857.1,0.9549773417654548,0.954718465518217,0.8696641038867713,0.8668962354885797,0.8668962354885797.1,0.8631721127434323,0.8630541143322968,0.8629362613200385,0.8628427315481757,0.8628427315481757.1,0.8622827883712636,0.8620804791983046,0.8620804791983046.1,0.8620804791983046.1.1,0.8620804791983046.1.1.1,0.8565802458519268,0.8555782161093494,0.8555782161093494.1,0.8555782161093494.1.1,0.8555782161093494.1.1.1,0.8555464878333658,0.8555464878333658.1,0.8555464878333658.1.1,0.8528878145845727,0.8528878145845727.1,0.8528878145845727.1.1,0.8528878145845727.1.1.1,0.8528878145845727.1.1.1.1,0.8528878145845727.1.1.1.1.1,0.8460719903761151,0.8460719903761151.1,0.8460719903761151.1.1,0.8460719903761151.1.1.1,0.8460719903761151.1.1.1.1,0.8460719903761151.1.1.1.1.1,0.8460719903761151.1.1.1.1.1.1,0.8460719903761151.1.1.1.1.1.1.1,0.8460719903761151.1.1.1.1.1.1.1.1,0.8460719903761151.1.1.1.1.1.1.1.1.1,0.8457967684449126,0.845796764855233,0.845796764855233.1,0.843738772307205,0.843738772307205.1,0.843738772307205.1.1,0.8424891839289188,0.8424891839289188.1,0.8424891839289188.1.1,0.8417210020117226,0.8414941464575896,0.8414941464575896.1,0.8414941464575896.1.1,0.8414941464575896.1.1.1,0.8414941464575896.1.1.1.1,0.8414941464575896.1.1.1.1.1,0.8414941464575896.1.1.1.1.1.1,0.8414941464575896.1.1.1.1.1.1.1,0.8411218353126287,0.8411218353126287.1,0.8411218353126287.1.1,0.8411218353126287.1.1.1,0.8411218353126287.1.1.1.1,0.8411010686188157,0.8411010686188157.1,0.8411010686188157.1.1,0.8411010686188157.1.1.1,0.8411010686188157.1.1.1.1,0.8411010686188157.1.1.1.1.1,0.8411010686188157.1.1.1.1.1.1,0.8411010686188157.1.1.1.1.1.1.1,0.8411010686188157.1.1.1.1.1.1.1.1,0.8411010686188157.1.1.1.1.1.1.1.1.1,0.8410037783258437,0.8410037783258437.1,0.8410037783258437.1.1,0.8410037783258437.1.1.1,0.8410037783258437.1.1.1.1,0.8410037783258437.1.1.1.1.1,0.8410037783258437.1.1.1.1.1.1,0.8410037783258437.1.1.1.1.1.1.1,0.8410037783258437.1.1.1.1.1.1.1.1,0.8410037783258437.1.1.1.1.1.1.1.1.1,0.8410037783258437.1.1.1.1.1.1.1.1.1.1,0.8410037783258437.1.1.1.1.1.1.1.1.1.1.1,0.8410037783258437.1.1.1.1.1.1.1.1.1.1.1.1,0.8410037783258437.1.1.1.1.1.1.1.1.1.1.1.1.1,0.8410037783258437.1.1.1.1.1.1.1.1.1.1.1.1.1.1,0.8410037783258437.1.1.1.1.1.1.1.1.1.1.1.1.1.1.1,0.8410037783258437.1.1.1.1.1.1.1.1.1.1.1.1.1.1.1.1,0.8410037783258437.1.1.1.1.1.1.1.1.1.1.1.1.1.1.1.1.1,0.8410037783258437.1.1.1.1.1.1.1.1.1.1.1.1.1.1.1.1.1.1,0.8410037783258437.1.1.1.1.1.1.1.1.1.1.1.1.1.1.1.1.1.1.1,0.8410037783258437.1.1.1.1.1.1.1.1.1.1.1.1.1.1.1.1.1.1.1.1,0.8410037783258437.1.1.1.1.1.1.1.1.1.1.1.1.1.1.1.1.1.1.1.1.1,0.8410037783258437.1.1.1.1.1.1.1.1.1.1.1.1.1.1.1.1.1.1.1.1.1.1,0.8410037783258437.1.1.1.1.1.1.1.1.1.1.1.1.1.1.1.1.1.1.1.1.1.1.1,0.8410037783258437.1.1.1.1.1.1.1.1.1.1.1.1.1.1.1.1.1.1.1.1.1.1.1.1,0.8410037783258437.1.1.1.1.1.1.1.1.1.1.1.1.1.1.1.1.1.1.1.1.1.1.1.1.1,0.8410037783258437.1.1.1.1.1.1.1.1.1.1.1.1.1.1.1.1.1.1.1.1.1.1.1.1.1.1,0.8410037783258437.1.1.1.1.1.1.1.1.1.1.1.1.1.1.1.1.1.1.1.1.1.1.1.1.1.1.1,0.8410037783258437.1.1.1.1.1.1.1.1.1.1.1.1.1.1.1.1.1.1.1.1.1.1.1.1.1.1.1.1,0.8410037783258437.1.1.1.1.1.1.1.1.1.1.1.1.1.1.1.1.1.1.1.1.1.1.1.1.1.1.1.1.1,0.8410037783258437
UpperZoneTimeConstant,9.89046941501782,12.357715531275506,14.88257563786557,14.88257563786557,18.659942391600943,21.30359411397482,21.30359411397482,21.30359411397482,4.644170171910897,4.644170171910897,4.644170171910897,4.644170171910897,4.644170171910897,4.644170171910897,4.644170171910897,4.644170171910897,6.028271703730654,6.028271703730654,6.028271703730654,6.028271703730654,6.028271703730654,6.028271703730654,6.028271703730654,6.028271703730654,6.028271703730654,6.028271703730654,6.028271703730654,6.028271703730654,6.028271703730654,6.028271703730654,6.028271703730654,6.028271703730654,6.028271703730654,6.028271703730654,6.028271703730654,6.028271703730654,6.028271703730654,6.028271703730654,6.028271703730654,6.028271703730654,6.028271703730654,6.028271703730654,6.028271703730654,6.028271703730654,6.028271703730654,6.028271703730654,6.028271703730654,6.028271703730654,6.028271703730654,6.028271703730654,6.028271703730654,6.028271703730654,6.028271703730654,6.028271703730654,6.028271703730654,6.028271703730654,6.028271703730654,6.028271703730654,6.028271703730654,6.028271703730654,6.028271703730654,6.028271703730654,6.028271703730654,6.028271703730654,6.028271703730654,6.028271703730654,6.028271703730654,6.028271703730654,6.028271703730654,6.028271703730654,6.028271703730654,6.028271703730654,6.028271703730654,6.028271703730654,6.028271703730654,6.028271703730654,6.028271703730654,6.028271703730654,6.028271703730654,6.028271703730654,6.028271703730654,6.028271703730654,6.028271703730654,6.028271703730654,6.028271703730654,6.028271703730654,6.028271703730654,6.028271703730654,6.028271703730654,6.028271703730654,6.028271703730654,6.028271703730654,6.028271703730654,6.028271703730654,6.028271703730654,6.028271703730654,6.028271703730654,6.028271703730654,6.028271703730654,6.028271703730654,6.028271703730654,6.028271703730654,6.028271703730654,6.028271703730654,6.028271703730654,6.028271703730654,6.028271703730654,6.028271703730654,6.028271703730654,6.028271703730654,6.028271703730654,6.028271703730654,6.028271703730654,6.028271703730654,6.028271703730654,6.028271703730654
LowerZoneTimeConstant,549.4796455824301,5966.957986966898,7028.970790856719,7028.970790856719,9519.77480556508,9519.77480556508,9519.77480556508,8499.221273904932,8499.221273904932,5399.763160524322,5399.763160524322,6239.11940068179,6239.11940068179,6239.11940068179,6239.11940068179,6239.11940068179,6239.11940068179,6239.11940068179,3808.833040815124,3808.833040815124,3808.833040815124,3808.833040815124,3808.833040815124,3808.833040815124,3808.833040815124,3808.833040815124,3808.833040815124,3808.833040815124,1991.680998756238,1991.680998756238,1991.680998756238,1991.680998756238,1991.680998756238,1991.680998756238,1991.680998756238,1991.680998756238,197.22362561753448,197.22362561753448,197.22362561753448,197.22362561753448,197.22362561753448,197.22362561753448,817.7088484214511,817.7088484214511,817.7088484214511,817.7088484214511,817.7088484214511,817.7088484214511,817.7088484214511,817.7088484214511,817.7088484214511,817.7088484214511,817.7088484214511,817.7088484214511,817.7088484214511,817.7088484214511,817.7088484214511,817.7088484214511,817.7088484214511,817.7088484214511,817.7088484214511,441.7200931513461,441.7200931513461,441.7200931513461,441.7200931513461,441.7200931513461,441.7200931513461,441.7200931513461,441.7200931513461,441.7200931513461,697.8868728994481,697.8868728994481,697.8868728994481,697.8868728994481,697.8868728994481,697.8868728994481,697.8868728994481,697.8868728994481,697.8868728994481,697.8868728994481,697.8868728994481,697.8868728994481,697.8868728994481,697.8868728994481,697.8868728994481,683.2634601015137,683.2634601015137,683.2634601015137,683.2634601015137,683.2634601015137,683.2634601015137,683.2634601015137,683.2634601015137,683.2634601015137,683.2634601015137,683.2634601015137,683.2634601015137,683.2634601015137,683.2634601015137,683.2634601015137,683.2634601015137,683.2634601015137,683.2634601015137,683.2634601015137,683.2634601015137,683.2634601015137,683.2634601015137,683.2634601015137,683.2634601015137,683.2634601015137,683.2634601015137,683.2634601015137,683.2634601015137,683.2634601015137,683.2634601015137,683.2634601015137
GwPercValue,1.47473869929457,1.4449131545001752,0.7766916204358879,0.7766916204358879,0.8181090517756692,0.6187671703146933,0.6187671703146933,1.1168901030638856,1.1168901030638856,1.1168901030638856,1.1168901030638856,1.1168901030638856,1.1168901030638856,1.1168901030638856,1.1168901030638856,1.1168901030638856,1.1168901030638856,1.1168901030638856,1.1168901030638856,1.1168901030638856,1.0462540247495256,1.0462540247495256,1.0462540247495256,1.0462540247495256,1.0462540247495256,1.0462540247495256,1.0462540247495256,1.0462540247495256,1.0462540247495256,1.6027228499927146,1.6027228499927146,1.6027228499927146,1.6027228499927146,1.5910402406261552,1.5910402406261552,1.5910402406261552,1.5910402406261552,1.5910402406261552,1.5910402406261552,1.5910402406261552,1.5910402406261552,1.5910402406261552,1.5910402406261552,1.5910402406261552,1.5910402406261552,1.5910402406261552,1.5910402406261552,1.5910402406261552,1.5910402406261552,1.5910402406261552,1.5910402406261552,1.5910402406261552,1.618688474783222,1.618688474783222,1.618688474783222,1.849551843251604,1.849551843251604,1.849551843251604,1.849551843251604,1.849551843251604,1.849551843251604,1.849551843251604,1.849551843251604,1.849551843251604,1.849551843251604,1.849551843251604,1.849551843251604,1.849551843251604,1.849551843251604,1.849551843251604,1.849551843251604,1.849551843251604,1.849551843251604,1.849551843251604,1.849551843251604,1.849551843251604,1.849551843251604,1.849551843251604,1.849551843251604,1.849551843251604,1.849551843251604,1.849551843251604,1.849551843251604,1.849551843251604,1.849551843251604,1.849551843251604,1.849551843251604,1.849551843251604,1.849551843251604,1.849551843251604,1.849551843251604,1.849551843251604,1.849551843251604,1.849551843251604,1.849551843251604,1.849551843251604,1.849551843251604,1.849551843251604,1.849551843251604,1.849551843251604,1.849551843251604,1.849551843251604,1.849551843251604,1.849551843251604,1.849551843251604,1.849551843251604,1.849551843251604,1.849551843251604,1.849551843251604,1.849551843251604,1.849551843251604,1.849551843251604,1.849551843251604,1.849551843251604,1.849551843251604,1.849551843251604
LZThreshold,28.67962583409484,18.83061065399816,18.83061065399816,18.83061065399816,26.83055419640968,26.83055419640968,28.052463155733925,16.78698873169541,16.78698873169541,16.78698873169541,16.78698873169541,14.026848645329244,14.026848645329244,14.026848645329244,14.026848645329244,14.026848645329244,14.026848645329244,6.434185224074952,6.434185224074952,5.408032681772088,5.408032681772088,5.408032681772088,5.408032681772088,5.408032681772088,5.408032681772088,5.347882677368832,0.0195103411244295,4.403657494569495,4.403657494569495,4.403657494569495,4.403657494569495,4.403657494569495,4.403657494569495,4.403657494569495,4.403657494569495,4.403657494569495,4.403657494569495,4.403657494569495,4.403657494569495,4.403657494569495,4.403657494569495,4.403657494569495,4.403657494569495,4.403657494569495,4.403657494569495,4.403657494569495,4.403657494569495,4.403657494569495,4.403657494569495,4.403657494569495,4.403657494569495,4.403657494569495,4.403657494569495,4.403657494569495,4.403657494569495,4.403657494569495,9.650940162403142,12.74195489028926,19.718913830866622,19.718913830866622,19.718913830866622,18.84761276269049,18.84761276269049,18.84761276269049,18.84761276269049,18.84761276269049,18.84761276269049,18.84761276269049,18.84761276269049,18.84761276269049,18.84761276269049,18.84761276269049,18.84761276269049,20.327811637704787,20.327811637704787,20.327811637704787,20.327811637704787,20.327811637704787,20.327811637704787,20.327811637704787,20.327811637704787,20.327811637704787,20.327811637704787,20.327811637704787,20.327811637704787,20.327811637704787,20.327811637704787,20.327811637704787,20.327811637704787,20.327811637704787,20.327811637704787,20.327811637704787,20.327811637704787,20.327811637704787,20.327811637704787,20.327811637704787,20.327811637704787,20.327811637704787,20.327811637704787,20.327811637704787,20.327811637704787,20.327811637704787,20.327811637704787,20.327811637704787,20.327811637704787,20.327811637704787,20.327811637704787,20.327811637704787,20.327811637704787,20.327811637704787,20.327811637704787,20.327811637704787,20.327811637704787,20.327811637704787,21.704449992725603,21.704449992725603
b_Xinanjiang,2.932745640651581,3.336889014777603,3.381238448916168,3.381238448916168,2.383649746343388,3.296452677240041,2.116431086189766,2.116431086189766,2.116431086189766,2.6806531306250183,2.6806531306250183,2.6806531306250183,2.6806531306250183,2.6806531306250183,1.9175689409264096,1.9175689409264096,1.5570899250164243,1.5570899250164243,1.5570899250164243,0.8860412817287098,0.8860412817287098,1.0236478137714995,1.0236478137714995,1.0236478137714995,1.4826315794536191,1.4826315794536191,1.4826315794536191,1.4826315794536191,1.4826315794536191,1.4826315794536191,1.4826315794536191,1.4826315794536191,1.4826315794536191,1.4826315794536191,1.4826315794536191,1.4826315794536191,1.4826315794536191,1.4826315794536191,1.4826315794536191,1.4826315794536191,1.4826315794536191,1.4826315794536191,1.4826315794536191,1.4826315794536191,1.4826315794536191,1.4826315794536191,1.4826315794536191,1.4826315794536191,1.4826315794536191,1.4826315794536191,1.4826315794536191,1.4826315794536191,1.4826315794536191,1.4826315794536191,1.4826315794536191,1.4826315794536191,1.4826315794536191,1.4826315794536191,1.4826315794536191,1.4826315794536191,1.4826315794536191,1.4826315794536191,1.1252725985433951,1.1252725985433951,1.1252725985433951,1.1252725985433951,1.1252725985433951,1.1252725985433951,1.1252725985433951,1.1252725985433951,1.1252725985433951,1.1252725985433951,1.1252725985433951,1.1252725985433951,1.1252725985433951,1.1252725985433951,1.1252725985433951,1.1252725985433951,1.1252725985433951,1.1252725985433951,1.1252725985433951,1.1252725985433951,1.1252725985433951,1.1252725985433951,1.1252725985433951,1.1252725985433951,1.1252725985433951,1.1252725985433951,1.1252725985433951,1.1252725985433951,1.1252725985433951,1.1252725985433951,1.1252725985433951,1.1252725985433951,1.1252725985433951,1.1252725985433951,1.1252725985433951,1.1252725985433951,1.1252725985433951,1.1252725985433951,1.1252725985433951,1.1252725985433951,1.1252725985433951,1.1252725985433951,1.1252725985433951,1.1252725985433951,1.1252725985433951,1.1252725985433951,1.1252725985433951,1.1252725985433951,1.1252725985433951,1.1252725985433951,1.1252725985433951,1.1252725985433951,1.1252725985433951,1.1252725985433953
PowerPrefFlow,0.9910476672951972,2.154961845696734,2.154961845696734,2.154844351082541,0.8871834002141061,0.8871834002141061,2.5323123508271954,2.5323123508271954,2.5323123508271954,1.0651337871326525,1.0651337871326525,1.0651337871326525,1.0651337871326525,0.8515081218605458,0.8515081218605458,0.8515081218605458,0.8515081218605458,0.8515081218605458,0.8515081218605458,0.8515081218605458,0.8515081218605458,0.8515081218605458,0.8515081218605458,0.6384502714169247,0.6384502714169247,0.6384502714169247,0.6384502714169247,0.6384502714169247,0.6384502714169247,0.6384502714169247,0.6384502714169247,0.6384502714169247,0.6384502714169247,0.6384502714169247,0.6384502714169247,0.6384502714169247,0.6384502714169247,0.6384502714169247,0.6384502714169247,0.6384502714169247,0.6384502714169247,0.6384502714169247,0.9752531421815204,0.9752531421815204,0.9752531421815204,0.9752531421815204,0.9752531421815204,0.9752531421815204,0.9752531421815204,0.9752531421815204,0.9752531421815204,0.9752531421815204,0.9752531421815204,0.9752531421815204,0.9752531421815204,0.9752531421815204,0.9752531421815204,0.9752531421815204,0.9752531421815204,0.9752531421815204,0.9752531421815204,0.9752531421815204,0.9752531421815204,0.9752531421815204,0.9752531421815204,0.9752531421815204,0.9752531421815204,0.9752531421815204,0.9752531421815204,0.9752531421815204,0.9752531421815204,0.9752531421815204,0.9752531421815204,0.9752531421815204,0.9752531421815204,0.9629574389412926,0.9629574389412926,0.9629574389412926,0.9629574389412926,0.9629574389412926,0.9629574389412926,0.9629574389412926,0.9629574389412926,0.9629574389412926,0.9629574389412926,0.9629574389412926,0.9629574389412926,0.9629574389412926,0.9629574389412926,0.9629574389412926,0.9629574389412926,0.9629574389412926,0.9629574389412926,0.9629574389412926,0.9629574389412926,0.9629574389412926,0.9629574389412926,0.9629574389412926,0.9629574389412926,0.9629574389412926,0.9629574389412926,0.9629574389412926,0.9629574389412926,0.9629574389412926,0.9629574389412926,0.9629574389412926,0.9629574389412926,0.9629574389412926,0.9629574389412926,0.9629574389412926,0.9629574389412926,0.9629574389412926,0.9629574389412926,0.9629574389412926,0.9629574389412926,0.9629574389412926
SnowMeltCoef,3.675248944532224,4.5,3.3211345361654487,4.131262091207449,4.131262091207449,4.131262091207449,4.131262091207449,4.131262091207449,4.131262091207449,4.131262091207449,2.908381695256314,2.545534518582776,2.545534518582776,2.545534518582776,2.545534518582776,2.545534518582776,2.545534518582776,2.698851956663768,3.938440606010871,4.626256886345047,4.626256886345047,4.626256886345047,4.626256886345047,4.626256886345047,4.626256886345047,4.626256886345047,4.711129163228539,4.711129163228539,4.711129163228539,4.711129163228539,4.711129163228539,4.711129163228539,4.711129163228539,4.711129163228539,4.711129163228539,4.711129163228539,4.711129163228539,2.577685995281742,2.577685995281742,2.577685995281742,2.577685995281742,2.577685995281742,2.577685995281742,2.577685995281742,2.577685995281742,2.577685995281742,2.577685995281742,2.577685995281742,2.577685995281742,2.577685995281742,3.134924951345502,3.134924951345502,3.134924951345502,3.134924951345502,3.134924951345502,3.305968203440196,3.305968203440196,3.305968203440196,3.305968203440196,3.305968203440196,3.305968203440196,3.305968203440196,3.305968203440196,3.305968203440196,3.305968203440196,3.305968203440196,3.305968203440196,3.305968203440196,3.305968203440196,3.305968203440196,3.305968203440196,3.305968203440196,3.305968203440196,3.305968203440196,3.305968203440196,3.305968203440196,3.305968203440196,3.305968203440196,3.305968203440196,3.305968203440196,3.305968203440196,3.305968203440196,3.305968203440196,3.305968203440196,3.305968203440196,3.305968203440196,3.305968203440196,3.305968203440196,3.305968203440196,3.305968203440196,3.305968203440196,3.305968203440196,3.305968203440196,3.305968203440196,3.305968203440196,3.305968203440196,3.305968203440196,3.305968203440196,3.305968203440196,3.305968203440196,3.305968203440196,3.305968203440196,3.305968203440196,3.305968203440196,3.305968203440196,3.305968203440196,3.305968203440196,3.305968203440196,3.305968203440196,3.305968203440196,3.305968203440196,3.305968203440196,3.305968203440196,3.305968203440196,3.305968203440196,3.3059682034401954
CalChanMan,1.3743108413208576,1.9919373177381323,1.9919373177381323,1.9919373177381323,1.9919373177381323,1.481858456607141,1.481858456607141,1.487981171196759,1.487981171196759,1.487981171196759,1.4595012137496814,1.3732960032478934,1.3732960032478934,1.3732960032478934,1.3732960032478934,1.3732960032478934,1.659881684457477,1.659881684457477,1.659881684457477,1.950162458694237,1.950162458694237,1.950162458694237,1.950162458694237,1.950162458694237,1.950162458694237,1.950162458694237,1.950162458694237,1.950162458694237,1.950162458694237,1.950162458694237,1.635545827962424,1.635545827962424,1.635545827962424,1.635545827962424,1.635545827962424,1.635545827962424,1.635545827962424,1.635545827962424,1.635545827962424,1.635545827962424,1.635545827962424,1.635545827962424,1.635545827962424,1.635545827962424,1.635545827962424,1.635545827962424,1.635545827962424,1.635545827962424,1.635545827962424,1.635545827962424,1.635545827962424,1.635545827962424,1.635545827962424,1.7802324609165667,1.7802324609165667,1.7802324609165667,1.7802324609165667,1.7802324609165667,1.7802324609165667,1.7802324609165667,1.7802324609165667,1.7802324609165667,1.7802324609165667,1.7802324609165667,1.7802324609165667,1.7802324609165667,1.7802324609165667,1.7802324609165667,1.7802324609165667,1.7802324609165667,1.7802324609165667,1.7802324609165667,1.7802324609165667,1.7802324609165667,1.7802324609165667,1.9066063497947137,1.9066063497947137,1.9066063497947137,1.9066063497947137,1.9066063497947137,1.9066063497947137,1.9066063497947137,1.9066063497947137,1.9066063497947137,1.9066063497947137,1.9066063497947137,1.9066063497947137,1.9066063497947137,1.9066063497947137,1.9066063497947137,1.9066063497947137,1.9066063497947137,1.9066063497947137,1.9066063497947137,1.9066063497947137,1.9066063497947137,1.9066063497947137,1.9066063497947137,1.9066063497947137,1.9066063497947137,1.9066063497947137,1.9066063497947137,1.9066063497947137,1.9066063497947137,1.9066063497947137,1.9066063497947137,1.9066063497947137,1.9066063497947137,1.9066063497947137,1.9066063497947137,1.9066063497947137,1.9066063497947137,1.9066063497947137,1.9066063497947137,1.9066063497947137,1.6622635028653288
CalChanMan2,0.8606680495767594,3.422267634404828,3.422267634404828,4.047053792885701,4.047053792885701,3.4581726951779497,3.4581726951779497,3.7377175823877806,4.957691684863064,4.644314065938254,4.644314065938254,4.644314065938254,4.644314065938254,4.187521391109272,2.5511525957952523,1.8284896208193784,1.8284896208193784,1.8284896208193784,1.8284896208193784,1.8284896208193784,3.041391513446748,4.135577524901882,4.135577524901882,4.135577524901882,4.135577524901882,4.629038056643084,4.629038056643084,4.869398673474089,4.869398673474089,4.735936842977043,4.735936842977043,4.098351468390613,4.098351468390613,4.098351468390613,4.098351468390613,4.098351468390613,4.098351468390613,4.098351468390613,4.098351468390613,4.098351468390613,4.098351468390613,4.098351468390613,4.098351468390613,4.098351468390613,3.769502777700185,3.769502777700185,3.769502777700185,3.769502777700185,3.769502777700185,3.769502777700185,3.769502777700185,3.769502777700185,3.769502777700185,3.769502777700185,3.769502777700185,3.769502777700185,3.769502777700185,3.769502777700185,3.769502777700185,3.769502777700185,3.769502777700185,3.769502777700185,3.769502777700185,3.769502777700185,3.769502777700185,3.769502777700185,3.769502777700185,3.769502777700185,3.769502777700185,3.769502777700185,3.769502777700185,3.769502777700185,3.769502777700185,3.769502777700185,3.769502777700185,3.769502777700185,3.769502777700185,4.489001464986248,4.489001464986248,4.489001464986248,4.489001464986248,4.489001464986248,4.489001464986248,4.489001464986248,4.489001464986248,4.489001464986248,4.489001464986248,4.489001464986248,4.489001464986248,4.489001464986248,4.489001464986248,4.489001464986248,4.489001464986248,4.489001464986248,4.489001464986248,4.489001464986248,4.489001464986248,4.489001464986248,4.489001464986248,4.489001464986248,4.489001464986248,4.489001464986248,4.489001464986248,4.489001464986248,4.489001464986248,2.638929040188632,2.638929040188632,2.638929040188632,2.638929040188632,2.638929040188632,2.638929040188632,2.638929040188632,2.638929040188632,2.638929040188632,2.638929040188632,2.638929040188632
LakeMultiplier,0.6688858102038712,0.9411619120967638,1.13954912528252,1.037825642607803,0.6858440022173897,0.522659394433137,0.522659394433137,0.7182562945510746,0.7182562945510746,0.7182562945510746,0.9920348930107552,0.9920348930107552,0.9920348930107552,1.1807686405444104,1.4303042072314196,1.4303042072314196,1.4303042072314196,1.2644345608661376,1.2005306745215825,1.7036486064504777,1.7036486064504777,1.7649985047404435,1.5512811501021904,1.5786501750885322,1.5786501750885322,1.5786501750885322,1.5786501750885322,1.5786501750885322,1.2758826256525464,1.2758826256525464,1.2758826256525464,1.2758826256525464,1.2758826256525464,1.2758826256525464,1.2758826256525464,1.2758826256525464,1.2758826256525464,1.2758826256525464,1.2758826256525464,1.0775627012901,1.0775627012901,1.0775627012901,1.0775627012901,1.0775627012901,1.0775627012901,1.0775627012901,1.0775627012901,1.0775627012901,1.0775627012901,1.0775627012901,1.0775627012901,1.0775627012901,1.0775627012901,1.0775627012901,1.0775627012901,1.0775627012901,1.0775627012901,1.019073571138282,1.019073571138282,1.019073571138282,1.019073571138282,0.6709593706999297,0.6709593706999297,0.6709593706999297,0.6709593706999297,0.6709593706999297,0.6709593706999297,0.6709593706999297,0.6709593706999297,0.9236427688476238,0.9236427688476238,0.9236427688476238,0.9236427688476238,0.9236427688476238,0.9236427688476238,0.9236427688476238,0.9236427688476238,0.9236427688476238,0.9236427688476238,0.9236427688476238,0.9236427688476238,0.9236427688476238,0.9236427688476238,0.9236427688476238,0.9236427688476238,0.9236427688476238,0.9236427688476238,0.9236427688476238,0.9236427688476238,0.9236427688476238,0.9236427688476238,0.9236427688476238,0.9236427688476238,0.9236427688476238,0.9236427688476238,0.9236427688476238,0.9236427688476238,0.868099426980287,0.868099426980287,0.868099426980287,0.868099426980287,0.868099426980287,0.868099426980287,1.1833578017664892,1.1833578017664892,1.1833578017664892,1.1833578017664892,1.1833578017664892,1.1833578017664892,1.1833578017664892,1.1833578017664892,1.0307871634617802,1.0307871634617802,1.0307871634617802,1.0307871634617802,1.0307871634617802
adjust_Normal_Flood,0.1430891356877378,0.5030310814752595,0.5030310814752595,0.5030310814752595,0.5030310814752595,0.5030310814752595,0.5030310814752595,0.5030310814752595,0.5030310814752595,0.5030310814752595,0.0167997158092955,0.0167997158092955,0.1172761921940591,0.1172761921940591,0.073059494603114,0.03846030779267,0.03846030779267,0.0594746783500747,0.3965572429472596,0.3965572429472596,0.3965572429472596,0.3965572429472596,0.4833015558872378,0.4833015558872378,0.4833015558872378,0.4833015558872378,0.4833015558872378,0.5887571377076664,0.5887571377076664,0.5887571377076664,0.5887571377076664,0.7214822693493683,0.8181060281153045,0.8181060281153045,0.8181060281153045,0.9898657658378316,0.9898657658378316,0.9898657658378316,0.843608127137147,0.843608127137147,0.843608127137147,0.843608127137147,0.843608127137147,0.843608127137147,0.817820181293674,0.817820181293674,0.817820181293674,0.9870840980741395,0.9870840980741395,0.9870840980741395,0.9870840980741395,0.9870840980741395,0.9870840980741395,0.9870840980741395,0.9870840980741395,0.9870840980741395,0.9870840980741395,0.9870840980741395,0.9870840980741395,0.9870840980741395,0.9870840980741395,0.9870840980741395,0.9870840980741395,0.9870840980741395,0.9870840980741395,0.9870840980741395,0.9870840980741395,0.9870840980741395,0.9870840980741395,0.9870840980741395,0.9870840980741395,0.9870840980741395,0.9870840980741395,0.9870840980741395,0.6589210874633018,0.6752081565300831,0.6752081565300831,0.6752081565300831,0.6752081565300831,0.6752081565300831,0.6752081565300831,0.6752081565300831,0.6752081565300831,0.6752081565300831,0.6752081565300831,0.6752081565300831,0.6752081565300831,0.6752081565300831,0.6752081565300831,0.6752081565300831,0.6752081565300831,0.6752081565300831,0.6752081565300831,0.6752081565300831,0.6752081565300831,0.6752081565300831,0.6752081565300831,0.6752081565300831,0.6752081565300831,0.6752081565300831,0.4912599618992168,0.4912599618992168,0.3562789126779576,0.3562789126779576,0.3562789126779576,0.3562789126779576,0.3562789126779576,0.3562789126779576,0.3562789126779576,0.3562789126779576,0.3562789126779576,0.3562789126779576,0.3562789126779576,0.3562789126779576,0.3562789126779576,0.35627891267795764
ReservoirRnormqMult,0.4204429075172665,0.8998926779471569,0.568954723084657,0.2520643650056546,0.7513937961126368,0.7513937961126368,0.88572193773738,0.8510003309150194,0.8510003309150194,0.8510003309150194,1.070846048767246,1.1706966826434115,1.1706966826434115,1.5186468535399746,1.5186468535399746,1.5186468535399746,1.5186468535399746,1.8190676270231456,1.8190676270231456,1.8190676270231456,1.8190676270231456,1.85908539798172,1.85908539798172,1.85908539798172,1.85908539798172,1.85908539798172,1.85908539798172,1.85908539798172,1.85908539798172,1.85908539798172,1.85908539798172,1.6124099273722343,1.6124099273722343,1.6124099273722343,1.6124099273722343,1.6124099273722343,1.6124099273722343,1.6124099273722343,1.6124099273722343,1.6124099273722343,1.6124099273722343,1.6124099273722343,1.6124099273722343,1.6124099273722343,1.6124099273722343,1.6124099273722343,1.6682069582750343,1.6682069582750343,1.6682069582750343,1.6682069582750343,1.6682069582750343,1.6682069582750343,1.6682069582750343,1.6682069582750343,1.6682069582750343,1.6682069582750343,1.6682069582750343,1.6682069582750343,1.6682069582750343,1.6682069582750343,1.6682069582750343,1.6682069582750343,1.6682069582750343,1.6682069582750343,1.6682069582750343,1.6682069582750343,1.6682069582750343,1.6682069582750343,1.6682069582750343,1.6682069582750343,1.6682069582750343,1.6682069582750343,1.6682069582750343,1.6682069582750343,1.6682069582750343,1.6682069582750343,1.6682069582750343,1.8331079378124204,1.8331079378124204,1.8331079378124204,1.8331079378124204,1.8331079378124204,1.8331079378124204,1.8331079378124204,1.8331079378124204,1.8331079378124204,1.8331079378124204,1.8331079378124204,1.8331079378124204,1.8331079378124204,1.8331079378124204,1.8331079378124204,1.8331079378124204,1.8331079378124204,1.8331079378124204,1.8331079378124204,1.8331079378124204,1.8331079378124204,1.8331079378124204,1.8331079378124204,1.8331079378124204,1.8331079378124204,1.8331079378124204,1.8331079378124204,1.8331079378124204,1.8331079378124204,1.8331079378124204,1.8331079378124204,1.8331079378124204,1.8331079378124204,1.5299280097362529,1.5299280097362529,1.5299280097362529,1.6230775305783762,1.6230775305783762,1.6230775305783762
AvWaterRateThreshold,95.42648167693062,30.466543932429232,5.941615011105636,5.941615011105636,20.96854023651425,20.96854023651425,42.13741855770475,42.13741855770475,42.13741855770475,42.13741855770475,42.13741855770475,42.13741855770475,42.13741855770475,42.13741855770475,42.13741855770475,42.13741855770475,50.42216221443019,50.42216221443019,50.42216221443019,50.42216221443019,50.42216221443019,50.42216221443019,50.42216221443019,79.19446373127532,84.33503097110354,84.33503097110354,84.33503097110354,84.33503097110354,84.33503097110354,84.33503097110354,84.33503097110354,84.33503097110354,84.0689362361723,84.0689362361723,84.0689362361723,84.0689362361723,38.32116795209975,38.32116795209975,38.32116795209975,38.32116795209975,38.32116795209975,38.32116795209975,38.32116795209975,38.32116795209975,38.32116795209975,38.32116795209975,38.32116795209975,38.32116795209975,38.32116795209975,38.32116795209975,38.32116795209975,38.32116795209975,38.32116795209975,38.32116795209975,38.32116795209975,38.32116795209975,38.32116795209975,38.32116795209975,77.2297151094605,77.2297151094605,77.2297151094605,77.2297151094605,77.2297151094605,77.2297151094605,77.2297151094605,77.2297151094605,77.2297151094605,77.2297151094605,77.2297151094605,77.2297151094605,77.2297151094605,77.2297151094605,77.2297151094605,77.2297151094605,77.2297151094605,77.2297151094605,77.2297151094605,77.2297151094605,77.2297151094605,77.2297151094605,77.2297151094605,77.2297151094605,77.2297151094605,77.2297151094605,77.2297151094605,77.2297151094605,77.2297151094605,77.2297151094605,77.2297151094605,77.2297151094605,77.2297151094605,77.2297151094605,77.2297151094605,77.2297151094605,77.2297151094605,77.2297151094605,77.2297151094605,77.2297151094605,77.2297151094605,77.2297151094605,77.2297151094605,77.2297151094605,77.2297151094605,77.2297151094605,77.2297151094605,77.2297151094605,77.2297151094605,77.2297151094605,77.2297151094605,77.2297151094605,77.2297151094605,77.2297151094605,97.29977645395282,97.29977645395282,97.29977645395282,97.29977645395282
QSplitMult,11.887062533775287,9.042366162204502,9.042366162204502,9.042366162204502,11.97267204723201,11.97267204723201,16.132621903908806,16.24924123303509,15.245413407886446,15.245413407886446,11.261910172647298,11.261910172647298,17.92747692179351,17.92747692179351,17.92747692179351,17.362919400294036,17.362919400294036,19.421611508930496,19.421611508930496,19.421611508930496,14.269332308944325,14.269332308944325,14.269332308944325,14.269332308944325,14.269332308944325,14.269332308944325,14.269332308944325,10.489343827850831,10.489343827850831,10.489343827850831,10.489343827850831,10.489343827850831,10.489343827850831,10.489343827850831,6.500519619980655,6.500519619980655,6.500519619980655,9.27072724621227,9.27072724621227,9.27072724621227,9.27072724621227,9.27072724621227,9.27072724621227,9.27072724621227,9.27072724621227,9.27072724621227,9.27072724621227,9.27072724621227,9.27072724621227,9.27072724621227,9.27072724621227,9.27072724621227,9.27072724621227,5.493782990332118,5.493782990332118,5.493782990332118,5.493782990332118,5.493782990332118,5.493782990332118,5.493782990332118,5.493782990332118,5.493782990332118,5.493782990332118,5.493782990332118,5.493782990332118,5.493782990332118,5.493782990332118,5.493782990332118,5.493782990332118,5.493782990332118,5.493782990332118,5.493782990332118,5.493782990332118,5.493782990332118,5.493782990332118,5.493782990332118,5.493782990332118,1.1841715211201418,1.1841715211201418,1.1841715211201418,1.1841715211201418,1.1841715211201418,1.1841715211201418,2.0913941332652795,2.0913941332652795,2.0913941332652795,2.0913941332652795,2.0913941332652795,2.0913941332652795,2.0913941332652795,2.0913941332652795,2.0913941332652795,2.0913941332652795,2.0913941332652795,2.0913941332652795,2.0913941332652795,3.022891413485569,3.022891413485569,3.022891413485569,3.022891413485569,3.022891413485569,6.6658900197356665,6.6658900197356665,6.6658900197356665,6.6658900197356665,6.6658900197356665,6.6658900197356665,6.6658900197356665,6.6658900197356665,6.6658900197356665,6.6658900197356665,6.6658900197356665,6.6658900197356665,6.6658900197356665,6.6658900197356665,6.6658900197356665
ChanBottomWMult,1.474495942128084,1.1873687902659025,0.0125811600947178,0.0125811600947178,0.1783631191791663,0.4560434460288131,0.4560434460288131,0.7057580089473574,0.7057580089473574,0.6676299936043827,0.6676299936043827,1.2227633211836042,1.2227633211836042,1.2227633211836042,1.2227633211836042,1.2227633211836042,1.2227633211836042,1.2227633211836042,1.2227633211836042,1.2227633211836042,1.2227633211836042,1.2227633211836042,1.2227633211836042,1.2227633211836042,1.2227633211836042,2.3270770168887447,2.3270770168887447,2.3270770168887447,2.0178007690561874,2.0178007690561874,2.0178007690561874,2.0178007690561874,2.0178007690561874,2.0178007690561874,2.0178007690561874,2.0178007690561874,1.6262617433299964,1.6262617433299964,1.6262617433299964,1.6262617433299964,1.6262617433299964,1.6262617433299964,1.6262617433299964,0.8372535025157362,0.8372535025157362,0.8372535025157362,0.8372535025157362,0.8372535025157362,0.8372535025157362,0.8372535025157362,0.8372535025157362,0.8372535025157362,0.8372535025157362,0.8372535025157362,0.8372535025157362,0.8372535025157362,0.8372535025157362,0.8372535025157362,0.8372535025157362,0.8372535025157362,0.8372535025157362,0.8372535025157362,0.8372535025157362,0.8372535025157362,0.8372535025157362,0.8372535025157362,0.8372535025157362,0.8372535025157362,0.8372535025157362,0.8372535025157362,0.8372535025157362,0.8372535025157362,0.8372535025157362,0.8372535025157362,0.8372535025157362,0.8372535025157362,0.7664599349022764,0.4241735400793782,0.4241735400793782,0.4241735400793782,0.4241735400793782,0.4241735400793782,0.4241735400793782,0.4241735400793782,0.7214088606560916,1.129588552609966,1.129588552609966,1.129588552609966,1.129588552609966,1.129588552609966,1.129588552609966,1.129588552609966,1.129588552609966,1.129588552609966,0.972204469593268,0.972204469593268,0.972204469593268,0.972204469593268,0.972204469593268,0.972204469593268,0.972204469593268,0.972204469593268,0.972204469593268,0.972204469593268,0.972204469593268,0.972204469593268,0.972204469593268,0.972204469593268,0.8333410256894753,0.8333410256894753,0.8333410256894753,0.8333410256894753,0.8333410256894753,0.8333410256894753,0.8333410256894753,0.8333410256894753
ChanDepthTMult,1.187900375379896,3.8483006232187855,3.8483006232187855,3.655678065024372,3.655678065024372,3.655678065024372,1.673227768686488,1.673227768686488,1.8526560718048068,1.8526560718048068,1.8526560718048068,0.8629371616411903,0.8617470339688287,0.8617470339688287,1.599534567006602,2.5989322719000807,2.5989322719000807,2.5989322719000807,2.5989322719000807,2.5989322719000807,1.909603795027477,1.909603795027477,1.909603795027477,1.552175691667264,1.552175691667264,1.1277406743426508,1.1277406743426508,1.1277406743426508,1.1277406743426508,1.1277406743426508,1.1277406743426508,1.1277406743426508,1.1277406743426508,1.4890285012040496,1.4890285012040496,1.4890285012040496,1.4890285012040496,1.4890285012040496,1.4890285012040496,1.5391032559094475,1.5391032559094475,1.5391032559094475,1.5391032559094475,1.5391032559094475,1.4165764153073903,1.4165764153073903,1.4165764153073903,1.4165764153073903,1.4165764153073903,1.4165764153073903,1.4165764153073903,1.4165764153073903,1.4165764153073903,1.4165764153073903,1.4165764153073903,1.4165764153073903,1.4165764153073903,1.4165764153073903,1.4165764153073903,1.4165764153073903,1.4165764153073903,1.4165764153073903,1.4165764153073903,1.4165764153073903,1.4165764153073903,1.4165764153073903,1.4165764153073903,1.4165764153073903,1.4165764153073903,1.4165764153073903,1.4165764153073903,1.4165764153073903,1.4165764153073903,1.4165764153073903,1.4165764153073903,1.4165764153073903,1.4165764153073903,1.4165764153073903,1.4165764153073903,1.4165764153073903,1.4165764153073903,1.4165764153073903,1.4165764153073903,1.4165764153073903,1.4165764153073903,1.4165764153073903,1.4165764153073903,1.4165764153073903,1.4165764153073903,1.4165764153073903,1.4165764153073903,1.4165764153073903,1.4165764153073903,1.4165764153073903,1.4165764153073903,1.4165764153073903,1.4165764153073903,1.4165764153073903,1.4165764153073903,1.4165764153073903,1.4165764153073903,1.4165764153073903,1.4165764153073903,1.4165764153073903,1.4165764153073903,1.4165764153073903,1.4165764153073903,1.4165764153073903,1.4165764153073903,1.4165764153073903,1.4165764153073903,1.4165764153073903,1.4165764153073903,1.4165764153073903,1.4165764153073903,1.4165764153073903
ChanSMult,2.38971073070188,2.07785160923762,2.07785160923762,2.833148580992336,3.0498273548195685,3.0498273548195685,2.836608376984238,1.0795144546946482,1.0795144546946482,1.0795144546946482,1.0795144546946482,0.1230305264739684,0.0163114110869087,0.0163114110869087,0.0163114110869087,0.0163114110869087,0.0163114110869087,0.0163114110869087,0.0163114110869087,0.0163114110869087,0.0163114110869087,0.0163114110869087,0.0163114110869087,0.0163114110869087,0.0163114110869087,0.0163114110869087,0.0163114110869087,0.1082173878050112,0.1082173878050112,0.305572560829436,0.305572560829436,0.305572560829436,0.2536569217160003,0.2536569217160003,0.2536569217160003,0.2536569217160003,0.2536569217160003,0.2536569217160003,0.2536569217160003,0.2536569217160003,0.2536569217160003,0.2536569217160003,0.2536569217160003,0.2536569217160003,0.6726357814907564,0.6726357814907564,0.6726357814907564,0.6726357814907564,0.6726357814907564,0.6726357814907564,0.6726357814907564,0.6726357814907564,0.6726357814907564,0.6726357814907564,0.6726357814907564,0.6726357814907564,0.6726357814907564,0.6726357814907564,0.6726357814907564,0.6726357814907564,0.6726357814907564,0.6726357814907564,0.6726357814907564,0.6726357814907564,0.6726357814907564,0.6726357814907564,0.7003039179161848,0.256526915557572,0.256526915557572,0.256526915557572,0.256526915557572,0.256526915557572,0.256526915557572,0.256526915557572,0.256526915557572,0.256526915557572,0.256526915557572,0.256526915557572,0.256526915557572,0.9645757437972612,0.9645757437972612,0.9645757437972612,0.9645757437972612,0.9645757437972612,0.9645757437972612,0.9645757437972612,0.9645757437972612,0.9645757437972612,1.6078731796947738,1.6078731796947738,1.6078731796947738,1.6078731796947738,1.6078731796947738,1.6078731796947738,1.6078731796947738,1.6078731796947738,1.6078731796947738,1.6078731796947738,1.6078731796947738,1.6078731796947738,1.6078731796947738,1.6078731796947738,1.6078731796947738,1.6078731796947738,1.6078731796947738,1.6078731796947738,1.6078731796947738,1.6078731796947738,1.6078731796947738,2.370238471082526,2.370238471082526,2.370238471082526,2.370238471082526,2.370238471082526,2.370238471082526,2.370238471082526
GwLoss,0.0,0.0,0.0,0.0,0.0,0.0,0.0,0.0,0.0,0.0,0.0,0.0,0.0,0.0,0.0,0.0,0.0,0.0,0.0,0.0,0.0,0.0,0.0,0.0,0.0,0.0,0.0,0.0,0.0,0.0,0.0,0.0,0.0,0.0,0.0,0.0,0.0,0.0,0.0,0.0,0.0,0.0,0.0,0.0,0.0,0.0,0.0,0.0,0.0,0.0,0.0,0.0,0.0,0.0,0.0,0.0,0.0,0.0,0.0,0.0,0.0,0.0,0.0,0.0,0.0,0.0,0.0,0.0,0.0,0.0,0.0,0.0,0.0,0.0,0.0,0.0,0.0,0.0,0.0,0.0,0.0,0.0,0.0,0.0,0.0,0.0,0.0,0.0,0.0,0.0,0.0,0.0,0.0,0.0,0.0,0.0,0.0,0.0,0.0,0.0,0.0,0.0,0.0,0.0,0.0,0.0,0.0,0.0,0.0,0.0,0.0,0.0,0.0,0.0,0.0,0.0
fracirrigated,0.3828214597512155,0.2217205826517637,0.2711573753084693,0.3714220921973163,0.3714220921973163,0.3714220921973163,0.4334110561308771,0.412903385819041,0.5220716623090553,0.5220716623090553,0.5220716623090553,0.5220716623090553,0.5220716623090553,0.5220716623090553,0.5220716623090553,0.8589842388257884,0.8589842388257884,0.8589842388257884,0.8589842388257884,0.8589842388257884,0.864789619909943,0.864789619909943,0.864789619909943,0.864789619909943,0.864789619909943,0.864789619909943,0.864789619909943,0.8012801466148245,0.8012801466148245,0.8012801466148245,0.8012801466148245,0.8012801466148245,0.9695899725505184,0.9695899725505184,0.8710230432108433,0.8710230432108433,0.8368531378972088,0.8368531378972088,0.7704687692378103,0.7704687692378103,0.7704687692378103,0.7704687692378103,0.7704687692378103,0.7704687692378103,0.7704687692378103,0.7704687692378103,0.7704687692378103,0.7704687692378103,0.7704687692378103,0.7704687692378103,0.7704687692378103,0.7704687692378103,0.7704687692378103,0.7704687692378103,0.7704687692378103,0.7704687692378103,0.7704687692378103,0.7704687692378103,0.7704687692378103,0.7704687692378103,0.7704687692378103,0.7704687692378103,0.7704687692378103,0.7704687692378103,0.7704687692378103,0.7704687692378103,0.7704687692378103,0.7704687692378103,0.7704687692378103,0.7704687692378103,0.7704687692378103,0.7704687692378103,0.7704687692378103,0.7704687692378103,0.7704687692378103,0.7704687692378103,0.1027373266396065,0.1027373266396065,0.1027373266396065,0.1027373266396065,0.1027373266396065,0.1027373266396065,0.1027373266396065,0.1027373266396065,0.1027373266396065,0.1027373266396065,0.1027373266396065,0.1027373266396065,0.1027373266396065,0.1027373266396065,0.1027373266396065,0.1027373266396065,0.1027373266396065,0.1027373266396065,0.1027373266396065,0.1027373266396065,0.1027373266396065,0.1027373266396065,0.0283653102377194,0.0283653102377194,0.0283653102377194,0.0283653102377194,0.0283653102377194,0.0283653102377194,0.0283653102377194,0.0283653102377194,0.0283653102377194,0.0283653102377194,0.0283653102377194,0.0283653102377194,0.0283653102377194,0.0283653102377194,0.0283653102377194,0.0283653102377194,0.0283653102377194,0.028365310237719446
fracforest,0.0905412501397981,0.5729983767403192,0.5359115972459402,0.8806252276371073,0.6877648532570286,0.6877648532570286,0.5692961554367149,0.5692961554367149,0.5692961554367149,0.5692961554367149,0.5692961554367149,0.2161271090168324,0.2161271090168324,0.2161271090168324,0.3867154948577865,0.3867154948577865,0.3867154948577865,0.3867154948577865,0.3867154948577865,0.3867154948577865,0.0322967749864089,0.4024969445331267,0.4024969445331267,0.4024969445331267,0.2808610454593955,0.2808610454593955,0.2808610454593955,0.2808610454593955,0.2808610454593955,0.2808610454593955,0.2808610454593955,0.2808610454593955,0.2808610454593955,0.2808610454593955,0.2808610454593955,0.2808610454593955,0.2808610454593955,0.2808610454593955,0.2808610454593955,0.2808610454593955,0.2808610454593955,0.0510897605391718,0.0510897605391718,0.0510897605391718,0.0510897605391718,0.0510897605391718,0.0510897605391718,0.0510897605391718,0.0510897605391718,0.1289847051692861,0.1289847051692861,0.1289847051692861,0.1289847051692861,0.1289847051692861,0.1289847051692861,0.1289847051692861,0.1289847051692861,0.1289847051692861,0.1289847051692861,0.1289847051692861,0.1289847051692861,0.1289847051692861,0.1289847051692861,0.1289847051692861,0.1289847051692861,0.1289847051692861,0.1289847051692861,0.1289847051692861,0.1289847051692861,0.1289847051692861,0.1289847051692861,0.1289847051692861,0.1289847051692861,0.1289847051692861,0.1289847051692861,0.1289847051692861,0.1289847051692861,0.1289847051692861,0.1289847051692861,0.1289847051692861,0.1289847051692861,0.1289847051692861,0.019557333294307,0.019557333294307,0.019557333294307,0.019557333294307,0.019557333294307,0.023625064439654,0.023625064439654,0.023625064439654,0.023625064439654,0.023625064439654,0.023625064439654,0.023625064439654,0.023625064439654,0.023625064439654,0.023625064439654,0.023625064439654,0.023625064439654,0.023625064439654,0.023625064439654,0.023625064439654,0.023625064439654,0.023625064439654,0.023625064439654,0.023625064439654,0.023625064439654,0.023625064439654,0.023625064439654,0.023625064439654,0.023625064439654,0.023625064439654,0.023625064439654,0.023625064439654,0.023625064439654,0.023625064439654002
fracrice,0.3249988754982984,0.6662482719058045,0.6662482719058045,0.7853216455526637,0.4628324563379237,0.4628324563379237,0.1063152564986051,0.1063152564986051,0.0438663786551811,0.0438663786551811,0.3174017882924228,0.3174017882924228,0.3184196351327211,0.3184196351327211,0.3184196351327211,0.3184196351327211,0.0889441343978968,0.2113350833696266,0.2113350833696266,0.2113350833696266,0.2113350833696266,0.2113350833696266,0.1297655341534626,0.0585164378282476,0.0585164378282476,0.0585164378282476,0.0585164378282476,0.0585164378282476,0.0585164378282476,0.0585164378282476,0.0585164378282476,0.0585164378282476,0.0585164378282476,0.0585164378282476,0.0585164378282476,0.0585164378282476,0.3041679380874541,0.3041679380874541,0.3041679380874541,0.3041679380874541,0.3041679380874541,0.3041679380874541,0.3041679380874541,0.3041679380874541,0.5699973580494746,0.5699973580494746,0.5699973580494746,0.7200568503119481,0.7200568503119481,0.7200568503119481,0.9886786361950032,0.9886786361950032,0.9886786361950032,0.9886786361950032,0.9886786361950032,0.9886786361950032,0.9886786361950032,0.9886786361950032,0.9886786361950032,0.9886786361950032,0.8488865264880419,0.8488865264880419,0.8488865264880419,0.8488865264880419,0.8488865264880419,0.8488865264880419,0.8488865264880419,0.8488865264880419,0.8782333774810982,0.8782333774810982,0.8782333774810982,0.8782333774810982,0.8782333774810982,0.8782333774810982,0.8782333774810982,0.8782333774810982,0.8782333774810982,0.8782333774810982,0.691304382720364,0.691304382720364,0.691304382720364,0.691304382720364,0.691304382720364,0.691304382720364,0.691304382720364,0.691304382720364,0.691304382720364,0.691304382720364,0.691304382720364,0.691304382720364,0.691304382720364,0.691304382720364,0.691304382720364,0.691304382720364,0.691304382720364,0.691304382720364,0.691304382720364,0.691304382720364,0.691304382720364,0.691304382720364,0.691304382720364,0.691304382720364,0.691304382720364,0.691304382720364,0.691304382720364,0.691304382720364,0.691304382720364,0.691304382720364,0.691304382720364,0.691304382720364,0.691304382720364,0.691304382720364,0.691304382720364,0.691304382720364,0.691304382720364,0.691304382720364
fracother,0.2458408988837514,0.713370327328146,0.469128515289576,0.5320891090961779,0.5320891090961779,0.5430919861222486,0.3023322239599667,0.3023322239599667,0.5381565941275469,0.5381565941275469,0.3475470923709615,0.5299782093577421,0.4615237228536514,0.439033343700161,0.3854087527613584,0.323375590991989,0.2628108344878562,0.2628108344878562,0.2628108344878562,0.2628108344878562,0.2628108344878562,0.2628108344878562,0.2628108344878562,0.2628108344878562,0.2628108344878562,0.4580288913997873,0.4580288913997873,0.4580288913997873,0.5604559375244323,0.5604559375244323,0.2778547217393587,0.2778547217393587,0.2778547217393587,0.2778547217393587,0.2778547217393587,0.2778547217393587,0.2778547217393587,0.2778547217393587,0.2778547217393587,0.2778547217393587,0.2763710462980128,0.2763710462980128,0.2763710462980128,0.2763710462980128,0.2763710462980128,0.2763710462980128,0.1734574962007964,0.1734574962007964,0.1734574962007964,0.1734574962007964,0.1734574962007964,0.1734574962007964,0.1734574962007964,0.1734574962007964,0.1734574962007964,0.1734574962007964,0.1734574962007964,0.1734574962007964,0.1734574962007964,0.1734574962007964,0.1734574962007964,0.1734574962007964,0.1734574962007964,0.1128990991286399,0.1128990991286399,0.0623962395121994,0.0623962395121994,0.0623962395121994,0.0623962395121994,0.0623962395121994,0.0623962395121994,0.0623962395121994,0.0623962395121994,0.0623962395121994,0.0623962395121994,0.0623962395121994,0.0623962395121994,0.0623962395121994,0.0623962395121994,0.3763138070434476,0.3763138070434476,0.3763138070434476,0.3763138070434476,0.3763138070434476,0.3763138070434476,0.3763138070434476,0.3763138070434476,0.3763138070434476,0.3763138070434476,0.2669316472174962,0.2669316472174962,0.2669316472174962,0.2669316472174962,0.2669316472174962,0.2669316472174962,0.2669316472174962,0.2669316472174962,0.2669316472174962,0.2669316472174962,0.2669316472174962,0.2669316472174962,0.2669316472174962,0.2669316472174962,0.2669316472174962,0.2669316472174962,0.2669316472174962,0.2669316472174962,0.2669316472174962,0.2669316472174962,0.2669316472174962,0.2669316472174962,0.2669316472174962,0.2669316472174962,0.2669316472174962,0.2669316472174962,0.26693164721749624
fracsealed,0.9036511754966308,0.6249063317504694,0.3115390923293418,0.6993098345565408,0.8856440616219554,0.9362593363552524,0.9362593363552524,0.9110510272440608,0.8867680257522808,0.8867680257522808,0.8419904149186778,0.8419904149186778,0.8419904149186778,0.8419904149186778,0.9351122073793344,0.9351122073793344,0.9351122073793344,0.6005978102335154,0.6005978102335154,0.6005978102335154,0.6005978102335154,0.6005978102335154,0.6005978102335154,0.6005978102335154,0.6005978102335154,0.6005978102335154,0.5615501562557949,0.5615501562557949,0.5615501562557949,0.5615501562557949,0.5615501562557949,0.5615501562557949,0.5615501562557949,0.5615501562557949,0.5615501562557949,0.5615501562557949,0.5615501562557949,0.4893793726266144,0.4893793726266144,0.4893793726266144,0.4893793726266144,0.4893793726266144,0.4893793726266144,0.4893793726266144,0.4893793726266144,0.4893793726266144,0.4955000363901932,0.4955000363901932,0.4955000363901932,0.4955000363901932,0.652876704365096,0.652876704365096,0.7042270785033053,0.7042270785033053,0.8608997794534811,0.8608997794534811,0.8608997794534811,0.8608997794534811,0.9316046170816022,0.9316046170816022,0.9316046170816022,0.9316046170816022,0.9316046170816022,0.9316046170816022,0.7309005860846811,0.7309005860846811,0.7309005860846811,0.7309005860846811,0.7309005860846811,0.9836364898292924,0.9836364898292924,0.9836364898292924,0.9836364898292924,0.9836364898292924,0.9836364898292924,0.9836364898292924,0.9836364898292924,0.9836364898292924,0.9836364898292924,0.9836364898292924,0.9836364898292924,0.9836364898292924,0.9836364898292924,0.9836364898292924,0.9836364898292924,0.9836364898292924,0.9836364898292924,0.9836364898292924,0.9836364898292924,0.9836364898292924,0.9836364898292924,0.9836364898292924,0.9836364898292924,0.7803510380569205,0.7803510380569205,0.7803510380569205,0.7803510380569205,0.7803510380569205,0.7803510380569205,0.7803510380569205,0.7803510380569205,0.7803510380569205,0.7803510380569205,0.7803510380569205,0.7803510380569205,0.7803510380569205,0.7803510380569205,0.7803510380569205,0.7803510380569205,0.7803510380569205,0.7803510380569205,0.7803510380569205,0.7803510380569205,0.7803510380569205,0.7803510380569205,0.7803510380569205
fracwater,0.5396766734927249,0.58169003842308,0.5389227346390348,0.5192334339266804,0.3648284678188639,0.3648284678188639,0.3648284678188639,0.2516649070178094,0.2516649070178094,0.2516649070178094,0.1118873975486252,0.1118873975486252,0.0737905739455897,0.0737905739455897,0.1595660430585456,0.1595660430585456,0.1595660430585456,0.1595660430585456,0.1595660430585456,0.1595660430585456,0.1595660430585456,0.1595660430585456,0.2096439256100038,0.2096439256100038,0.2096439256100038,0.2096439256100038,0.2350159788472505,0.3077716839258145,0.5984940683946081,0.5984940683946081,0.544769392090097,0.544769392090097,0.544769392090097,0.544769392090097,0.544769392090097,0.8722803999175004,0.8722803999175004,0.8722803999175004,0.8722803999175004,0.8722803999175004,0.8722803999175004,0.8722803999175004,0.8722803999175004,0.8722803999175004,0.8722803999175004,0.8722803999175004,0.8722803999175004,0.8722803999175004,0.892743259072281,0.892743259072281,0.892743259072281,0.892743259072281,0.892743259072281,0.892743259072281,0.892743259072281,0.892743259072281,0.892743259072281,0.892743259072281,0.892743259072281,0.7022765960285724,0.7022765960285724,0.7022765960285724,0.7022765960285724,0.7022765960285724,0.7022765960285724,0.7022765960285724,0.7022765960285724,0.7022765960285724,0.7022765960285724,0.7022765960285724,0.7022765960285724,0.7022765960285724,0.9460619432694032,0.9460619432694032,0.9460619432694032,0.9460619432694032,0.9460619432694032,0.9460619432694032,0.9460619432694032,0.9460619432694032,0.9460619432694032,0.9460619432694032,0.9460619432694032,0.9460619432694032,0.9460619432694032,0.9460619432694032,0.9460619432694032,0.9460619432694032,0.9460619432694032,0.9460619432694032,0.9460619432694032,0.8183976386949166,0.8183976386949166,0.8183976386949166,0.8183976386949166,0.8183976386949166,0.8183976386949166,0.8183976386949166,0.8183976386949166,0.8183976386949166,0.8183976386949166,0.8183976386949166,0.8183976386949166,0.8183976386949166,0.8183976386949166,0.8183976386949166,0.6236057535313566,0.6236057535313566,0.6236057535313566,0.6236057535313566,0.6236057535313566,0.6236057535313566,0.6236057535313566,0.6236057535313566,0.6236057535313566,0.6236057535313566
fracirrigated,0.2441990676435912,0.2211268230392603,0.2211268230392603,0.2211268230392603,0.6167357461809478,0.6167357461809478,0.6167357461809478,0.6167357461809478,0.6167357461809478,0.5816308980466625,0.5816308980466625,0.8090422990491684,0.7157164024259604,0.7157164024259604,0.5099038037108323,0.5099038037108323,0.5099038037108323,0.5099038037108323,0.5099038037108323,0.3561870628150366,0.3561870628150366,0.3561870628150366,0.3561870628150366,0.3561870628150366,0.3561870628150366,0.6046845977503533,0.6046845977503533,0.6046845977503533,0.6046845977503533,0.6046845977503533,0.6046845977503533,0.6046845977503533,0.6046845977503533,0.6046845977503533,0.6046845977503533,0.6046845977503533,0.6046845977503533,0.6046845977503533,0.6046845977503533,0.6046845977503533,0.6662726808913099,0.6888801886127297,0.6888801886127297,0.9306818470561832,0.9306818470561832,0.9306818470561832,0.9306818470561832,0.9306818470561832,0.9306818470561832,0.9306818470561832,0.9306818470561832,0.9306818470561832,0.9306818470561832,0.97176337248932,0.97176337248932,0.97176337248932,0.97176337248932,0.97176337248932,0.97176337248932,0.97176337248932,0.924972559926374,0.9378761472401456,0.9378761472401456,0.9378761472401456,0.9378761472401456,0.9378761472401456,0.9811030553709672,0.9811030553709672,0.9811030553709672,0.9811030553709672,0.9811030553709672,0.9811030553709672,0.9811030553709672,0.9811030553709672,0.9811030553709672,0.9811030553709672,0.9811030553709672,0.9811030553709672,0.9811030553709672,0.9811030553709672,0.9811030553709672,0.9811030553709672,0.9811030553709672,0.9811030553709672,0.9811030553709672,0.8383247360917494,0.8383247360917494,0.8383247360917494,0.8383247360917494,0.8383247360917494,0.8383247360917494,0.8383247360917494,0.8383247360917494,0.8383247360917494,0.8383247360917494,0.8383247360917494,0.8383247360917494,0.8383247360917494,0.8383247360917494,0.8383247360917494,0.8383247360917494,0.8383247360917494,0.8383247360917494,0.8383247360917494,0.8383247360917494,0.8383247360917494,0.8383247360917494,0.8383247360917494,0.8383247360917494,0.8383247360917494,0.8383247360917494,0.8383247360917494,0.8383247360917494,0.8383247360917494,0.8383247360917494,0.8383247360917494
fracforest,0.2953217870822506,0.2604226840054404,0.2604226840054404,0.2604226840054404,0.1571840392592502,0.1571840392592502,0.3707883819862223,0.637184686905113,0.7148716041861952,0.7148716041861952,0.6387400755550752,0.6914580427533497,0.6914580427533497,0.6914580427533497,0.6914580427533497,0.6914580427533497,0.568644059511231,0.568644059511231,0.9397526344459196,0.9397526344459196,0.9397526344459196,0.9397526344459196,0.8992881090114709,0.8992881090114709,0.8992881090114709,0.6503534955489371,0.5762272535270685,0.5762272535270685,0.5762272535270685,0.5762272535270685,0.5762272535270685,0.5762272535270685,0.5762272535270685,0.5762272535270685,0.5762272535270685,0.5762272535270685,0.5762272535270685,0.5762272535270685,0.5762272535270685,0.5762272535270685,0.5762272535270685,0.5762272535270685,0.8518481602058463,0.8518481602058463,0.8518481602058463,0.8518481602058463,0.8084768959945532,0.8084768959945532,0.8084768959945532,0.8084768959945532,0.8084768959945532,0.8215366735782398,0.6899660932053517,0.6899660932053517,0.6899660932053517,0.6899660932053517,0.6899660932053517,0.6899660932053517,0.6899660932053517,0.6899660932053517,0.6899660932053517,0.6899660932053517,0.6899660932053517,0.6899660932053517,0.6899660932053517,0.6899660932053517,0.3580462255868909,0.3580462255868909,0.3580462255868909,0.3580462255868909,0.1225134364921615,0.1225134364921615,0.1225134364921615,0.1225134364921615,0.1225134364921615,0.1225134364921615,0.1225134364921615,0.1225134364921615,0.1225134364921615,0.1225134364921615,0.1225134364921615,0.1844375550689334,0.1844375550689334,0.1844375550689334,0.1844375550689334,0.1844375550689334,0.2169269876224088,0.2169269876224088,0.2169269876224088,0.189250377654239,0.189250377654239,0.189250377654239,0.189250377654239,0.189250377654239,0.189250377654239,0.189250377654239,0.189250377654239,0.189250377654239,0.189250377654239,0.189250377654239,0.189250377654239,0.189250377654239,0.189250377654239,0.189250377654239,0.189250377654239,0.189250377654239,0.189250377654239,0.189250377654239,0.189250377654239,0.189250377654239,0.189250377654239,0.189250377654239,0.189250377654239,0.189250377654239,0.189250377654239,0.18925037765423908
fracrice,0.3530760869433184,0.327086596746553,0.7475258034327745,0.7745596038860356,0.5760899348627638,0.5760899348627638,0.6969335841198956,0.9528927968337152,0.9528927968337152,0.8210925511092102,0.8210925511092102,0.8531283630069914,0.8957693498471037,0.8957693498471037,0.8957693498471037,0.8957693498471037,0.8957693498471037,0.8957693498471037,0.8957693498471037,0.8957693498471037,0.8957693498471037,0.8957693498471037,0.4965827200116971,0.4965827200116971,0.4965827200116971,0.4965827200116971,0.4965827200116971,0.3951386079921594,0.3951386079921594,0.3951386079921594,0.3951386079921594,0.3951386079921594,0.3951386079921594,0.3951386079921594,0.0464250113713565,0.0464250113713565,0.0464250113713565,0.2715322967257373,0.2715322967257373,0.2715322967257373,0.2715322967257373,0.2715322967257373,0.3586516934719699,0.3586516934719699,0.3586516934719699,0.3586516934719699,0.3586516934719699,0.3586516934719699,0.3586516934719699,0.3586516934719699,0.3586516934719699,0.3586516934719699,0.3586516934719699,0.3586516934719699,0.3586516934719699,0.3586516934719699,0.3586516934719699,0.3586516934719699,0.3586516934719699,0.3586516934719699,0.3586516934719699,0.3586516934719699,0.3586516934719699,0.3586516934719699,0.3586516934719699,0.3586516934719699,0.3586516934719699,0.3586516934719699,0.3586516934719699,0.3586516934719699,0.3586516934719699,0.3586516934719699,0.3586516934719699,0.3586516934719699,0.3586516934719699,0.3586516934719699,0.3586516934719699,0.3586516934719699,0.3586516934719699,0.3586516934719699,0.3245464983397724,0.3245464983397724,0.3245464983397724,0.3245464983397724,0.3245464983397724,0.3245464983397724,0.3245464983397724,0.3245464983397724,0.3245464983397724,0.3245464983397724,0.3245464983397724,0.3245464983397724,0.1419914019157766,0.1419914019157766,0.1419914019157766,0.1419914019157766,0.1419914019157766,0.1419914019157766,0.1419914019157766,0.5146078536363173,0.5146078536363173,0.5146078536363173,0.5146078536363173,0.5146078536363173,0.5146078536363173,0.5146078536363173,0.5146078536363173,0.7520252886819361,0.7520252886819361,0.7520252886819361,0.7520252886819361,0.7520252886819361,0.7520252886819361,0.7520252886819361,0.7520252886819361,0.7520252886819361
fracother,0.3851202555583842,0.4898051037824465,0.4842884123073502,0.4894349773825802,0.5871067945478441,0.7367484325231024,0.9756737550153128,0.9756737550153128,0.5067458291716866,0.4988406770840225,0.4988406770840225,0.4988406770840225,0.4988406770840225,0.4988406770840225,0.4988406770840225,0.6703443744989475,0.6703443744989475,0.4068054519743036,0.4068054519743036,0.4068054519743036,0.4068054519743036,0.4068054519743036,0.4068054519743036,0.4771131551095552,0.471737735223266,0.471737735223266,0.471737735223266,0.471737735223266,0.471737735223266,0.471737735223266,0.471737735223266,0.471737735223266,0.471737735223266,0.4171803031469391,0.4171803031469391,0.4171803031469391,0.4171803031469391,0.4171803031469391,0.4777610975397054,0.4777610975397054,0.4777610975397054,0.4777610975397054,0.4777610975397054,0.4777610975397054,0.4777610975397054,0.4777610975397054,0.4777610975397054,0.4777610975397054,0.4263551612387484,0.4263551612387484,0.4263551612387484,0.4263551612387484,0.4263551612387484,0.4263551612387484,0.1598158754754296,0.3142670446628569,0.3142670446628569,0.3142670446628569,0.3142670446628569,0.3142670446628569,0.3142670446628569,0.3142670446628569,0.3142670446628569,0.3142670446628569,0.3142670446628569,0.3142670446628569,0.3142670446628569,0.3142670446628569,0.3142670446628569,0.3142670446628569,0.3142670446628569,0.3456482699342652,0.3456482699342652,0.3456482699342652,0.3456482699342652,0.3456482699342652,0.3456482699342652,0.3456482699342652,0.328052950404064,0.328052950404064,0.328052950404064,0.328052950404064,0.328052950404064,0.328052950404064,0.328052950404064,0.328052950404064,0.328052950404064,0.328052950404064,0.328052950404064,0.328052950404064,0.0110473209372018,0.0110473209372018,0.0110473209372018,0.0110473209372018,0.0110473209372018,0.0110473209372018,0.0110473209372018,0.0110473209372018,0.0110473209372018,0.0110473209372018,0.0110473209372018,0.0110473209372018,0.0110473209372018,0.0110473209372018,0.0289281647419891,0.0289281647419891,0.0289281647419891,0.0289281647419891,0.0289281647419891,0.0289281647419891,0.0289281647419891,0.0289281647419891,0.0289281647419891,0.0289281647419891,0.0289281647419891,0.02892816474198916
fracsealed,0.5,0.7191636884012796,0.6935966685786068,0.620133180430435,0.3599571728910143,0.3465156896613762,0.3128089766691205,0.4813590232937688,0.4813590232937688,0.4813590232937688,0.3290992868565826,0.3290992868565826,0.3290992868565826,0.3290992868565826,0.4068770283246926,0.4068770283246926,0.4068770283246926,0.4068770283246926,0.6866455461479808,0.5881940020047318,0.5881940020047318,0.5881940020047318,0.5881940020047318,0.5881940020047318,0.5881940020047318,0.4539121534401506,0.4539121534401506,0.4539121534401506,0.4539121534401506,0.4539121534401506,0.4539121534401506,0.4539121534401506,0.4539121534401506,0.4539121534401506,0.4539121534401506,0.2978141093224977,0.2978141093224977,0.2978141093224977,0.2978141093224977,0.4243618448425973,0.4243618448425973,0.4243618448425973,0.4243618448425973,0.4243618448425973,0.4243618448425973,0.0846532068696592,0.0846532068696592,0.0846532068696592,0.0846532068696592,0.0814836309538839,0.0814836309538839,0.0814836309538839,0.0814836309538839,0.0814836309538839,0.0814836309538839,0.0814836309538839,0.0814836309538839,0.0814836309538839,0.0814836309538839,0.0814836309538839,0.0814836309538839,0.0814836309538839,0.0814836309538839,0.1625484168333055,0.1625484168333055,0.1625484168333055,0.1625484168333055,0.1625484168333055,0.1625484168333055,0.1625484168333055,0.1625484168333055,0.1625484168333055,0.1625484168333055,0.1625484168333055,0.1625484168333055,0.1625484168333055,0.1625484168333055,0.1625484168333055,0.1625484168333055,0.1625484168333055,0.1625484168333055,0.0393730071028226,0.0393730071028226,0.0393730071028226,0.0393730071028226,0.0393730071028226,0.0393730071028226,0.0393730071028226,0.0393730071028226,0.0393730071028226,0.0393730071028226,0.0393730071028226,0.0393730071028226,0.1831277693042227,0.1831277693042227,0.1048955417889196,0.1048955417889196,0.1048955417889196,0.1048955417889196,0.1048955417889196,0.1048955417889196,0.1048955417889196,0.1048955417889196,0.1048955417889196,0.1048955417889196,0.1048955417889196,0.1048955417889196,0.1048955417889196,0.1048955417889196,0.1048955417889196,0.1048955417889196,0.1048955417889196,0.1048955417889196,0.1048955417889196,0.1048955417889196,0.10489554178891969
fracwater,0.5558835248042735,0.5,0.4145797191379788,0.4145797191379788,0.3942812044859207,0.0465198256923369,0.0465198256923369,0.0465198256923369,0.0465198256923369,0.0465198256923369,0.0465198256923369,0.0465198256923369,0.0465198256923369,0.0465198256923369,0.0465198256923369,0.0596750243737033,0.0596750243737033,0.0596750243737033,0.0596750243737033,0.0596750243737033,0.0596750243737033,0.0596750243737033,0.0596750243737033,0.0596750243737033,0.0596750243737033,0.0596750243737033,0.0596750243737033,0.0596750243737033,0.0596750243737033,0.0596750243737033,0.0596750243737033,0.0596750243737033,0.0596750243737033,0.0596750243737033,0.0596750243737033,0.0596750243737033,0.0596750243737033,0.0596750243737033,0.0596750243737033,0.0596750243737033,0.0596750243737033,0.0596750243737033,0.0596750243737033,0.0596750243737033,0.0596750243737033,0.0596750243737033,0.0596750243737033,0.0596750243737033,0.0596750243737033,0.0596750243737033,0.0596750243737033,0.0596750243737033,0.0596750243737033,0.0596750243737033,0.0596750243737033,0.0596750243737033,0.0596750243737033,0.0596750243737033,0.0596750243737033,0.0596750243737033,0.0596750243737033,0.0596750243737033,0.0596750243737033,0.0596750243737033,0.0596750243737033,0.0596750243737033,0.0596750243737033,0.0596750243737033,0.0596750243737033,0.0596750243737033,0.0596750243737033,0.0596750243737033,0.0596750243737033,0.0596750243737033,0.0596750243737033,0.0596750243737033,0.0596750243737033,0.0596750243737033,0.0596750243737033,0.0596750243737033,0.0596750243737033,0.0596750243737033,0.0596750243737033,0.0596750243737033,0.0596750243737033,0.0596750243737033,0.0596750243737033,0.0596750243737033,0.0596750243737033,0.0596750243737033,0.0596750243737033,0.0596750243737033,0.0596750243737033,0.0596750243737033,0.0596750243737033,0.0596750243737033,0.0596750243737033,0.0596750243737033,0.0596750243737033,0.0596750243737033,0.0596750243737033,0.0596750243737033,0.0596750243737033,0.0596750243737033,0.0596750243737033,0.0596750243737033,0.0596750243737033,0.0596750243737033,0.0596750243737033,0.0596750243737033,0.0596750243737033,0.0596750243737033,0.0596750243737033,0.0596750243737033,0.0596750243737033,0.05967502437370331
