hordatahora,horleitura
2012-05-09,
2012-05-10,
2012-05-11,11.000
2012-05-12,0.000
2012-05-13,0.000
2012-05-14,0.000
2012-05-15,0.200
2012-05-16,3.800
2012-05-17,1.000
2012-05-18,0.800
2012-05-19,0.000
2012-05-20,0.000
2012-05-21,0.000
2012-05-22,0.000
2012-05-23,0.000
2012-05-24,22.600
2012-05-25,7.200
2012-05-26,0.000
2012-05-27,0.200
2012-05-28,0.000
2012-05-29,0.200
2012-05-30,0.000
2012-05-31,25.000
2012-06-01,6.800
2012-06-02,0.000
2012-06-03,9.400
2012-06-04,66.600
2012-06-05,21.200
2012-06-06,3.400
2012-06-07,3.600
2012-06-08,3.600
2012-06-09,0.200
2012-06-10,33.400
2012-06-11,17.400
2012-06-12,0.000
2012-06-13,0.000
2012-06-14,0.000
2012-06-15,0.000
2012-06-16,0.000
2012-06-17,1.200
2012-06-18,11.200
2012-06-19,3.400
2012-06-20,4.800
2012-06-21,0.200
2012-06-22,0.800
2012-06-23,0.000
2012-06-24,0.000
2012-06-25,0.200
2012-06-26,0.000
2012-06-27,2.600
2012-06-28,0.000
2012-06-29,0.000
2012-06-30,0.000
2012-07-01,0.200
2012-07-02,0.000
2012-07-03,0.200
2012-07-04,0.000
2012-07-05,0.000
2012-07-06,6.400
2012-07-07,25.000
2012-07-08,1.400
2012-07-09,0.000
2012-07-10,0.000
2012-07-11,41.400
2012-07-12,3.600
2012-07-13,0.200
2012-07-14,0.000
2012-07-15,0.000
2012-07-16,2.000
2012-07-17,20.000
2012-07-18,1.200
2012-07-19,0.000
2012-07-20,0.000
2012-07-21,0.000
2012-07-22,0.000
2012-07-23,0.000
2012-07-24,0.000
2012-07-25,1.200
2012-07-26,0.200
2012-07-27,0.600
2012-07-28,3.200
2012-07-29,0.000
2012-07-30,0.000
2012-07-31,0.600
2012-08-01,0.000
2012-08-02,0.200
2012-08-03,0.000
2012-08-04,0.000
2012-08-05,0.000
2012-08-06,0.000
2012-08-07,0.000
2012-08-08,0.000
2012-08-09,0.000
2012-08-10,0.000
2012-08-11,0.000
2012-08-12,0.000
2012-08-13,0.000
2012-08-14,0.000
2012-08-15,0.000
2012-08-16,0.000
2012-08-17,0.000
2012-08-18,0.000
2012-08-19,0.000
2012-08-20,0.000
2012-08-21,0.000
2012-08-22,0.000
2012-08-23,0.000
2012-08-24,0.000
2012-08-25,0.000
2012-08-26,0.000
2012-08-27,0.800
2012-08-28,4.200
2012-08-29,0.000
2012-08-30,0.000
2012-08-31,0.000
2012-09-01,0.000
2012-09-02,0.000
2012-09-03,0.000
2012-09-04,1.800
2012-09-05,0.000
2012-09-06,0.000
2012-09-07,0.000
2012-09-08,0.000
2012-09-09,0.000
2012-09-10,0.800
2012-09-11,2.600
2012-09-12,0.000
2012-09-13,0.000
2012-09-14,0.000
2012-09-15,0.000
2012-09-16,0.000
2012-09-17,0.000
2012-09-18,0.000
2012-09-19,9.000
2012-09-20,0.600
2012-09-21,52.000
2012-09-22,0.000
2012-09-23,0.000
2012-09-24,0.000
2012-09-25,15.000
2012-09-26,0.400
2012-09-27,0.200
2012-09-28,1.000
2012-09-29,0.400
2012-09-30,0.200
2012-10-01,10.800
2012-10-02,0.000
2012-10-03,0.000
2012-10-04,0.200
2012-10-05,0.000
2012-10-06,0.200
2012-10-07,0.000
2012-10-08,0.200
2012-10-09,0.200
2012-10-10,0.000
2012-10-11,8.000
2012-10-12,0.400
2012-10-13,0.200
2012-10-14,0.200
2012-10-15,0.200
2012-10-16,0.000
2012-10-17,0.000
2012-10-18,0.200
2012-10-19,0.000
2012-10-20,11.000
2012-10-21,5.600
2012-10-22,0.200
2012-10-23,48.400
2012-10-24,3.400
2012-10-25,3.200
2012-10-26,5.000
2012-10-27,7.400
2012-10-28,6.400
2012-10-29,0.600
2012-10-30,0.800
2012-10-31,8.200
2012-11-01,0.600
2012-11-02,0.400
2012-11-03,0.400
2012-11-04,0.400
2012-11-05,0.400
2012-11-06,0.400
2012-11-07,0.400
2012-11-08,0.200
2012-11-09,14.400
2012-11-10,3.400
2012-11-11,0.400
2012-11-12,0.200
2012-11-13,1.000
2012-11-14,0.200
2012-11-15,0.200
2012-11-16,0.000
2012-11-17,0.200
2012-11-18,0.000
2012-11-19,0.200
2012-11-20,0.000
2012-11-21,0.000
2012-11-22,0.000
2012-11-23,0.200
2012-11-24,9.400
2012-11-25,0.000
2012-11-26,0.000
2012-11-27,1.800
2012-11-28,9.200
2012-11-29,0.000
2012-11-30,0.000
2012-12-01,0.000
2012-12-02,32.200
2012-12-03,0.400
2012-12-04,0.200
2012-12-05,0.400
2012-12-06,4.400
2012-12-07,1.200
2012-12-08,0.800
2012-12-09,0.000
2012-12-10,0.000
2012-12-11,1.600
2012-12-12,0.000
2012-12-13,6.400
2012-12-14,10.800
2012-12-15,12.800
2012-12-16,6.600
2012-12-17,15.200
2012-12-18,0.200
2012-12-19,2.800
2012-12-20,1.400
2012-12-21,12.200
2012-12-22,0.200
2012-12-23,0.000
2012-12-24,0.000
2012-12-25,0.200
2012-12-26,0.400
2012-12-27,8.600
2012-12-28,12.200
2012-12-29,46.000
2012-12-30,3.200
2012-12-31,1.800
2013-01-01,11.200
2013-01-02,8.000
2013-01-03,0.000
2013-01-04,0.000
2013-01-05,0.000
2013-01-06,1.400
2013-01-07,0.200
2013-01-08,1.800
2013-01-09,0.400
2013-01-10,0.200
2013-01-11,0.000
2013-01-12,0.000
2013-01-13,0.000
2013-01-14,20.800
2013-01-15,0.600
2013-01-16,0.000
2013-01-17,4.600
2013-01-18,22.800
2013-01-19,0.000
2013-01-20,1.600
2013-01-21,1.800
2013-01-22,0.000
2013-01-23,0.400
2013-01-24,0.000
2013-01-25,0.000
2013-01-26,0.000
2013-01-27,0.000
2013-01-28,0.000
2013-01-29,0.000
2013-01-30,0.000
2013-01-31,0.000
2013-02-01,0.000
2013-02-02,13.200
2013-02-03,7.400
2013-02-04,0.000
2013-02-05,0.000
2013-02-06,0.400
2013-02-07,6.000
2013-02-08,3.600
2013-02-09,5.000
2013-02-10,6.200
2013-02-11,0.400
2013-02-12,2.600
2013-02-13,1.400
2013-02-14,11.800
2013-02-15,6.400
2013-02-16,10.000
2013-02-17,5.000
2013-02-18,57.000
2013-02-19,11.800
2013-02-20,0.000
2013-02-21,0.000
2013-02-22,0.000
2013-02-23,0.000
2013-02-24,0.000
2013-02-25,4.200
2013-02-26,22.600
2013-02-27,0.200
2013-02-28,0.000
2013-03-01,0.000
2013-03-02,0.000
2013-03-03,0.000
2013-03-04,0.000
2013-03-05,18.000
2013-03-06,6.400
2013-03-07,3.200
2013-03-08,5.600
2013-03-09,0.400
2013-03-10,0.400
2013-03-11,2.800
2013-03-12,0.000
2013-03-13,11.400
2013-03-14,0.000
2013-03-15,0.600
2013-03-16,14.400
2013-03-17,0.200
2013-03-18,0.000
2013-03-19,0.000
2013-03-20,4.400
2013-03-21,0.000
2013-03-22,0.000
2013-03-23,0.000
2013-03-24,12.200
2013-03-25,0.000
2013-03-26,1.000
2013-03-27,0.800
2013-03-28,2.000
2013-03-29,1.000
2013-03-30,0.600
2013-03-31,0.000
2013-04-01,0.000
2013-04-02,0.800
2013-04-03,0.000
2013-04-04,0.000
2013-04-05,8.600
2013-04-06,
2013-04-07,0.000
2013-04-08,0.000
2013-04-09,
2013-04-10,0.000
2013-04-11,0.000
2013-04-12,10.600
2013-04-13,6.400
2013-04-14,
2013-04-15,
2013-04-16,
2013-04-17,
2013-04-18,
2013-04-19,0.000
2013-04-20,0.000
2013-04-21,0.000
2013-04-22,0.000
2013-04-23,0.000
2013-04-24,0.000
2013-04-25,0.000
2013-04-26,0.000
2013-04-27,0.000
2013-04-28,0.000
2013-04-29,0.000
2013-04-30,0.000
2013-05-01,0.000
2013-05-02,0.000
2013-05-03,0.000
2013-05-04,0.000
2013-05-05,14.200
2013-05-06,1.400
2013-05-07,0.000
2013-05-08,0.000
2013-05-09,0.000
2013-05-10,0.000
2013-05-11,0.000
2013-05-12,0.000
2013-05-13,0.000
2013-05-14,0.000
2013-05-15,0.000
2013-05-16,7.600
2013-05-17,0.000
2013-05-18,0.000
2013-05-19,0.000
2013-05-20,0.000
2013-05-21,0.000
2013-05-22,
2013-05-23,0.600
2013-05-24,0.000
2013-05-25,0.000
2013-05-26,0.000
2013-05-27,1.400
2013-05-28,15.400
2013-05-29,44.000
2013-05-30,1.600
2013-05-31,0.000
2013-06-01,0.000
2013-06-02,17.200
2013-06-03,0.000
2013-06-04,0.000
2013-06-05,0.000
2013-06-06,0.000
2013-06-07,0.000
2013-06-08,0.000
2013-06-09,0.000
2013-06-10,0.000
2013-06-11,0.800
2013-06-12,0.200
2013-06-13,0.000
2013-06-14,0.000
2013-06-15,2.600
2013-06-16,28.200
2013-06-17,1.200
2013-06-18,0.000
2013-06-19,2.000
2013-06-20,46.600
2013-06-21,48.200
2013-06-22,0.800
2013-06-23,0.000
2013-06-24,40.200
2013-06-25,9.800
2013-06-26,3.200
2013-06-27,1.000
2013-06-28,0.000
2013-06-29,12.600
2013-06-30,28.200
2013-07-01,0.400
2013-07-02,0.000
2013-07-03,0.000
2013-07-04,0.000
2013-07-05,1.800
2013-07-06,0.000
2013-07-07,0.000
2013-07-08,0.000
2013-07-09,0.000
2013-07-10,0.000
2013-07-11,0.000
2013-07-12,0.000
2013-07-13,0.000
2013-07-14,0.000
2013-07-15,1.000
2013-07-16,0.000
2013-07-17,0.000
2013-07-18,0.000
2013-07-19,20.800
2013-07-20,17.600
2013-07-21,50.800
2013-07-22,26.000
2013-07-23,2.800
2013-07-24,0.200
2013-07-25,0.200
2013-07-26,0.400
2013-07-27,0.000
2013-07-28,0.000
2013-07-29,0.000
2013-07-30,0.000
2013-07-31,0.200
2013-08-01,0.000
2013-08-02,0.000
2013-08-03,0.000
2013-08-04,0.000
2013-08-05,0.000
2013-08-06,0.000
2013-08-07,0.000
2013-08-08,0.000
2013-08-09,0.000
2013-08-10,1.000
2013-08-11,0.000
2013-08-12,0.000
2013-08-13,0.000
2013-08-14,7.400
2013-08-15,0.000
2013-08-16,0.000
2013-08-17,0.600
2013-08-18,2.600
2013-08-19,0.200
2013-08-20,0.000
2013-08-21,0.000
2013-08-22,0.000
2013-08-23,0.000
2013-08-24,0.000
2013-08-25,0.000
2013-08-26,6.200
2013-08-27,0.800
2013-08-28,0.000
2013-08-29,0.000
2013-08-30,0.000
2013-08-31,0.000
2013-09-01,1.600
2013-09-02,0.200
2013-09-03,0.600
2013-09-04,0.400
2013-09-05,0.000
2013-09-06,0.000
2013-09-07,0.000
2013-09-08,0.000
2013-09-09,0.000
2013-09-10,0.000
2013-09-11,0.000
2013-09-12,0.000
2013-09-13,0.000
2013-09-14,0.000
2013-09-15,0.000
2013-09-16,17.800
2013-09-17,13.600
2013-09-18,0.000
2013-09-19,0.000
2013-09-20,0.000
2013-09-21,35.200
2013-09-22,42.200
2013-09-23,1.400
2013-09-24,1.800
2013-09-25,0.000
2013-09-26,0.000
2013-09-27,0.000
2013-09-28,4.600
2013-09-29,3.000
2013-09-30,0.800
2013-10-01,0.400
2013-10-02,6.200
2013-10-03,11.200
2013-10-04,4.000
2013-10-05,0.000
2013-10-06,0.000
2013-10-07,0.000
2013-10-08,0.000
2013-10-09,0.000
2013-10-10,0.000
2013-10-11,0.000
2013-10-12,0.000
2013-10-13,
2013-10-14,
2013-10-15,0.000
2013-10-16,5.400
2013-10-17,0.200
2013-10-18,0.000
2013-10-19,0.000
2013-10-20,0.000
2013-10-21,14.800
2013-10-22,0.000
2013-10-23,0.000
2013-10-24,40.800
2013-10-25,0.400
2013-10-26,0.000
2013-10-27,0.000
2013-10-28,0.000
2013-10-29,0.000
2013-10-30,0.000
2013-10-31,0.000
2013-11-01,0.800
2013-11-02,0.000
2013-11-03,14.400
2013-11-04,1.400
2013-11-05,0.000
2013-11-06,0.000
2013-11-07,1.200
2013-11-08,0.000
2013-11-09,0.000
2013-11-10,0.000
2013-11-11,1.600
2013-11-12,0.400
2013-11-13,0.000
2013-11-14,0.000
2013-11-15,0.000
2013-11-16,68.000
2013-11-17,1.200
2013-11-18,0.000
2013-11-19,4.000
2013-11-20,3.600
2013-11-21,7.200
2013-11-22,1.000
2013-11-23,0.600
2013-11-24,2.800
2013-11-25,0.600
2013-11-26,4.400
2013-11-27,1.200
2013-11-28,0.400
2013-11-29,12.800
2013-11-30,0.000
2013-12-01,0.000
2013-12-02,1.600
2013-12-03,0.200
2013-12-04,0.000
2013-12-05,19.200
2013-12-06,2.800
2013-12-07,16.800
2013-12-08,2.400
2013-12-09,2.400
2013-12-10,0.000
2013-12-11,0.200
2013-12-12,0.000
2013-12-13,0.000
2013-12-14,0.000
2013-12-15,3.600
2013-12-16,0.000
2013-12-17,0.000
2013-12-18,0.000
2013-12-19,1.800
2013-12-20,1.600
2013-12-21,4.200
2013-12-22,12.600
2013-12-23,2.200
2013-12-24,0.200
2013-12-25,0.200
2013-12-26,0.000
2013-12-27,0.000
2013-12-28,41.400
2013-12-29,1.000
2013-12-30,0.200
2013-12-31,0.600
2014-01-01,23.600
2014-01-02,1.600
2014-01-03,0.200
2014-01-04,0.400
2014-01-05,0.200
2014-01-06,9.400
2014-01-07,0.200
2014-01-08,21.000
2014-01-09,0.200
2014-01-10,0.000
2014-01-11,1.600
2014-01-12,14.000
2014-01-13,20.000
2014-01-14,0.200
2014-01-15,7.400
2014-01-16,3.200
2014-01-17,0.000
2014-01-18,0.000
2014-01-19,0.000
2014-01-20,0.000
2014-01-21,0.000
2014-01-22,0.000
2014-01-23,0.000
2014-01-24,4.000
2014-01-25,0.200
2014-01-26,0.000
2014-01-27,0.000
2014-01-28,0.000
2014-01-29,1.200
2014-01-30,0.000
2014-01-31,0.000
2014-02-01,0.000
2014-02-02,0.000
2014-02-03,0.000
2014-02-04,0.000
2014-02-05,0.000
2014-02-06,0.000
2014-02-07,0.000
2014-02-08,0.000
2014-02-09,0.000
2014-02-10,0.000
2014-02-11,0.000
2014-02-12,0.000
2014-02-13,22.000
2014-02-14,32.800
2014-02-15,30.400
2014-02-16,17.800
2014-02-17,34.800
2014-02-18,29.800
2014-02-19,0.000
2014-02-20,0.000
2014-02-21,0.000
2014-02-22,1.400
2014-02-23,0.800
2014-02-24,1.200
2014-02-25,0.000
2014-02-26,3.800
2014-02-27,9.800
2014-02-28,15.200
2014-03-01,0.000
2014-03-02,0.200
2014-03-03,0.000
2014-03-04,28.000
2014-03-05,12.000
2014-03-06,0.000
2014-03-07,0.000
2014-03-08,0.000
2014-03-09,0.000
2014-03-10,0.000
2014-03-11,13.600
2014-03-12,6.000
2014-03-13,29.600
2014-03-14,0.000
2014-03-15,0.000
2014-03-16,0.000
2014-03-17,0.400
2014-03-18,25.200
2014-03-19,8.600
2014-03-20,1.000
2014-03-21,19.400
2014-03-22,21.400
2014-03-23,0.000
2014-03-24,0.200
2014-03-25,0.000
2014-03-26,0.200
2014-03-27,0.800
2014-03-28,0.000
2014-03-29,0.000
2014-03-30,11.600
2014-03-31,50.000
2014-04-01,0.200
2014-04-02,15.200
2014-04-03,36.800
2014-04-04,13.800
2014-04-05,0.000
2014-04-06,0.000
2014-04-07,0.000
2014-04-08,0.000
2014-04-09,5.800
2014-04-10,0.000
2014-04-11,0.000
2014-04-12,27.600
2014-04-13,1.400
2014-04-14,0.000
2014-04-15,21.800
2014-04-16,0.800
2014-04-17,0.000
2014-04-18,4.400
2014-04-19,14.200
2014-04-20,0.200
2014-04-21,0.000
2014-04-22,0.000
2014-04-23,0.000
2014-04-24,0.000
2014-04-25,0.000
2014-04-26,0.000
2014-04-27,2.600
2014-04-28,1.200
2014-04-29,0.000
2014-04-30,0.000
2014-05-01,1.400
2014-05-02,0.000
2014-05-03,0.000
2014-05-04,0.000
2014-05-05,0.200
2014-05-06,0.000
2014-05-07,0.000
2014-05-08,0.600
2014-05-09,0.200
2014-05-10,2.200
2014-05-11,1.400
2014-05-12,0.000
2014-05-13,0.000
2014-05-14,1.600
2014-05-15,0.000
2014-05-16,0.200
2014-05-17,0.000
2014-05-18,0.000
2014-05-19,0.000
2014-05-20,0.000
2014-05-21,0.000
2014-05-22,12.000
2014-05-23,14.400
2014-05-24,1.200
2014-05-25,3.800
2014-05-26,15.000
2014-05-27,0.000
2014-05-28,0.000
2014-05-29,0.000
2014-05-30,0.000
2014-05-31,2.400
2014-06-01,1.200
2014-06-02,0.000
2014-06-03,0.000
2014-06-04,0.000
2014-06-05,1.200
2014-06-06,42.200
2014-06-07,34.600
2014-06-08,6.400
2014-06-09,0.000
2014-06-10,0.000
2014-06-11,0.000
2014-06-12,0.000
2014-06-13,0.000
2014-06-14,0.000
2014-06-15,0.000
2014-06-16,0.000
2014-06-17,0.000
2014-06-18,13.200
2014-06-19,0.000
2014-06-20,0.000
2014-06-21,0.000
2014-06-22,0.200
2014-06-23,0.000
2014-06-24,0.000
2014-06-25,0.000
2014-06-26,0.000
2014-06-27,0.000
2014-06-28,0.000
2014-06-29,0.400
2014-06-30,0.000
2014-07-01,0.000
2014-07-02,0.000
2014-07-03,0.000
2014-07-04,0.000
2014-07-05,0.000
2014-07-06,0.000
2014-07-07,1.800
2014-07-08,0.000
2014-07-09,1.400
2014-07-10,5.400
2014-07-11,0.000
2014-07-12,3.000
2014-07-13,0.000
2014-07-14,0.000
2014-07-15,0.000
2014-07-16,0.000
2014-07-17,0.400
2014-07-18,21.200
2014-07-19,0.000
2014-07-20,0.000
2014-07-21,0.000
2014-07-22,0.000
2014-07-23,0.000
2014-07-24,14.200
2014-07-25,0.000
2014-07-26,0.000
2014-07-27,0.000
2014-07-28,0.000
2014-07-29,0.000
2014-07-30,0.000
2014-07-31,0.000
2014-08-01,0.000
2014-08-02,0.000
2014-08-03,0.000
2014-08-04,0.000
2014-08-05,0.000
2014-08-06,0.000
2014-08-07,0.000
2014-08-08,0.000
2014-08-09,0.000
2014-08-10,0.000
2014-08-11,0.000
2014-08-12,0.400
2014-08-13,27.400
2014-08-14,0.000
2014-08-15,0.000
2014-08-16,14.200
2014-08-17,3.800
2014-08-18,0.000
2014-08-19,0.000
2014-08-20,0.000
2014-08-21,0.000
2014-08-22,0.000
2014-08-23,0.000
2014-08-24,0.000
2014-08-25,1.200
2014-08-26,1.400
2014-08-27,0.000
2014-08-28,0.400
2014-08-29,0.000
2014-08-30,0.000
2014-08-31,28.000
2014-09-01,0.200
2014-09-02,29.600
2014-09-03,0.000
2014-09-04,1.800
2014-09-05,2.800
2014-09-06,0.000
2014-09-07,2.800
2014-09-08,0.000
2014-09-09,0.000
2014-09-10,0.000
2014-09-11,0.000
2014-09-12,0.000
2014-09-13,0.000
2014-09-14,0.000
2014-09-15,0.000
2014-09-16,0.000
2014-09-17,0.000
2014-09-18,0.200
2014-09-19,29.600
2014-09-20,7.800
2014-09-21,0.200
2014-09-22,0.000
2014-09-23,0.000
2014-09-24,17.800
2014-09-25,4.600
2014-09-26,18.800
2014-09-27,2.200
2014-09-28,1.800
2014-09-29,21.800
2014-09-30,6.200
2014-10-01,14.000
2014-10-02,0.200
2014-10-03,0.000
2014-10-04,2.200
2014-10-05,0.600
2014-10-06,0.000
2014-10-07,0.000
2014-10-08,0.000
2014-10-09,0.000
2014-10-10,0.000
2014-10-11,0.000
2014-10-12,0.000
2014-10-13,0.000
2014-10-14,2.000
2014-10-15,0.000
2014-10-16,0.000
2014-10-17,6.800
2014-10-18,1.800
2014-10-19,18.600
2014-10-20,0.000
2014-10-21,0.000
2014-10-22,0.000
2014-10-23,0.000
2014-10-24,0.000
2014-10-25,0.000
2014-10-26,0.000
2014-10-27,0.000
2014-10-28,0.000
2014-10-29,0.000
2014-10-30,0.000
2014-10-31,0.000
2014-11-01,0.000
2014-11-02,0.000
2014-11-03,0.000
2014-11-04,8.800
2014-11-05,0.200
2014-11-06,0.000
2014-11-07,28.400
2014-11-08,0.400
2014-11-09,0.000
2014-11-10,0.000
2014-11-11,0.000
2014-11-12,0.000
2014-11-13,19.600
2014-11-14,13.200
2014-11-15,0.800
2014-11-16,0.000
2014-11-17,0.000
2014-11-18,0.000
2014-11-19,0.000
2014-11-20,6.400
2014-11-21,18.000
2014-11-22,10.400
2014-11-23,0.000
2014-11-24,0.000
2014-11-25,14.400
2014-11-26,0.200
2014-11-27,0.000
2014-11-28,0.000
2014-11-29,0.000
2014-11-30,0.000
2014-12-01,0.000
2014-12-02,0.000
2014-12-03,0.600
2014-12-04,9.600
2014-12-05,0.000
2014-12-06,0.000
2014-12-07,0.000
2014-12-08,0.000
2014-12-09,7.600
2014-12-10,8.000
2014-12-11,0.800
2014-12-12,15.800
2014-12-13,2.600
2014-12-14,0.000
2014-12-15,0.000
2014-12-16,0.000
2014-12-17,0.000
2014-12-18,7.000
2014-12-19,2.800
2014-12-20,0.000
2014-12-21,0.000
2014-12-22,135.000
2014-12-23,1.400
2014-12-24,3.200
2014-12-25,0.200
2014-12-26,9.400
2014-12-27,0.000
2014-12-28,1.400
2014-12-29,17.600
2014-12-30,0.200
2014-12-31,5.000
2015-01-01,2.800
2015-01-02,15.200
2015-01-03,0.200
2015-01-04,15.000
2015-01-05,10.000
2015-01-06,1.000
2015-01-07,11.000
2015-01-08,2.000
2015-01-09,0.200
2015-01-10,7.200
2015-01-11,4.200
2015-01-12,2.400
2015-01-13,34.000
2015-01-14,3.000
2015-01-15,0.000
2015-01-16,0.000
2015-01-17,0.000
2015-01-18,
2015-01-19,0.400
2015-01-20,21.400
2015-01-21,1.000
2015-01-22,9.000
2015-01-23,0.000
2015-01-24,11.200
2015-01-25,9.200
2015-01-26,8.800
2015-01-27,8.400
2015-01-28,0.200
2015-01-29,1.800
2015-01-30,2.200
2015-01-31,0.000
2015-02-01,0.000
2015-02-02,0.000
2015-02-03,9.800
2015-02-04,37.400
2015-02-05,47.600
2015-02-06,0.000
2015-02-07,0.000
2015-02-08,1.200
2015-02-09,0.400
2015-02-10,0.000
2015-02-11,0.000
2015-02-12,3.600
2015-02-13,14.800
2015-02-14,39.600
2015-02-15,7.800
2015-02-16,1.800
2015-02-17,2.200
2015-02-18,7.000
2015-02-19,13.000
2015-02-20,0.000
2015-02-21,0.000
2015-02-22,0.000
2015-02-23,0.000
2015-02-24,47.200
2015-02-25,0.800
2015-02-26,0.400
2015-02-27,0.000
2015-02-28,1.000
2015-03-01,0.400
2015-03-02,0.000
2015-03-03,0.000
2015-03-04,0.000
2015-03-05,8.600
2015-03-06,18.400
2015-03-07,3.000
2015-03-08,8.800
2015-03-09,2.800
2015-03-10,0.800
2015-03-11,4.600
2015-03-12,0.000
2015-03-13,1.800
2015-03-14,1.000
2015-03-15,9.200
2015-03-16,29.400
2015-03-17,24.600
2015-03-18,0.200
2015-03-19,1.200
2015-03-20,3.200
2015-03-21,0.800
2015-03-22,0.200
2015-03-23,0.400
2015-03-24,0.000
2015-03-25,0.000
2015-03-26,0.000
2015-03-27,2.800
2015-03-28,2.200
2015-03-29,14.000
2015-03-30,0.000
2015-03-31,0.000
2015-04-01,0.000
2015-04-02,0.000
2015-04-03,0.000
2015-04-04,0.000
2015-04-05,0.000
2015-04-06,0.400
2015-04-07,0.000
2015-04-08,0.200
2015-04-09,0.000
2015-04-10,0.000
2015-04-11,0.000
2015-04-12,0.000
2015-04-13,0.000
2015-04-14,0.000
2015-04-15,0.600
2015-04-16,0.000
2015-04-17,0.400
2015-04-18,0.000
2015-04-19,0.000
2015-04-20,0.000
2015-04-21,7.200
2015-04-22,24.600
2015-04-23,0.200
2015-04-24,0.000
2015-04-25,0.000
2015-04-26,0.600
2015-04-27,0.600
2015-04-28,4.600
2015-04-29,0.200
2015-04-30,0.000
2015-05-01,0.000
2015-05-02,0.000
2015-05-03,1.000
2015-05-04,20.800
2015-05-05,0.000
2015-05-06,0.000
2015-05-07,0.000
2015-05-08,0.000
2015-05-09,0.000
2015-05-10,36.800
2015-05-11,0.000
2015-05-12,4.000
2015-05-13,0.000
2015-05-14,0.400
2015-05-15,0.000
2015-05-16,0.000
2015-05-17,0.000
2015-05-18,1.800
2015-05-19,1.400
2015-05-20,0.400
2015-05-21,0.200
2015-05-22,0.000
2015-05-23,0.000
2015-05-24,0.000
2015-05-25,17.600
2015-05-26,0.000
2015-05-27,6.800
2015-05-28,0.000
2015-05-29,0.000
2015-05-30,0.000
2015-05-31,0.400
2015-06-01,0.000
2015-06-02,0.000
2015-06-03,0.000
2015-06-04,0.000
2015-06-05,0.000
2015-06-06,0.000
2015-06-07,0.000
2015-06-08,0.000
2015-06-09,0.200
2015-06-10,0.000
2015-06-11,11.800
2015-06-12,15.800
2015-06-13,0.000
2015-06-14,5.200
2015-06-15,28.000
2015-06-16,0.200
2015-06-17,0.000
2015-06-18,4.400
2015-06-19,0.200
2015-06-20,0.000
2015-06-21,0.000
2015-06-22,0.000
2015-06-23,0.000
2015-06-24,0.000
2015-06-25,0.000
2015-06-26,2.400
2015-06-27,0.000
2015-06-28,0.000
2015-06-29,0.000
2015-06-30,13.400
2015-07-01,0.000
2015-07-02,0.600
2015-07-03,14.200
2015-07-04,0.200
2015-07-05,0.000
2015-07-06,0.000
2015-07-07,2.400
2015-07-08,10.800
2015-07-09,0.000
2015-07-10,26.000
2015-07-11,3.000
2015-07-12,28.800
2015-07-13,5.400
2015-07-14,0.000
2015-07-15,0.000
2015-07-16,19.200
2015-07-17,26.200
2015-07-18,0.000
2015-07-19,0.000
2015-07-20,0.000
2015-07-21,14.400
2015-07-22,0.000
2015-07-23,0.000
2015-07-24,22.400
2015-07-25,0.600
2015-07-26,0.000
2015-07-27,0.000
2015-07-28,0.000
2015-07-29,0.000
2015-07-30,0.000
2015-07-31,0.000
2015-08-01,0.000
2015-08-02,0.000
2015-08-03,0.000
2015-08-04,0.000
2015-08-05,0.000
2015-08-06,0.000
2015-08-07,0.000
2015-08-08,0.000
2015-08-09,0.000
2015-08-10,0.000
2015-08-11,0.000
2015-08-12,0.000
2015-08-13,0.000
2015-08-14,0.000
2015-08-15,0.000
2015-08-16,0.000
2015-08-17,0.000
2015-08-18,0.000
2015-08-19,0.800
2015-08-20,0.000
2015-08-21,0.000
2015-08-22,0.000
2015-08-23,4.200
2015-08-24,0.000
2015-08-25,0.800
2015-08-26,0.000
2015-08-27,17.600
2015-08-28,0.000
2015-08-29,0.000
2015-08-30,0.000
2015-08-31,0.000
2015-09-01,0.000
2015-09-02,0.000
2015-09-03,18.200
2015-09-04,10.400
2015-09-05,0.000
2015-09-06,0.200
2015-09-07,8.800
2015-09-08,55.800
2015-09-09,0.000
2015-09-10,22.600
2015-09-11,5.400
2015-09-12,0.000
2015-09-13,0.000
2015-09-14,0.000
2015-09-15,0.000
2015-09-16,0.000
2015-09-17,0.000
2015-09-18,0.000
2015-09-19,0.000
2015-09-20,0.000
2015-09-21,0.000
2015-09-22,0.000
2015-09-23,0.000
2015-09-24,0.000
2015-09-25,18.800
2015-09-26,4.200
2015-09-27,27.000
2015-09-28,0.600
2015-09-29,0.000
2015-09-30,10.400
2015-10-01,0.000
2015-10-02,18.000
2015-10-03,1.200
2015-10-04,0.600
2015-10-05,0.000
2015-10-06,0.000
2015-10-07,0.000
2015-10-08,9.800
2015-10-09,28.600
2015-10-10,4.600
2015-10-11,30.800
2015-10-12,14.600
2015-10-13,0.400
2015-10-14,0.000
2015-10-15,0.000
2015-10-16,0.000
2015-10-17,0.000
2015-10-18,0.000
2015-10-19,0.000
2015-10-20,0.000
2015-10-21,48.600
2015-10-22,39.600
2015-10-23,0.000
2015-10-24,0.000
2015-10-25,12.600
2015-10-26,1.800
2015-10-27,0.200
2015-10-28,0.400
2015-10-29,3.000
2015-10-30,1.200
2015-10-31,22.200
2015-11-01,16.200
2015-11-02,0.400
2015-11-03,1.000
2015-11-04,7.800
2015-11-05,12.200
2015-11-06,2.800
2015-11-07,0.000
2015-11-08,1.800
2015-11-09,0.400
2015-11-10,0.000
2015-11-11,6.600
2015-11-12,0.000
2015-11-13,0.800
2015-11-14,2.800
2015-11-15,0.000
2015-11-16,0.400
2015-11-17,8.800
2015-11-18,0.200
2015-11-19,2.200
2015-11-20,10.200
2015-11-21,0.000
2015-11-22,10.600
2015-11-23,15.800
2015-11-24,8.000
2015-11-25,0.400
2015-11-26,0.200
2015-11-27,0.400
2015-11-28,3.600
2015-11-29,0.200
2015-11-30,2.000
2015-12-01,0.400
2015-12-02,15.200
2015-12-03,1.200
2015-12-04,8.000
2015-12-05,0.200
2015-12-06,11.400
2015-12-07,0.200
2015-12-08,0.000
2015-12-09,0.000
2015-12-10,8.600
2015-12-11,0.000
2015-12-12,1.200
2015-12-13,0.000
2015-12-14,0.000
2015-12-15,0.200
2015-12-16,0.000
2015-12-17,0.000
2015-12-18,3.000
2015-12-19,37.200
2015-12-20,12.200
2015-12-21,6.200
2015-12-22,1.600
2015-12-23,0.000
2015-12-24,1.400
2015-12-25,14.600
2015-12-26,18.000
2015-12-27,12.800
2015-12-28,40.400
2015-12-29,8.600
2015-12-30,0.200
2015-12-31,0.400
2016-01-01,36.400
2016-01-02,6.000
2016-01-03,1.600
2016-01-04,1.800
2016-01-05,0.000
2016-01-06,0.000
2016-01-07,0.000
2016-01-08,0.000
2016-01-09,52.400
2016-01-10,55.400
2016-01-11,10.800
2016-01-12,20.000
2016-01-13,0.000
2016-01-14,0.000
2016-01-15,0.000
2016-01-16,0.000
2016-01-17,0.000
2016-01-18,0.000
2016-01-19,0.000
2016-01-20,0.000
2016-01-21,1.000
2016-01-22,0.000
2016-01-23,0.000
2016-01-24,0.000
2016-01-25,0.000
2016-01-26,7.600
2016-01-27,17.800
2016-01-28,0.000
2016-01-29,10.600
2016-01-30,15.600
2016-01-31,0.000
2016-02-01,16.200
2016-02-02,14.000
2016-02-03,0.000
2016-02-04,21.200
2016-02-05,41.000
2016-02-06,1.600
2016-02-07,0.200
2016-02-08,0.200
2016-02-09,1.400
2016-02-10,26.200
2016-02-11,1.200
2016-02-12,0.000
2016-02-13,0.000
2016-02-14,29.400
2016-02-15,0.200
2016-02-16,0.600
2016-02-17,5.200
2016-02-18,10.800
2016-02-19,0.000
2016-02-20,9.800
2016-02-21,34.200
2016-02-22,55.200
2016-02-23,13.400
2016-02-24,1.200
2016-02-25,0.400
2016-02-26,0.600
2016-02-27,6.800
2016-02-28,42.800
2016-02-29,1.200
2016-03-01,0.800
2016-03-02,0.400
2016-03-03,3.200
2016-03-04,0.600
2016-03-05,0.400
2016-03-06,0.000
2016-03-07,0.000
2016-03-08,0.000
2016-03-09,1.000
2016-03-10,12.400
2016-03-11,0.000
2016-03-12,0.000
2016-03-13,0.200
2016-03-14,0.000
2016-03-15,0.000
2016-03-16,0.000
2016-03-17,0.000
2016-03-18,0.000
2016-03-19,
2016-03-20,0.000
2016-03-21,0.000
2016-03-22,5.200
2016-03-23,0.200
2016-03-24,0.200
2016-03-25,12.800
2016-03-26,0.000
2016-03-27,0.000
2016-03-28,0.000
2016-03-29,0.000
2016-03-30,0.000
2016-03-31,0.000
2016-04-01,0.000
2016-04-02,0.000
2016-04-03,0.000
2016-04-04,0.000
2016-04-05,0.000
2016-04-06,0.000
2016-04-07,0.000
2016-04-08,0.000
2016-04-09,14.000
2016-04-10,0.000
2016-04-11,0.000
2016-04-12,0.800
2016-04-13,0.000
2016-04-14,0.000
2016-04-15,0.000
2016-04-16,0.000
2016-04-17,0.000
2016-04-18,0.000
2016-04-19,0.000
2016-04-20,0.000
2016-04-21,0.000
2016-04-22,0.000
2016-04-23,0.000
2016-04-24,0.000
2016-04-25,23.200
2016-04-26,7.400
2016-04-27,19.600
2016-04-28,0.600
2016-04-29,0.200
2016-04-30,
2016-05-01,
2016-05-02,
2016-05-03,0.000
2016-05-04,0.000
2016-05-05,0.000
2016-05-06,0.000
2016-05-07,0.000
2016-05-08,0.000
2016-05-09,1.000
2016-05-10,17.000
2016-05-11,0.000
2016-05-12,11.600
2016-05-13,0.000
2016-05-14,0.000
2016-05-15,0.000
2016-05-16,21.200
2016-05-17,0.000
2016-05-18,1.200
2016-05-19,0.000
2016-05-20,21.200
2016-05-21,12.800
2016-05-22,33.600
2016-05-23,2.200
2016-05-24,0.000
2016-05-25,0.000
2016-05-26,0.000
2016-05-27,1.800
2016-05-28,0.400
2016-05-29,0.800
2016-05-30,0.800
2016-05-31,0.200
2016-06-01,11.000
2016-06-02,3.200
2016-06-03,0.000
2016-06-04,
2016-06-05,
2016-06-06,
2016-06-07,0.600
2016-06-08,0.200
2016-06-09,0.000
2016-06-10,0.000
2016-06-11,0.000
2016-06-12,0.000
2016-06-13,0.000
2016-06-14,0.000
2016-06-15,0.000
2016-06-16,0.000
2016-06-17,0.000
2016-06-18,1.600
2016-06-19,5.400
2016-06-20,6.200
2016-06-21,25.200
2016-06-22,32.400
2016-06-23,0.200
2016-06-24,0.200
2016-06-25,0.000
2016-06-26,0.000
2016-06-27,0.000
2016-06-28,0.200
2016-06-29,0.400
2016-06-30,0.400
2016-07-01,0.000
2016-07-02,0.000
2016-07-03,0.000
2016-07-04,0.000
2016-07-05,0.000
2016-07-06,0.600
2016-07-07,0.000
2016-07-08,0.000
2016-07-09,0.000
2016-07-10,0.000
2016-07-11,0.000
2016-07-12,20.600
2016-07-13,31.400
2016-07-14,0.200
2016-07-15,2.000
2016-07-16,24.800
2016-07-17,0.000
2016-07-18,0.000
2016-07-19,0.000
2016-07-20,0.000
2016-07-21,0.000
2016-07-22,0.000
2016-07-23,0.000
2016-07-24,0.000
2016-07-25,0.000
2016-07-26,0.000
2016-07-27,0.000
2016-07-28,0.000
2016-07-29,0.000
2016-07-30,0.000
2016-07-31,0.000
2016-08-01,0.000
2016-08-02,0.000
2016-08-03,0.000
2016-08-04,0.000
2016-08-05,0.000
2016-08-06,0.000
2016-08-07,0.000
2016-08-08,25.400
2016-08-09,10.000
2016-08-10,0.000
2016-08-11,0.000
2016-08-12,0.000
2016-08-13,0.000
2016-08-14,0.000
2016-08-15,7.600
2016-08-16,0.000
2016-08-17,20.000
2016-08-18,7.600
2016-08-19,8.600
2016-08-20,65.600
2016-08-21,25.600
2016-08-22,1.000
2016-08-23,0.800
2016-08-24,0.400
2016-08-25,0.000
2016-08-26,0.000
2016-08-27,0.000
2016-08-28,0.000
2016-08-29,0.000
2016-08-30,6.600
2016-08-31,0.800
2016-09-01,0.000
2016-09-02,0.000
2016-09-03,18.600
2016-09-04,14.600
2016-09-05,2.600
2016-09-06,2.200
2016-09-07,0.000
2016-09-08,0.000
2016-09-09,0.000
2016-09-10,0.000
2016-09-11,1.200
2016-09-12,0.000
2016-09-13,1.000
2016-09-14,0.000
2016-09-15,0.000
2016-09-16,0.000
2016-09-17,0.000
2016-09-18,1.000
2016-09-19,0.000
2016-09-20,0.000
2016-09-21,0.000
2016-09-22,1.000
2016-09-23,0.000
2016-09-24,0.000
2016-09-25,1.000
2016-09-26,0.000
2016-09-27,0.000
2016-09-28,0.000
2016-09-29,0.000
2016-09-30,0.000
2016-10-01,0.000
2016-10-02,0.000
2016-10-03,0.000
2016-10-04,0.000
2016-10-05,0.000
2016-10-06,34.000
2016-10-07,0.600
2016-10-08,0.000
2016-10-09,0.000
2016-10-10,0.000
2016-10-11,0.000
2016-10-12,9.000
2016-10-13,21.400
2016-10-14,3.800
2016-10-15,0.600
2016-10-16,0.000
2016-10-17,0.200
2016-10-18,41.600
2016-10-19,0.400
2016-10-20,23.600
2016-10-21,0.400
2016-10-22,0.000
2016-10-23,0.000
2016-10-24,0.000
2016-10-25,6.800
2016-10-26,0.000
2016-10-27,1.200
2016-10-28,0.000
2016-10-29,1.000
2016-10-30,0.200
2016-10-31,0.000
2016-11-01,0.000
2016-11-02,34.200
2016-11-03,0.200
2016-11-04,0.000
2016-11-05,0.000
2016-11-06,0.000
2016-11-07,0.000
2016-11-08,0.000
2016-11-09,34.800
2016-11-10,0.200
2016-11-11,7.200
2016-11-12,0.200
2016-11-13,0.000
2016-11-14,0.000
2016-11-15,0.200
2016-11-16,7.600
2016-11-17,0.000
2016-11-18,0.000
2016-11-19,0.000
2016-11-20,0.000
2016-11-21,0.000
2016-11-22,0.000
2016-11-23,0.000
2016-11-24,0.000
2016-11-25,0.200
2016-11-26,0.000
2016-11-27,0.600
2016-11-28,4.000
2016-11-29,0.400
2016-11-30,0.000
2016-12-01,0.000
2016-12-02,0.000
2016-12-03,6.200
2016-12-04,3.000
2016-12-05,0.800
2016-12-06,0.000
2016-12-07,0.000
2016-12-08,3.800
2016-12-09,23.000
2016-12-10,1.600
2016-12-11,2.200
2016-12-12,0.200
2016-12-13,0.000
2016-12-14,0.000
2016-12-15,0.000
2016-12-16,0.200
2016-12-17,0.000
2016-12-18,0.000
2016-12-19,0.000
2016-12-20,14.400
2016-12-21,0.200
2016-12-22,0.000
2016-12-23,31.600
2016-12-24,11.800
2016-12-25,0.000
2016-12-26,1.200
2016-12-27,0.000
2016-12-28,0.000
2016-12-29,0.200
2016-12-30,0.200
2016-12-31,5.000
2017-01-01,0.000
2017-01-02,13.400
2017-01-03,0.000
2017-01-04,0.800
2017-01-05,26.400
2017-01-06,10.000
2017-01-07,3.600
2017-01-08,12.000
2017-01-09,8.000
2017-01-10,41.800
2017-01-11,7.800
2017-01-12,22.600
2017-01-13,0.000
2017-01-14,0.000
2017-01-15,0.000
2017-01-16,8.200
2017-01-17,14.000
2017-01-18,0.400
2017-01-19,1.000
2017-01-20,0.800
2017-01-21,2.800
2017-01-22,8.800
2017-01-23,1.400
2017-01-24,3.200
2017-01-25,1.200
2017-01-26,4.600
2017-01-27,2.200
2017-01-28,0.200
2017-01-29,12.600
2017-01-30,0.000
2017-01-31,28.800
2017-02-01,0.200
2017-02-02,23.400
2017-02-03,1.000
2017-02-04,0.000
2017-02-05,0.000
2017-02-06,12.000
2017-02-07,0.000
2017-02-08,0.000
2017-02-09,0.400
2017-02-10,0.000
2017-02-11,0.600
2017-02-12,4.600
2017-02-13,4.600
2017-02-14,0.000
2017-02-15,0.000
2017-02-16,0.000
2017-02-17,10.200
2017-02-18,5.600
2017-02-19,0.000
2017-02-20,0.000
2017-02-21,0.000
2017-02-22,0.000
2017-02-23,8.000
2017-02-24,0.000
2017-02-25,0.000
2017-02-26,23.400
2017-02-27,4.000
2017-02-28,0.000
2017-03-01,8.800
2017-03-02,0.400
2017-03-03,0.000
2017-03-04,0.000
2017-03-05,8.200
2017-03-06,22.200
2017-03-07,0.200
2017-03-08,0.200
2017-03-09,0.000
2017-03-10,0.000
2017-03-11,0.000
2017-03-12,21.400
2017-03-13,0.200
2017-03-14,0.000
2017-03-15,0.000
2017-03-16,1.000
2017-03-17,13.000
2017-03-18,28.200
2017-03-19,2.800
2017-03-20,0.400
2017-03-21,1.000
2017-03-22,0.800
2017-03-23,0.000
2017-03-24,0.400
2017-03-25,0.000
2017-03-26,0.000
2017-03-27,5.600
2017-03-28,2.400
2017-03-29,4.000
2017-03-30,0.000
2017-03-31,0.800
2017-04-01,5.400
2017-04-02,0.200
2017-04-03,0.200
2017-04-04,0.000
2017-04-05,0.200
2017-04-06,32.000
2017-04-07,0.000
2017-04-08,0.000
2017-04-09,1.000
2017-04-10,7.600
2017-04-11,13.200
2017-04-12,0.000
2017-04-13,0.000
2017-04-14,0.000
2017-04-15,0.000
2017-04-16,0.000
2017-04-17,0.600
2017-04-18,0.400
2017-04-19,0.000
2017-04-20,19.600
2017-04-21,12.200
2017-04-22,0.200
2017-04-23,0.000
2017-04-24,0.000
2017-04-25,0.000
2017-04-26,19.000
2017-04-27,0.000
2017-04-28,0.000
2017-04-29,0.000
2017-04-30,0.000
2017-05-01,0.000
2017-05-02,0.000
2017-05-03,0.000
2017-05-04,11.400
2017-05-05,0.600
2017-05-06,0.000
2017-05-07,0.000
2017-05-08,0.000
2017-05-09,0.000
2017-05-10,0.000
2017-05-11,0.000
2017-05-12,0.000
2017-05-13,0.000
2017-05-14,8.200
2017-05-15,0.000
2017-05-16,0.000
2017-05-17,0.000
2017-05-18,11.000
2017-05-19,33.200
2017-05-20,0.400
2017-05-21,26.200
2017-05-22,1.000
2017-05-23,0.200
2017-05-24,0.400
2017-05-25,0.200
2017-05-26,0.000
2017-05-27,0.200
2017-05-28,0.400
2017-05-29,0.000
2017-05-30,0.200
2017-05-31,17.400
2017-06-01,1.000
2017-06-02,0.000
2017-06-03,0.200
2017-06-04,0.000
2017-06-05,41.600
2017-06-06,61.200
2017-06-07,3.400
2017-06-08,7.000
2017-06-09,2.800
2017-06-10,0.200
2017-06-11,0.000
2017-06-12,0.000
2017-06-13,0.000
2017-06-14,0.000
2017-06-15,0.000
2017-06-16,0.000
2017-06-17,0.200
2017-06-18,0.000
2017-06-19,3.600
2017-06-20,18.200
2017-06-21,0.200
2017-06-22,0.200
2017-06-23,0.000
2017-06-24,0.000
2017-06-25,0.200
2017-06-26,0.000
2017-06-27,0.000
2017-06-28,0.000
2017-06-29,0.200
2017-06-30,0.000
2017-07-01,0.000
2017-07-02,0.200
2017-07-03,2.000
2017-07-04,3.000
2017-07-05,0.000
2017-07-06,0.000
2017-07-07,0.200
2017-07-08,0.000
2017-07-09,0.000
2017-07-10,0.000
2017-07-11,0.000
2017-07-12,0.200
2017-07-13,0.000
2017-07-14,0.000
2017-07-15,0.000
2017-07-16,0.200
2017-07-17,1.400
2017-07-18,3.800
2017-07-19,0.200
2017-07-20,0.000
2017-07-21,0.200
2017-07-22,0.000
2017-07-23,0.000
2017-07-24,0.000
2017-07-25,0.000
2017-07-26,0.000
2017-07-27,0.000
2017-07-28,0.000
2017-07-29,0.000
2017-07-30,0.000
2017-07-31,0.000
2017-08-01,0.000
2017-08-02,0.200
2017-08-03,4.000
2017-08-04,0.000
2017-08-05,0.000
2017-08-06,0.000
2017-08-07,0.000
2017-08-08,0.000
2017-08-09,0.000
2017-08-10,0.000
2017-08-11,0.000
2017-08-12,0.000
2017-08-13,3.600
2017-08-14,0.200
2017-08-15,3.200
2017-08-16,0.200
2017-08-17,0.000
2017-08-18,0.000
2017-08-19,9.200
2017-08-20,34.200
2017-08-21,0.400
2017-08-22,0.000
2017-08-23,0.000
2017-08-24,0.000
2017-08-25,0.200
2017-08-26,0.000
2017-08-27,0.000
2017-08-28,0.000
2017-08-29,0.000
2017-08-30,0.000
2017-08-31,0.000
2017-09-01,0.000
2017-09-02,0.000
2017-09-03,0.000
2017-09-04,0.000
2017-09-05,0.000
2017-09-06,0.000
2017-09-07,0.000
2017-09-08,0.000
2017-09-09,0.000
2017-09-10,0.000
2017-09-11,0.000
2017-09-12,0.000
2017-09-13,0.000
2017-09-14,0.000
2017-09-15,0.000
2017-09-16,0.000
2017-09-17,0.000
2017-09-18,0.000
2017-09-19,0.000
2017-09-20,0.000
2017-09-21,0.000
2017-09-22,0.000
2017-09-23,0.000
2017-09-24,0.000
2017-09-25,0.000
2017-09-26,0.000
2017-09-27,0.000
2017-09-28,0.000
2017-09-29,14.000
2017-09-30,13.400
2017-10-01,0.000
2017-10-02,3.200
2017-10-03,2.000
2017-10-04,0.000
2017-10-05,0.000
2017-10-06,29.400
2017-10-07,26.400
2017-10-08,6.800
2017-10-09,0.200
2017-10-10,0.400
2017-10-11,0.400
2017-10-12,0.600
2017-10-13,0.200
2017-10-14,0.800
2017-10-15,1.600
2017-10-16,1.000
2017-10-17,0.600
2017-10-18,0.200
2017-10-19,4.000
2017-10-20,6.400
2017-10-21,11.200
2017-10-22,3.200
2017-10-23,0.200
2017-10-24,0.400
2017-10-25,18.600
2017-10-26,3.200
2017-10-27,25.200
2017-10-28,1.200
2017-10-29,11.200
2017-10-30,17.600
2017-10-31,0.800
2017-11-01,0.400
2017-11-02,0.200
2017-11-03,0.000
2017-11-04,1.800
2017-11-05,0.200
2017-11-06,0.000
2017-11-07,0.000
2017-11-08,0.000
2017-11-09,0.000
2017-11-10,29.400
2017-11-11,0.400
2017-11-12,0.000
2017-11-13,0.000
2017-11-14,0.000
2017-11-15,0.000
2017-11-16,0.400
2017-11-17,27.200
2017-11-18,3.800
2017-11-19,0.200
2017-11-20,0.200
2017-11-21,9.200
2017-11-22,0.400
2017-11-23,0.400
2017-11-24,0.400
2017-11-25,9.600
2017-11-26,2.600
2017-11-27,0.200
2017-11-28,0.200
2017-11-29,0.000
2017-11-30,0.200
2017-12-01,0.000
2017-12-02,0.000
2017-12-03,0.000
2017-12-04,0.000
2017-12-05,0.000
2017-12-06,0.000
2017-12-07,0.000
2017-12-08,0.200
2017-12-09,0.200
2017-12-10,0.600
2017-12-11,0.000
2017-12-12,0.000
2017-12-13,0.000
2017-12-14,0.000
2017-12-15,35.800
2017-12-16,0.400
2017-12-17,18.200
2017-12-18,0.200
2017-12-19,0.200
2017-12-20,17.600
2017-12-21,8.400
2017-12-22,20.000
2017-12-23,8.600
2017-12-24,32.600
2017-12-25,35.400
2017-12-26,0.800
2017-12-27,2.600
2017-12-28,71.000
2017-12-29,25.200
2017-12-30,46.200
2017-12-31,10.800
2018-01-01,2.200
2018-01-02,0.000
2018-01-03,0.000
2018-01-04,0.000
2018-01-05,0.000
2018-01-06,14.400
2018-01-07,0.400
2018-01-08,0.400
2018-01-09,4.000
2018-01-10,11.400
2018-01-11,2.000
2018-01-12,0.800
2018-01-13,0.400
2018-01-14,7.800
2018-01-15,0.600
2018-01-16,25.600
2018-01-17,4.200
2018-01-18,8.400
2018-01-19,24.600
2018-01-20,2.400
2018-01-21,7.400
2018-01-22,0.800
2018-01-23,5.400
2018-01-24,9.200
2018-01-25,0.600
2018-01-26,0.800
2018-01-27,0.000
2018-01-28,0.400
2018-01-29,47.200
2018-01-30,0.400
2018-01-31,2.400
2018-02-01,4.800
2018-02-02,0.400
2018-02-03,0.200
2018-02-04,2.000
2018-02-05,0.400
2018-02-06,0.000
2018-02-07,0.400
2018-02-08,0.000
2018-02-09,21.600
2018-02-10,0.000
2018-02-11,3.600
2018-02-12,20.200
2018-02-13,10.200
2018-02-14,1.400
2018-02-15,0.000
2018-02-16,0.200
2018-02-17,0.000
2018-02-18,0.400
2018-02-19,3.200
2018-02-20,0.000
2018-02-21,5.600
2018-02-22,2.200
2018-02-23,0.000
2018-02-24,0.000
2018-02-25,0.000
2018-02-26,0.000
2018-02-27,0.000
2018-02-28,16.800
2018-03-01,3.000
2018-03-02,12.200
2018-03-03,4.400
2018-03-04,5.800
2018-03-05,0.200
2018-03-06,5.400
2018-03-07,9.600
2018-03-08,0.000
2018-03-09,0.000
2018-03-10,1.800
2018-03-11,0.400
2018-03-12,0.200
2018-03-13,0.000
2018-03-14,33.800
2018-03-15,0.400
2018-03-16,0.200
2018-03-17,0.000
2018-03-18,0.000
2018-03-19,0.000
2018-03-20,34.400
2018-03-21,4.600
2018-03-22,0.000
2018-03-23,0.000
2018-03-24,0.000
2018-03-25,18.200
2018-03-26,
2018-03-27,
2018-03-28,6.600
2018-03-29,9.200
2018-03-30,0.000
2018-03-31,0.000
2018-04-01,0.400
2018-04-02,0.600
2018-04-03,0.000
2018-04-04,0.000
2018-04-05,0.000
2018-04-06,0.000
2018-04-07,0.000
2018-04-08,0.000
2018-04-09,1.400
2018-04-10,0.400
2018-04-11,0.000
2018-04-12,0.000
2018-04-13,0.000
2018-04-14,10.200
2018-04-15,0.000
2018-04-16,1.600
2018-04-17,2.800
2018-04-18,0.000
2018-04-19,0.000
2018-04-20,0.000
2018-04-21,0.000
2018-04-22,0.000
2018-04-23,0.000
2018-04-24,0.000
2018-04-25,0.000
2018-04-26,0.000
2018-04-27,0.000
2018-04-28,0.000
2018-04-29,0.000
2018-04-30,0.000
2018-05-01,0.000
2018-05-02,0.200
2018-05-03,0.000
2018-05-04,0.000
2018-05-05,0.000
2018-05-06,12.200
2018-05-07,1.800
2018-05-08,1.000
2018-05-09,0.200
2018-05-10,0.000
2018-05-11,0.000
2018-05-12,0.000
2018-05-13,0.000
2018-05-14,0.000
2018-05-15,0.000
2018-05-16,0.000
2018-05-17,0.000
2018-05-18,5.000
2018-05-19,16.000
2018-05-20,0.000
2018-05-21,0.000
2018-05-22,0.000
2018-05-23,0.000
2018-05-24,0.000
2018-05-25,0.000
2018-05-26,
2018-05-27,0.000
2018-05-28,0.000
2018-05-29,0.000
2018-05-30,0.000
2018-05-31,0.000
2018-06-01,0.000
2018-06-02,15.800
2018-06-03,0.800
2018-06-04,3.400
2018-06-05,6.600
2018-06-06,0.200
2018-06-07,18.800
2018-06-08,0.200
2018-06-09,0.000
2018-06-10,0.000
2018-06-11,0.000
2018-06-12,8.000
2018-06-13,0.200
2018-06-14,1.800
2018-06-15,4.800
2018-06-16,3.600
2018-06-17,0.000
2018-06-18,0.000
2018-06-19,0.000
2018-06-20,0.000
2018-06-21,0.000
2018-06-22,0.000
2018-06-23,0.000
2018-06-24,0.000
2018-06-25,0.000
2018-06-26,0.000
2018-06-27,7.600
2018-06-28,0.200
2018-06-29,0.000
2018-06-30,0.000
2018-07-01,0.000
2018-07-02,0.000
2018-07-03,0.000
2018-07-04,0.000
2018-07-05,0.000
2018-07-06,0.000
2018-07-07,0.000
2018-07-08,0.000
2018-07-09,0.000
2018-07-10,0.000
2018-07-11,0.000
2018-07-12,0.000
2018-07-13,0.000
2018-07-14,0.000
2018-07-15,0.000
2018-07-16,0.000
2018-07-17,0.000
2018-07-18,0.000
2018-07-19,0.000
2018-07-20,0.000
2018-07-21,0.000
2018-07-22,0.000
2018-07-23,0.000
2018-07-24,0.000
2018-07-25,0.200
2018-07-26,0.000
2018-07-27,0.000
2018-07-28,0.000
2018-07-29,0.000
2018-07-30,0.400
2018-07-31,12.600
2018-08-01,0.000
2018-08-02,0.000
2018-08-03,0.000
2018-08-04,0.000
2018-08-05,0.000
2018-08-06,0.000
2018-08-07,0.000
2018-08-08,3.200
2018-08-09,0.200
2018-08-10,0.000
2018-08-11,0.000
2018-08-12,0.000
2018-08-13,0.000
2018-08-14,0.000
2018-08-15,0.000
2018-08-16,0.000
2018-08-17,0.600
2018-08-18,0.000
2018-08-19,0.000
2018-08-20,0.000
2018-08-21,0.200
2018-08-22,4.000
2018-08-23,0.000
2018-08-24,21.600
2018-08-25,4.200
2018-08-26,0.000
2018-08-27,0.000
2018-08-28,0.000
2018-08-29,0.000
2018-08-30,0.000
2018-08-31,0.000
2018-09-01,0.000
2018-09-02,8.800
2018-09-03,3.800
2018-09-04,10.200
2018-09-05,0.200
2018-09-06,0.000
2018-09-07,0.000
2018-09-08,0.000
2018-09-09,0.000
2018-09-10,0.000
2018-09-11,0.000
2018-09-12,0.000
2018-09-13,0.000
2018-09-14,1.000
2018-09-15,1.000
2018-09-16,0.200
2018-09-17,0.400
2018-09-18,0.000
2018-09-19,0.200
2018-09-20,3.600
2018-09-21,0.000
2018-09-22,0.000
2018-09-23,0.000
2018-09-24,0.000
2018-09-25,0.000
2018-09-26,16.200
2018-09-27,0.800
2018-09-28,0.000
2018-09-29,0.000
2018-09-30,5.800
2018-10-01,0.200
2018-10-02,5.800
2018-10-03,20.600
2018-10-04,0.000
2018-10-05,0.000
2018-10-06,20.200
2018-10-07,28.800
2018-10-08,30.000
2018-10-09,0.000
2018-10-10,12.800
2018-10-11,7.200
2018-10-12,0.200
2018-10-13,8.600
2018-10-14,5.000
2018-10-15,3.800
2018-10-16,10.400
2018-10-17,30.600
2018-10-18,3.600
2018-10-19,0.000
2018-10-20,0.200
2018-10-21,0.200
2018-10-22,0.000
2018-10-23,1.000
2018-10-24,19.000
2018-10-25,1.800
2018-10-26,18.200
2018-10-27,1.200
2018-10-28,0.000
2018-10-29,0.000
2018-10-30,0.000
2018-10-31,7.000
2018-11-01,0.400
2018-11-02,0.000
2018-11-03,9.000
2018-11-04,0.200
2018-11-05,0.000
2018-11-06,0.000
2018-11-07,0.000
2018-11-08,2.400
2018-11-09,8.400
2018-11-10,1.200
2018-11-11,0.000
2018-11-12,0.000
2018-11-13,0.000
2018-11-14,1.200
2018-11-15,0.200
2018-11-16,0.000
2018-11-17,0.000
2018-11-18,16.600
2018-11-19,0.000
2018-11-20,0.400
2018-11-21,0.200
2018-11-22,0.000
2018-11-23,0.200
2018-11-24,4.400
2018-11-25,0.400
2018-11-26,2.000
2018-11-27,0.400
2018-11-28,0.000
2018-11-29,0.800
2018-11-30,35.200
2018-12-01,0.000
2018-12-02,0.000
2018-12-03,0.000
2018-12-04,0.000
2018-12-05,0.000
2018-12-06,0.000
2018-12-07,2.000
2018-12-08,0.000
2018-12-09,0.000
2018-12-10,0.000
2018-12-11,0.000
2018-12-12,0.000
2018-12-13,0.000
2018-12-14,0.000
2018-12-15,46.000
2018-12-16,5.200
2018-12-17,12.000
2018-12-18,20.200
2018-12-19,0.000
2018-12-20,12.800
2018-12-21,4.600
2018-12-22,22.000
2018-12-23,0.800
2018-12-24,0.000
2018-12-25,0.200
2018-12-26,0.200
2018-12-27,5.600
2018-12-28,0.000
2018-12-29,0.000
2018-12-30,0.000
2018-12-31,0.000
2019-01-01,0.000
2019-01-02,0.000
2019-01-03,1.600
2019-01-04,41.600
2019-01-05,11.000
2019-01-06,1.200
2019-01-07,0.600
2019-01-08,5.600
2019-01-09,0.000
2019-01-10,7.200
2019-01-11,23.600
2019-01-12,21.000
2019-01-13,2.400
2019-01-14,10.600
2019-01-15,0.000
2019-01-16,1.800
2019-01-17,53.000
2019-01-18,9.400
2019-01-19,1.600
2019-01-20,4.600
2019-01-21,2.400
2019-01-22,3.600
2019-01-23,0.200
2019-01-24,0.000
2019-01-25,0.000
2019-01-26,0.000
2019-01-27,0.000
2019-01-28,0.000
2019-01-29,0.000
2019-01-30,0.000
2019-01-31,0.400
2019-02-01,0.000
2019-02-02,1.200
2019-02-03,1.200
2019-02-04,0.000
2019-02-05,0.800
2019-02-06,0.000
2019-02-07,0.000
2019-02-08,0.000
2019-02-09,0.000
2019-02-10,0.000
2019-02-11,17.600
2019-02-12,0.000
2019-02-13,0.400
2019-02-14,0.000
2019-02-15,43.000
2019-02-16,1.000
2019-02-17,13.000
2019-02-18,32.600
2019-02-19,1.000
2019-02-20,7.600
2019-02-21,8.600
2019-02-22,2.400
2019-02-23,0.000
2019-02-24,0.000
2019-02-25,43.200
2019-02-26,9.000
2019-02-27,17.800
2019-02-28,0.400
2019-03-01,0.000
2019-03-02,0.000
2019-03-03,0.000
2019-03-04,0.000
2019-03-05,6.000
2019-03-06,4.200
2019-03-07,1.400
2019-03-08,1.400
2019-03-09,0.000
2019-03-10,0.000
2019-03-11,0.000
2019-03-12,0.000
2019-03-13,6.400
2019-03-14,0.200
2019-03-15,0.600
2019-03-16,4.600
2019-03-17,0.400
2019-03-18,19.600
2019-03-19,0.000
2019-03-20,0.000
2019-03-21,0.000
2019-03-22,1.600
2019-03-23,0.000
2019-03-24,0.000
2019-03-25,0.000
2019-03-26,1.200
2019-03-27,0.000
2019-03-28,0.600
2019-03-29,1.600
2019-03-30,0.000
2019-03-31,0.000
2019-04-01,0.000
2019-04-02,0.000
2019-04-03,0.000
2019-04-04,0.000
2019-04-05,0.000
2019-04-06,5.400
2019-04-07,17.200
2019-04-08,12.600
2019-04-09,0.000
2019-04-10,0.000
2019-04-11,0.000
2019-04-12,0.000
2019-04-13,0.000
2019-04-14,0.000
2019-04-15,0.000
2019-04-16,0.400
2019-04-17,0.200
2019-04-18,0.000
2019-04-19,0.000
2019-04-20,0.000
2019-04-21,21.400
2019-04-22,9.800
2019-04-23,0.200
2019-04-24,0.200
2019-04-25,0.000
2019-04-26,0.000
2019-04-27,19.200
2019-04-28,19.600
2019-04-29,0.000
2019-04-30,0.000
2019-05-01,0.000
2019-05-02,0.200
2019-05-03,0.000
2019-05-04,0.000
2019-05-05,0.000
2019-05-06,34.600
2019-05-07,1.400
2019-05-08,0.000
2019-05-09,0.000
2019-05-10,0.000
2019-05-11,0.800
2019-05-12,2.800
2019-05-13,0.000
2019-05-14,0.000
2019-05-15,2.000
2019-05-16,6.200
2019-05-17,10.200
2019-05-18,3.800
2019-05-19,2.000
2019-05-20,0.000
2019-05-21,0.000
2019-05-22,0.000
2019-05-23,23.400
2019-05-24,26.200
2019-05-25,0.000
2019-05-26,0.000
2019-05-27,0.000
2019-05-28,26.400
2019-05-29,0.200
2019-05-30,61.800
2019-05-31,30.400
2019-06-01,15.000
2019-06-02,9.400
2019-06-03,2.200
2019-06-04,0.000
2019-06-05,1.000
2019-06-06,0.000
2019-06-07,0.000
2019-06-08,0.000
2019-06-09,0.000
2019-06-10,0.000
2019-06-11,0.000
2019-06-12,0.000
2019-06-13,0.000
2019-06-14,0.000
2019-06-15,0.000
2019-06-16,0.000
2019-06-17,0.000
2019-06-18,0.000
2019-06-19,0.000
2019-06-20,0.000
2019-06-21,0.000
2019-06-22,0.000
2019-06-23,0.000
2019-06-24,0.000
2019-06-25,0.200
2019-06-26,4.800
2019-06-27,2.200
2019-06-28,0.000
2019-06-29,0.000
2019-06-30,0.000
2019-07-01,0.000
2019-07-02,0.000
2019-07-03,23.400
2019-07-04,0.600
2019-07-05,3.800
2019-07-06,0.000
2019-07-07,0.000
2019-07-08,0.000
2019-07-09,0.000
2019-07-10,0.000
2019-07-11,0.000
2019-07-12,0.000
2019-07-13,0.000
2019-07-14,0.000
2019-07-15,5.400
2019-07-16,0.000
2019-07-17,0.200
2019-07-18,1.000
2019-07-19,0.200
2019-07-20,0.000
2019-07-21,0.000
2019-07-22,0.000
2019-07-23,0.000
2019-07-24,0.200
2019-07-25,0.000
2019-07-26,0.000
2019-07-27,0.000
2019-07-28,0.000
2019-07-29,0.000
2019-07-30,0.600
2019-07-31,0.000
2019-08-01,0.000
2019-08-02,3.800
2019-08-03,0.200
2019-08-04,0.000
2019-08-05,0.000
2019-08-06,0.000
2019-08-07,0.000
2019-08-08,0.000
2019-08-09,0.000
2019-08-10,0.000
2019-08-11,0.000
2019-08-12,0.000
2019-08-13,0.800
2019-08-14,0.200
2019-08-15,0.000
2019-08-16,0.000
2019-08-17,0.000
2019-08-18,3.200
2019-08-19,16.800
2019-08-20,0.000
2019-08-21,0.000
2019-08-22,0.000
2019-08-23,1.400
2019-08-24,0.000
2019-08-25,0.600
2019-08-26,0.000
2019-08-27,0.000
2019-08-28,0.000
2019-08-29,0.000
2019-08-30,0.000
2019-08-31,5.000
2019-09-01,31.200
2019-09-02,0.600
2019-09-03,1.800
2019-09-04,0.000
2019-09-05,0.000
2019-09-06,5.000
2019-09-07,0.000
2019-09-08,0.000
2019-09-09,0.000
2019-09-10,0.000
2019-09-11,0.000
2019-09-12,0.000
2019-09-13,0.000
2019-09-14,0.000
2019-09-15,0.000
2019-09-16,0.000
2019-09-17,0.000
2019-09-18,11.800
2019-09-19,26.400
2019-09-20,19.400
2019-09-21,1.600
2019-09-22,0.000
2019-09-23,0.000
2019-09-24,0.000
2019-09-25,0.000
2019-09-26,0.000
2019-09-27,0.000
2019-09-28,0.000
2019-09-29,0.000
2019-09-30,0.000
2019-10-01,0.000
2019-10-02,0.000
2019-10-03,0.000
2019-10-04,0.000
2019-10-05,0.000
2019-10-06,1.000
2019-10-07,6.800
2019-10-08,0.200
2019-10-09,0.000
2019-10-10,0.000
2019-10-11,0.000
2019-10-12,0.000
2019-10-13,0.000
2019-10-14,4.000
2019-10-15,0.600
2019-10-16,0.000
2019-10-17,0.200
2019-10-18,6.200
2019-10-19,0.200
2019-10-20,0.000
2019-10-21,7.800
2019-10-22,0.000
2019-10-23,0.000
2019-10-24,0.000
2019-10-25,5.000
2019-10-26,0.000
2019-10-27,7.600
2019-10-28,2.400
2019-10-29,0.000
2019-10-30,0.000
2019-10-31,0.000
2019-11-01,0.400
2019-11-02,0.000
2019-11-03,9.600
2019-11-04,0.000
2019-11-05,33.000
2019-11-06,0.200
2019-11-07,0.000
2019-11-08,0.000
2019-11-09,0.000
2019-11-10,33.000
2019-11-11,0.200
2019-11-12,2.600
2019-11-13,1.800
2019-11-14,28.400
2019-11-15,0.000
2019-11-16,0.000
2019-11-17,0.000
2019-11-18,0.000
2019-11-19,0.200
2019-11-20,0.000
2019-11-21,0.800
2019-11-22,1.800
2019-11-23,0.400
2019-11-24,0.000
2019-11-25,0.000
2019-11-26,12.200
2019-11-27,27.800
2019-11-28,0.000
2019-11-29,0.000
2019-11-30,0.000
2019-12-01,1.600
2019-12-02,0.000
2019-12-03,0.200
2019-12-04,0.000
2019-12-05,16.600
2019-12-06,1.000
2019-12-07,0.000
2019-12-08,0.000
2019-12-09,0.000
2019-12-10,0.000
2019-12-11,0.000
2019-12-12,0.000
2019-12-13,0.000
2019-12-14,0.000
2019-12-15,0.400
2019-12-16,8.600
2019-12-17,3.800
2019-12-18,0.600
2019-12-19,0.000
2019-12-20,16.800
2019-12-21,0.200
2019-12-22,0.800
2019-12-23,0.000
2019-12-24,0.000
2019-12-25,0.000
2019-12-26,0.000
2019-12-27,0.000
2019-12-28,0.000
2019-12-29,0.000
2019-12-30,0.000
2019-12-31,0.000
2020-01-01,15.000
2020-01-02,5.600
2020-01-03,0.000
2020-01-04,0.600
2020-01-05,0.000
2020-01-06,0.000
2020-01-07,1.600
2020-01-08,0.400
2020-01-09,8.000
2020-01-10,5.000
2020-01-11,27.000
2020-01-12,0.200
2020-01-13,0.000
2020-01-14,0.000
2020-01-15,0.000
2020-01-16,33.800
2020-01-17,0.000
2020-01-18,0.000
2020-01-19,0.000
2020-01-20,3.000
2020-01-21,0.000
2020-01-22,0.000
2020-01-23,0.000
2020-01-24,0.200
2020-01-25,0.000
2020-01-26,0.000
2020-01-27,11.000
2020-01-28,5.400
2020-01-29,0.000
2020-01-30,2.400
2020-01-31,0.000
2020-02-01,0.000
2020-02-02,7.600
2020-02-03,1.400
2020-02-04,0.600
2020-02-05,0.600
2020-02-06,1.000
2020-02-07,18.600
2020-02-08,13.200
2020-02-09,15.400
2020-02-10,0.200
2020-02-11,0.000
2020-02-12,0.200
2020-02-13,0.000
2020-02-14,0.000
2020-02-15,0.000
2020-02-16,0.000
2020-02-17,0.000
2020-02-18,0.000
2020-02-19,1.800
2020-02-20,3.800
2020-02-21,7.000
2020-02-22,0.600
2020-02-23,0.000
2020-02-24,0.000
2020-02-25,3.000
2020-02-26,8.400
2020-02-27,0.000
2020-02-28,0.000
2020-02-29,0.200
2020-03-01,3.400
2020-03-02,1.800
2020-03-03,2.000
2020-03-04,0.000
2020-03-05,0.000
2020-03-06,0.000
2020-03-07,0.000
2020-03-08,0.000
2020-03-09,0.000
2020-03-10,0.000
2020-03-11,0.000
2020-03-12,0.000
2020-03-13,0.000
2020-03-14,0.000
2020-03-15,0.000
2020-03-16,8.200
2020-03-17,0.000
2020-03-18,4.800
2020-03-19,3.000
2020-03-20,0.200
2020-03-21,0.000
2020-03-22,0.000
2020-03-23,0.000
2020-03-24,3.200
2020-03-25,1.800
2020-03-26,0.000
2020-03-27,0.000
2020-03-28,0.000
2020-03-29,0.000
2020-03-30,0.000
2020-03-31,0.000
2020-04-01,0.000
2020-04-02,0.000
2020-04-03,0.000
2020-04-04,0.000
2020-04-05,0.000
2020-04-06,11.600
2020-04-07,0.000
2020-04-08,0.000
2020-04-09,0.000
2020-04-10,0.000
2020-04-11,0.000
2020-04-12,0.000
2020-04-13,0.000
2020-04-14,0.000
2020-04-15,0.000
2020-04-16,0.000
2020-04-17,0.000
2020-04-18,0.000
2020-04-19,0.000
2020-04-20,0.000
2020-04-21,0.000
2020-04-22,0.000
2020-04-23,0.000
2020-04-24,0.000
2020-04-25,0.000
2020-04-26,0.000
2020-04-27,0.000
2020-04-28,0.000
2020-04-29,0.000
2020-04-30,0.000
2020-05-01,0.000
2020-05-02,0.000
2020-05-03,0.000
2020-05-04,0.000
2020-05-05,0.000
2020-05-06,0.000
2020-05-07,0.000
2020-05-08,0.000
2020-05-09,0.000
2020-05-10,0.000
2020-05-11,0.000
2020-05-12,0.000
2020-05-13,0.000
2020-05-14,0.000
2020-05-15,0.000
2020-05-16,0.000
2020-05-17,0.000
2020-05-18,0.000
2020-05-19,0.000
2020-05-20,0.000
2020-05-21,0.000
2020-05-22,0.000
2020-05-23,0.000
2020-05-24,0.000
2020-05-25,0.000
2020-05-26,0.000
2020-05-27,0.000
2020-05-28,0.000
2020-05-29,0.000
2020-05-30,0.000
2020-05-31,0.000
2020-06-01,0.000
2020-06-02,0.000
2020-06-03,0.000
2020-06-04,0.200
2020-06-05,3.600
2020-06-06,20.000
2020-06-07,0.000
2020-06-08,6.000
2020-06-09,1.400
2020-06-10,13.800
2020-06-11,0.200
2020-06-12,0.000
2020-06-13,0.000
2020-06-14,0.000
2020-06-15,0.000
2020-06-16,0.600
2020-06-17,0.600
2020-06-18,0.000
2020-06-19,0.000
2020-06-20,0.000
2020-06-21,0.000
2020-06-22,0.000
2020-06-23,0.000
2020-06-24,0.000
2020-06-25,0.000
2020-06-26,2.200
2020-06-27,18.200
2020-06-28,0.000
2020-06-29,0.000
2020-06-30,0.200
2020-07-01,0.200
2020-07-02,
2020-07-03,
2020-07-04,
2020-07-05,
2020-07-06,
2020-07-07,
2020-07-08,0.000
2020-07-09,
2020-07-10,
2020-07-11,0.000
2020-07-12,0.000
2020-07-13,0.000
2020-07-14,8.000
2020-07-15,0.000
2020-07-16,0.000
2020-07-17,0.000
2020-07-18,0.000
2020-07-19,0.000
2020-07-20,0.000
2020-07-21,0.000
2020-07-22,0.000
2020-07-23,0.000
2020-07-24,0.000
2020-07-25,0.000
2020-07-26,0.000
2020-07-27,0.000
2020-07-28,12.400
2020-07-29,18.000
2020-07-30,0.000
2020-07-31,0.000
2020-08-01,0.000
2020-08-02,0.000
2020-08-03,0.000
2020-08-04,0.000
2020-08-05,0.000
2020-08-06,0.000
2020-08-07,0.000
2020-08-08,0.000
2020-08-09,0.000
2020-08-10,0.000
2020-08-11,0.000
2020-08-12,0.000
2020-08-13,0.200
2020-08-14,16.800
2020-08-15,27.200
2020-08-16,13.000
2020-08-17,5.000
2020-08-18,23.800
2020-08-19,20.200
2020-08-20,19.600
2020-08-21,2.400
2020-08-22,0.200
2020-08-23,0.400
2020-08-24,0.000
2020-08-25,0.000
2020-08-26,0.000
2020-08-27,0.000
2020-08-28,0.000
2020-08-29,0.000
2020-08-30,0.000
2020-08-31,0.000
2020-09-01,0.000
2020-09-02,0.000
2020-09-03,0.000
2020-09-04,0.000
2020-09-05,0.000
2020-09-06,0.000
2020-09-07,0.000
2020-09-08,0.000
2020-09-09,0.000
2020-09-10,0.000
2020-09-11,0.000
2020-09-12,0.000
2020-09-13,0.000
2020-09-14,0.000
2020-09-15,0.000
2020-09-16,0.000
2020-09-17,0.200
2020-09-18,0.000
2020-09-19,0.000
2020-09-20,0.000
2020-09-21,0.000
2020-09-22,0.000
2020-09-23,0.000
2020-09-24,0.000
2020-09-25,0.000
2020-09-26,0.000
2020-09-27,0.000
2020-09-28,0.000
2020-09-29,0.000
2020-09-30,0.000
2020-10-01,0.000
2020-10-02,0.000
2020-10-03,0.000
2020-10-04,0.000
2020-10-05,0.000
2020-10-06,0.000
2020-10-07,0.000
2020-10-08,2.400
2020-10-09,12.600
2020-10-10,0.200
2020-10-11,0.000
2020-10-12,0.000
2020-10-13,0.000
2020-10-14,0.000
2020-10-15,0.000
2020-10-16,0.000
2020-10-17,0.000
2020-10-18,0.000
2020-10-19,0.000
2020-10-20,0.000
2020-10-21,0.000
2020-10-22,0.600
2020-10-23,0.000
2020-10-24,1.200
2020-10-25,0.200
2020-10-26,0.000
2020-10-27,0.000
2020-10-28,
2020-10-29,0.000
2020-10-30,0.000
2020-10-31,0.000
2020-11-01,0.000
2020-11-02,0.000
2020-11-03,0.000
2020-11-04,0.000
2020-11-05,0.000
2020-11-06,0.000
2020-11-07,0.000
2020-11-08,0.000
2020-11-09,0.000
2020-11-10,0.000
2020-11-11,32.000
2020-11-12,0.000
2020-11-13,4.000
2020-11-14,0.000
2020-11-15,1.600
2020-11-16,7.400
2020-11-17,0.000
2020-11-18,14.000
2020-11-19,2.600
2020-11-20,0.000
2020-11-21,0.200
2020-11-22,0.000
2020-11-23,0.000
2020-11-24,0.000
2020-11-25,0.000
2020-11-26,16.200
2020-11-27,3.200
2020-11-28,0.000
2020-11-29,0.000
2020-11-30,0.000
2020-12-01,0.000
2020-12-02,0.000
2020-12-03,3.800
2020-12-04,0.000
2020-12-05,4.600
2020-12-06,8.400
2020-12-07,0.000
2020-12-08,0.000
2020-12-09,0.000
2020-12-10,0.000
2020-12-11,0.200
2020-12-12,0.000
2020-12-13,6.000
2020-12-14,25.600
2020-12-15,0.000
2020-12-16,11.800
2020-12-17,9.400
2020-12-18,0.200
2020-12-19,0.200
2020-12-20,1.200
2020-12-21,8.400
2020-12-22,0.000
2020-12-23,0.000
2020-12-24,0.000
2020-12-25,0.000
2020-12-26,0.000
2020-12-27,2.800
2020-12-28,0.400
2020-12-29,0.000
2020-12-30,0.000
2020-12-31,2.600
2021-01-01,0.000
2021-01-02,0.000
2021-01-03,0.000
2021-01-04,0.000
2021-01-05,6.600
2021-01-06,1.200
2021-01-07,0.000
2021-01-08,12.000
2021-01-09,0.200
2021-01-10,1.600
2021-01-11,1.200
2021-01-12,0.000
2021-01-13,22.000
2021-01-14,2.000
2021-01-15,0.800
2021-01-16,3.000
2021-01-17,8.400
2021-01-18,65.800
2021-01-19,2.000
2021-01-20,0.000
2021-01-21,0.000
2021-01-22,0.200
2021-01-23,4.000
2021-01-24,18.400
2021-01-25,7.000
2021-01-26,0.600
2021-01-27,11.000
2021-01-28,0.000
2021-01-29,21.800
2021-01-30,20.400
2021-01-31,1.400
2021-02-01,0.200
2021-02-02,37.400
2021-02-03,0.000
2021-02-04,1.600
2021-02-05,0.000
2021-02-06,0.000
2021-02-07,0.000
2021-02-08,0.000
2021-02-09,0.000
2021-02-10,0.000
2021-02-11,5.600
2021-02-12,0.000
2021-02-13,0.000
2021-02-14,0.000
2021-02-15,0.000
2021-02-16,0.000
2021-02-17,0.000
2021-02-18,0.000
2021-02-19,0.000
2021-02-20,0.000
2021-02-21,0.000
2021-02-22,0.000
2021-02-23,0.000
2021-02-24,0.000
2021-02-25,0.000
2021-02-26,0.000
2021-02-27,0.000
2021-02-28,0.000
2021-03-01,0.000
2021-03-02,0.000
2021-03-03,0.000
2021-03-04,0.000
2021-03-05,0.000
2021-03-06,0.000
2021-03-07,0.000
2021-03-08,1.200
2021-03-09,0.000
2021-03-10,
2021-03-11,
2021-03-12,0.000
2021-03-13,0.000
2021-03-14,0.000
2021-03-15,0.000
2021-03-16,0.000
2021-03-17,0.000
2021-03-18,0.000
2021-03-19,0.000
2021-03-20,0.000
2021-03-21,0.000
2021-03-22,0.600
2021-03-23,0.000
2021-03-24,0.000
2021-03-25,0.000
2021-03-26,0.000
2021-03-27,0.000
2021-03-28,0.000
2021-03-29,0.200
2021-03-30,0.000
2021-03-31,0.000
2021-04-01,0.000
2021-04-02,0.000
2021-04-03,0.000
2021-04-04,0.000
2021-04-05,0.000
2021-04-06,0.000
2021-04-07,0.000
2021-04-08,0.000
2021-04-09,0.000
2021-04-10,0.000
2021-04-11,0.000
2021-04-12,0.000
2021-04-13,0.000
2021-04-14,0.000
2021-04-15,0.000
2021-04-16,0.000
2021-04-17,0.200
2021-04-18,0.000
2021-04-19,0.000
2021-04-20,0.000
2021-04-21,0.000
2021-04-22,0.000
2021-04-23,0.000
2021-04-24,0.000
2021-04-25,0.000
2021-04-26,0.000
2021-04-27,0.000
2021-04-28,0.000
2021-04-29,0.000
2021-04-30,0.000
2021-05-01,0.000
2021-05-02,0.000
2021-05-03,0.000
2021-05-04,0.000
2021-05-05,0.000
2021-05-06,0.000
2021-05-07,0.000
2021-05-08,0.000
2021-05-09,0.000
2021-05-10,0.000
2021-05-11,0.000
2021-05-12,0.000
2021-05-13,0.000
2021-05-14,0.000
2021-05-15,0.000
2021-05-16,0.000
2021-05-17,0.000
2021-05-18,0.000
2021-05-19,0.000
2021-05-20,0.000
2021-05-21,0.000
2021-05-22,0.000
2021-05-23,0.000
2021-05-24,0.000
2021-05-25,0.000
2021-05-26,0.000
2021-05-27,0.000
2021-05-28,0.000
2021-05-29,0.000
2021-05-30,1.000
2021-05-31,0.000
2021-06-01,0.000
2021-06-02,0.000
2021-06-03,0.000
2021-06-04,0.000
2021-06-05,0.000
2021-06-06,0.000
2021-06-07,0.000
2021-06-08,0.000
2021-06-09,0.000
2021-06-10,0.000
2021-06-11,0.000
2021-06-12,0.000
2021-06-13,0.000
2021-06-14,0.000
2021-06-15,0.000
2021-06-16,0.000
2021-06-17,0.000
2021-06-18,0.000
2021-06-19,0.200
2021-06-20,0.000
2021-06-21,0.000
2021-06-22,0.000
2021-06-23,0.000
2021-06-24,0.000
2021-06-25,0.000
2021-06-26,0.000
2021-06-27,0.000
2021-06-28,0.000
2021-06-29,0.000
2021-06-30,0.000
2021-07-01,0.000
2021-07-02,0.000
2021-07-03,0.000
2021-07-04,0.000
2021-07-05,0.000
2021-07-06,0.000
2021-07-07,0.000
2021-07-08,0.000
2021-07-09,0.000
2021-07-10,0.000
2021-07-11,0.000
2021-07-12,0.000
2021-07-13,0.000
2021-07-14,0.000
2021-07-15,0.000
2021-07-16,0.000
2021-07-17,0.000
2021-07-18,0.000
2021-07-19,0.000
2021-07-20,0.000
2021-07-21,0.000
2021-07-22,0.000
2021-07-23,0.000
2021-07-24,0.000
2021-07-25,0.000
2021-07-26,0.000
2021-07-27,0.000
2021-07-28,0.000
2021-07-29,0.000
2021-07-30,0.000
2021-07-31,0.000
2021-08-01,0.000
2021-08-02,0.000
2021-08-03,0.000
2021-08-04,0.000
2021-08-05,0.000
2021-08-06,0.000
2021-08-07,0.000
2021-08-08,0.000
2021-08-09,0.000
2021-08-10,0.000
2021-08-11,0.000
2021-08-12,2.000
2021-08-13,0.000
2021-08-14,0.000
2021-08-15,0.000
2021-08-16,7.200
2021-08-17,0.000
2021-08-18,0.000
2021-08-19,0.000
2021-08-20,0.000
2021-08-21,0.000
2021-08-22,0.000
2021-08-23,0.000
2021-08-24,0.000
2021-08-25,0.000
2021-08-26,0.000
2021-08-27,0.000
2021-08-28,0.000
2021-08-29,0.000
2021-08-30,0.000
2021-08-31,0.000
2021-09-01,0.000
2021-09-02,0.000
2021-09-03,0.000
2021-09-04,0.000
2021-09-05,0.000
2021-09-06,0.000
2021-09-07,0.000
2021-09-08,2.800
2021-09-09,0.000
2021-09-10,0.000
2021-09-11,0.000
2021-09-12,0.000
2021-09-13,0.000
2021-09-14,0.200
2021-09-15,0.200
2021-09-16,2.400
2021-09-17,0.600
2021-09-18,0.000
2021-09-19,0.000
2021-09-20,0.000
2021-09-21,0.000
2021-09-22,0.000
2021-09-23,0.000
2021-09-24,0.000
2021-09-25,0.000
2021-09-26,0.000
2021-09-27,0.000
2021-09-28,0.000
2021-09-29,12.600
2021-09-30,0.400
2021-10-01,10.200
2021-10-02,0.800
2021-10-03,21.600
2021-10-04,18.200
2021-10-05,0.000
2021-10-06,0.000
2021-10-07,6.800
2021-10-08,0.000
2021-10-09,13.000
2021-10-10,1.600
2021-10-11,1.600
2021-10-12,4.200
2021-10-13,0.000
2021-10-14,0.000
2021-10-15,25.400
2021-10-16,1.800
2021-10-17,4.000
2021-10-18,1.400
2021-10-19,1.600
2021-10-20,0.000
2021-10-21,0.200
2021-10-22,0.000
2021-10-23,1.200
2021-10-24,3.400
2021-10-25,0.000
2021-10-26,0.000
2021-10-27,0.000
2021-10-28,0.200
2021-10-29,0.200
2021-10-30,1.000
2021-10-31,26.800
2021-11-01,8.400
2021-11-02,0.600
2021-11-03,0.000
2021-11-04,14.400
2021-11-05,0.000
2021-11-06,0.000
2021-11-07,0.000
2021-11-08,0.400
2021-11-09,0.000
2021-11-10,0.000
2021-11-11,0.200
2021-11-12,0.000
2021-11-13,1.000
2021-11-14,0.000
2021-11-15,0.000
2021-11-16,0.000
2021-11-17,0.000
2021-11-18,17.600
2021-11-19,0.000
2021-11-20,0.000
2021-11-21,0.000
2021-11-22,0.000
2021-11-23,0.000
2021-11-24,0.000
2021-11-25,0.000
2021-11-26,3.600
2021-11-27,0.000
2021-11-28,0.000
2021-11-29,0.000
2021-11-30,0.000
2021-12-01,0.000
2021-12-02,0.000
2021-12-03,0.000
2021-12-04,0.000
2021-12-05,0.000
2021-12-06,2.200
2021-12-07,9.200
2021-12-08,0.200
2021-12-09,0.000
2021-12-10,0.000
2021-12-11,0.000
2021-12-12,0.000
2021-12-13,0.000
2021-12-14,1.400
2021-12-15,0.200
2021-12-16,0.000
2021-12-17,0.000
2021-12-18,0.400
2021-12-19,1.200
2021-12-20,0.000
2021-12-21,0.000
2021-12-22,0.200
2021-12-23,0.000
2021-12-24,1.200
2021-12-25,0.000
2021-12-26,11.200
2021-12-27,21.400
2021-12-28,12.600
2021-12-29,0.200
2021-12-30,25.200
2021-12-31,4.800
2022-01-01,0.000
2022-01-02,11.600
2022-01-03,0.000
2022-01-04,50.400
2022-01-05,2.600
2022-01-06,4.000
2022-01-07,0.000
2022-01-08,0.000
2022-01-09,2.200
2022-01-10,0.600
2022-01-11,0.800
2022-01-12,0.600
2022-01-13,0.000
2022-01-14,2.200
2022-01-15,34.000
2022-01-16,2.800
2022-01-17,7.000
2022-01-18,1.800
2022-01-19,0.000
2022-01-20,0.000
2022-01-21,0.000
2022-01-22,0.000
2022-01-23,0.000
2022-01-24,0.000
2022-01-25,0.000
2022-01-26,0.000
2022-01-27,46.200
2022-01-28,13.800
2022-01-29,27.600
2022-01-30,1.800
2022-01-31,0.000
2022-02-01,0.000
2022-02-02,0.000
2022-02-03,0.000
2022-02-04,0.400
2022-02-05,0.400
2022-02-06,0.000
2022-02-07,0.000
2022-02-08,0.000
2022-02-09,0.000
2022-02-10,0.000
2022-02-11,0.000
2022-02-12,0.000
2022-02-13,0.000
2022-02-14,0.400
2022-02-15,0.200
2022-02-16,0.000
2022-02-17,46.400
2022-02-18,0.000
2022-02-19,0.000
2022-02-20,0.000
2022-02-21,0.000
2022-02-22,0.000
2022-02-23,0.000
2022-02-24,0.000
2022-02-25,0.000
2022-02-26,0.000
2022-02-27,0.000
2022-02-28,0.000
2022-03-01,11.800
2022-03-02,1.400
2022-03-03,9.800
2022-03-04,9.800
2022-03-05,0.000
2022-03-06,0.000
2022-03-07,2.600
2022-03-08,12.600
2022-03-09,0.000
2022-03-10,0.200
2022-03-11,1.600
2022-03-12,3.600
2022-03-13,2.000
2022-03-14,3.200
2022-03-15,2.200
2022-03-16,5.600
2022-03-17,0.200
2022-03-18,0.000
2022-03-19,3.000
2022-03-20,0.000
2022-03-21,7.800
2022-03-22,1.800
2022-03-23,0.000
2022-03-24,7.600
2022-03-25,0.000
2022-03-26,0.000
2022-03-27,0.000
2022-03-28,0.000
2022-03-29,0.000
2022-03-30,7.000
2022-03-31,3.200
2022-04-01,6.000
2022-04-02,0.000
2022-04-03,0.400
2022-04-04,0.000
2022-04-05,0.000
2022-04-06,0.000
2022-04-07,0.000
2022-04-08,23.400
2022-04-09,0.000
2022-04-10,0.000
2022-04-11,0.000
2022-04-12,7.200
2022-04-13,0.000
2022-04-14,16.400
2022-04-15,0.200
2022-04-16,0.000
2022-04-17,0.000
2022-04-18,0.000
2022-04-19,0.000
2022-04-20,0.000
2022-04-21,6.600
2022-04-22,11.400
2022-04-23,33.600
2022-04-24,0.000
2022-04-25,0.000
2022-04-26,0.000
2022-04-27,0.000
2022-04-28,0.000
2022-04-29,0.000
2022-04-30,0.000
2022-05-01,0.000
2022-05-02,0.000
2022-05-03,19.200
2022-05-04,4.000
2022-05-05,1.400
2022-05-06,0.400
2022-05-07,0.000
2022-05-08,0.000
2022-05-09,0.000
2022-05-10,0.000
2022-05-11,0.000
2022-05-12,0.000
2022-05-13,0.000
2022-05-14,0.000
2022-05-15,0.000
2022-05-16,0.000
2022-05-17,0.000
2022-05-18,0.000
2022-05-19,0.000
2022-05-20,0.000
2022-05-21,0.000
2022-05-22,0.000
2022-05-23,0.000
2022-05-24,0.000
2022-05-25,0.000
2022-05-26,0.000
2022-05-27,0.000
2022-05-28,0.000
2022-05-29,0.600
2022-05-30,7.200
2022-05-31,7.200
2022-06-01,18.000
2022-06-02,33.400
2022-06-03,0.000
2022-06-04,0.000
2022-06-05,0.000
2022-06-06,4.600
2022-06-07,17.000
2022-06-08,0.000
2022-06-09,3.400
2022-06-10,0.200
2022-06-11,0.000
2022-06-12,0.000
2022-06-13,0.000
2022-06-14,0.000
2022-06-15,0.000
2022-06-16,0.000
2022-06-17,0.000
2022-06-18,0.000
2022-06-19,0.000
2022-06-20,0.000
2022-06-21,0.000
2022-06-22,0.000
2022-06-23,0.000
2022-06-24,0.000
2022-06-25,0.000
2022-06-26,0.000
2022-06-27,0.000
2022-06-28,0.000
2022-06-29,0.000
2022-06-30,0.000
2022-07-01,0.000
2022-07-02,0.000
2022-07-03,0.000
2022-07-04,0.000
2022-07-05,0.000
2022-07-06,0.000
2022-07-07,0.000
2022-07-08,0.000
2022-07-09,0.000
2022-07-10,0.000
2022-07-11,0.000
2022-07-12,0.000
2022-07-13,0.000
2022-07-14,0.000
2022-07-15,0.000
2022-07-16,0.000
2022-07-17,0.000
2022-07-18,21.000
2022-07-19,1.200
2022-07-20,0.000
2022-07-21,0.000
2022-07-22,0.000
2022-07-23,0.000
2022-07-24,0.000
2022-07-25,0.000
2022-07-26,0.000
2022-07-27,0.000
2022-07-28,0.000
2022-07-29,0.000
2022-07-30,0.000
2022-07-31,0.000
2022-08-01,0.000
2022-08-02,0.000
2022-08-03,0.000
2022-08-04,0.000
2022-08-05,0.000
2022-08-06,0.000
2022-08-07,13.400
2022-08-08,4.800
2022-08-09,25.600
2022-08-10,28.600
2022-08-11,0.600
2022-08-12,0.400
2022-08-13,0.000
2022-08-14,0.000
2022-08-15,0.000
2022-08-16,0.000
2022-08-17,0.600
2022-08-18,25.200
2022-08-19,1.800
2022-08-20,0.000
2022-08-21,0.000
2022-08-22,0.000
2022-08-23,0.000
2022-08-24,0.000
2022-08-25,0.000
2022-08-26,0.000
2022-08-27,0.000
2022-08-28,0.000
2022-08-29,0.000
2022-08-30,0.000
2022-08-31,0.200
2022-09-01,0.000
2022-09-02,0.000
2022-09-03,1.000
2022-09-04,0.000
2022-09-05,1.800
2022-09-06,16.200
2022-09-07,8.600
2022-09-08,0.000
2022-09-09,0.000
2022-09-10,0.000
2022-09-11,0.000
2022-09-12,36.800
2022-09-13,20.200
2022-09-14,21.000
2022-09-15,0.000
2022-09-16,0.200
2022-09-17,0.200
2022-09-18,0.000
2022-09-19,0.000
2022-09-20,0.400
2022-09-21,10.600
2022-09-22,1.200
2022-09-23,0.000
2022-09-24,0.000
2022-09-25,3.000
2022-09-26,26.400
2022-09-27,0.800
2022-09-28,1.400
2022-09-29,2.800
2022-09-30,0.000
2022-10-01,1.800
2022-10-02,0.000
2022-10-03,0.000
2022-10-04,0.000
2022-10-05,0.000
2022-10-06,2.800
2022-10-07,0.000
2022-10-08,0.000
2022-10-09,0.000
2022-10-10,0.000
2022-10-11,5.800
2022-10-12,2.400
2022-10-13,8.000
2022-10-14,18.800
2022-10-15,0.400
2022-10-16,7.400
2022-10-17,0.000
2022-10-18,4.800
2022-10-19,0.000
2022-10-20,18.800
2022-10-21,13.600
2022-10-22,0.000
2022-10-23,0.000
2022-10-24,0.000
2022-10-25,0.000
2022-10-26,0.000
2022-10-27,1.000
2022-10-28,0.000
2022-10-29,0.000
2022-10-30,0.600
2022-10-31,5.000
2022-11-01,3.800
2022-11-02,1.200
2022-11-03,0.200
2022-11-04,0.000
2022-11-05,0.000
2022-11-06,0.000
2022-11-07,0.000
2022-11-08,0.000
2022-11-09,0.000
2022-11-10,0.000
2022-11-11,0.000
2022-11-12,0.000
2022-11-13,0.000
2022-11-14,9.400
2022-11-15,0.000
2022-11-16,0.000
2022-11-17,0.000
2022-11-18,0.000
2022-11-19,0.000
2022-11-20,0.000
2022-11-21,0.000
2022-11-22,0.000
2022-11-23,0.000
2022-11-24,0.000
2022-11-25,0.200
2022-11-26,10.800
2022-11-27,48.200
2022-11-28,75.800
2022-11-29,53.000
2022-11-30,1.600
2022-12-01,0.200
2022-12-02,0.000
2022-12-03,44.600
2022-12-04,1.600
2022-12-05,27.200
2022-12-06,12.600
2022-12-07,0.000
2022-12-08,0.000
2022-12-09,0.200
2022-12-10,0.000
2022-12-11,43.800
2022-12-12,7.000
2022-12-13,14.600
2022-12-14,0.000
2022-12-15,0.000
2022-12-16,0.000
2022-12-17,0.000
2022-12-18,0.000
2022-12-19,3.800
2022-12-20,4.600
2022-12-21,2.400
2022-12-22,0.000
2022-12-23,0.000
2022-12-24,0.200
2022-12-25,0.000
2022-12-26,0.200
2022-12-27,0.000
2022-12-28,0.000
2022-12-29,0.000
2022-12-30,0.000
2022-12-31,0.000
2023-01-01,0.000
2023-01-02,0.000
2023-01-03,0.000
2023-01-04,5.200
2023-01-05,0.200
2023-01-06,0.000
2023-01-07,0.400
2023-01-08,0.600
2023-01-09,0.000
2023-01-10,0.000
2023-01-11,0.600
2023-01-12,0.000
2023-01-13,0.000
2023-01-14,5.200
2023-01-15,8.800
2023-01-16,11.200
2023-01-17,2.000
2023-01-18,0.200
2023-01-19,0.200
2023-01-20,2.800
2023-01-21,0.000
2023-01-22,0.000
2023-01-23,1.200
2023-01-24,0.000
2023-01-25,0.000
2023-01-26,0.000
2023-01-27,0.000
2023-01-28,0.000
2023-01-29,0.000
2023-01-30,0.000
2023-01-31,0.000
2023-02-01,0.200
2023-02-02,1.800
2023-02-03,11.800
2023-02-04,8.200
2023-02-05,0.000
2023-02-06,0.000
2023-02-07,0.000
2023-02-08,0.000
2023-02-09,0.000
2023-02-10,0.000
2023-02-11,0.000
2023-02-12,0.000
2023-02-13,0.000
2023-02-14,4.800
2023-02-15,17.200
2023-02-16,0.800
2023-02-17,9.200
2023-02-18,6.200
2023-02-19,3.000
2023-02-20,5.200
2023-02-21,0.800
2023-02-22,5.600
2023-02-23,3.000
2023-02-24,0.000
2023-02-25,0.000
2023-02-26,0.000
2023-02-27,0.000
2023-02-28,2.800
2023-03-01,0.200
2023-03-02,0.000
2023-03-03,18.400
2023-03-04,47.000
2023-03-05,0.200
2023-03-06,18.200
2023-03-07,0.000
2023-03-08,0.200
2023-03-09,5.400
2023-03-10,13.400
2023-03-11,9.800
2023-03-12,9.600
2023-03-13,9.200
2023-03-14,6.400
2023-03-15,0.000
2023-03-16,0.000
2023-03-17,0.000
2023-03-18,0.000
2023-03-19,0.000
2023-03-20,0.000
2023-03-21,0.000
2023-03-22,0.000
2023-03-23,0.000
2023-03-24,0.000
2023-03-25,0.000
2023-03-26,0.000
2023-03-27,0.000
2023-03-28,0.000
2023-03-29,0.000
2023-03-30,0.000
2023-03-31,0.000
2023-04-01,0.000
2023-04-02,0.000
2023-04-03,0.000
2023-04-04,0.000
2023-04-05,0.000
2023-04-06,0.000
2023-04-07,0.000
2023-04-08,0.000
2023-04-09,0.000
2023-04-10,0.000
2023-04-11,0.000
2023-04-12,0.000
2023-04-13,0.000
2023-04-14,0.000
2023-04-15,0.000
2023-04-16,1.000
2023-04-17,3.400
2023-04-18,58.400
2023-04-19,0.000
2023-04-20,0.000
2023-04-21,0.000
2023-04-22,0.000
2023-04-23,0.200
2023-04-24,0.000
2023-04-25,0.000
2023-04-26,0.000
2023-04-27,0.000
2023-04-28,0.000
2023-04-29,0.000
2023-04-30,3.000
2023-05-01,0.200
2023-05-02,0.000
2023-05-03,0.000
2023-05-04,27.400
2023-05-05,4.000
2023-05-06,0.000
2023-05-07,0.000
2023-05-08,0.000
2023-05-09,0.000
2023-05-10,0.000
2023-05-11,0.000
2023-05-12,0.000
2023-05-13,0.000
2023-05-14,0.000
2023-05-15,0.000
2023-05-16,0.000
2023-05-17,0.000
2023-05-18,0.000
2023-05-19,0.000
2023-05-20,0.000
2023-05-21,0.000
2023-05-22,0.000
2023-05-23,0.000
2023-05-24,0.000
2023-05-25,0.000
2023-05-26,0.000
2023-05-27,0.000
2023-05-28,0.000
2023-05-29,0.000
2023-05-30,0.000
2023-05-31,0.000
2023-06-01,0.000
2023-06-02,0.000
2023-06-03,0.000
2023-06-04,0.000
2023-06-05,0.000
2023-06-06,0.000
2023-06-07,0.000
2023-06-08,0.000
2023-06-09,0.000
2023-06-10,0.000
2023-06-11,0.000
2023-06-12,0.000
2023-06-13,0.600
2023-06-14,9.600
2023-06-15,9.200
2023-06-16,0.000
2023-06-17,0.000
2023-06-18,0.000
2023-06-19,0.000
2023-06-20,0.000
2023-06-21,0.000
2023-06-22,0.000
2023-06-23,0.000
2023-06-24,0.000
2023-06-25,0.000
2023-06-26,0.000
2023-06-27,0.000
2023-06-28,0.000
2023-06-29,0.000
2023-06-30,0.000
2023-07-01,0.000
2023-07-02,0.000
2023-07-03,0.000
2023-07-04,0.000
2023-07-05,0.000
2023-07-06,0.000
2023-07-07,0.000
2023-07-08,0.000
2023-07-09,0.000
2023-07-10,4.000
2023-07-11,12.600
2023-07-12,5.000
2023-07-13,3.400
2023-07-14,0.000
2023-07-15,0.000
2023-07-16,0.000
2023-07-17,0.200
2023-07-18,7.400
2023-07-19,0.000
2023-07-20,0.000
2023-07-21,0.000
2023-07-22,0.000
2023-07-23,0.000
2023-07-24,0.000
2023-07-25,0.000
2023-07-26,0.000
2023-07-27,0.000
2023-07-28,2.400
2023-07-29,0.000
2023-07-30,0.000
2023-07-31,0.000
2023-08-01,0.000
2023-08-02,0.000
2023-08-03,0.000
2023-08-04,0.000
2023-08-05,0.000
2023-08-06,0.000
2023-08-07,0.000
2023-08-08,0.000
2023-08-09,30.200
2023-08-10,27.400
2023-08-11,1.800
2023-08-12,57.400
2023-08-13,0.000
2023-08-14,0.000
2023-08-15,0.200
2023-08-16,0.000
2023-08-17,0.000
2023-08-18,0.000
2023-08-19,0.000
2023-08-20,0.000
2023-08-21,0.000
2023-08-22,0.000
2023-08-23,0.000
2023-08-24,0.000
2023-08-25,0.600
2023-08-26,0.000
2023-08-27,0.000
2023-08-28,0.000
2023-08-29,0.000
2023-08-30,0.000
2023-08-31,
