hordatahora,horleitura,horqualidade
2010-01-01,0.000,0
2010-01-02,0.000,0
2010-01-03,10.800,0
2010-01-04,34.600,0
2010-01-05,2.200,0
2010-01-06,0.000,0
2010-01-07,0.000,0
2010-01-08,0.000,0
2010-01-09,11.400,0
2010-01-10,2.000,0
2010-01-11,56.600,0
2010-01-12,18.600,0
2010-01-13,38.200,0
2010-01-14,0.600,0
2010-01-15,0.000,0
2010-01-16,4.400,0
2010-01-17,2.200,0
2010-01-18,0.400,0
2010-01-19,0.000,0
2010-01-20,3.000,0
2010-01-21,31.000,0
2010-01-22,0.800,0
2010-01-23,5.800,0
2010-01-24,0.000,0
2010-01-25,0.000,0
2010-01-26,14.000,0
2010-01-27,0.200,0
2010-01-28,23.200,0
2010-01-29,4.400,0
2010-01-30,0.000,0
2010-01-31,0.200,0
2010-02-01,0.000,0
2010-02-02,0.000,0
2010-02-03,0.000,0
2010-02-04,0.000,0
2010-02-05,0.000,0
2010-02-06,0.000,0
2010-02-07,0.000,0
2010-02-08,17.800,0
2010-02-09,33.000,0
2010-02-10,10.600,0
2010-02-11,23.800,0
2010-02-12,53.400,0
2010-02-13,0.000,0
2010-02-14,29.200,0
2010-02-15,0.000,0
2010-02-16,0.000,0
2010-02-17,2.200,0
2010-02-18,0.000,0
2010-02-19,0.200,0
2010-02-20,0.000,0
2010-02-21,0.000,0
2010-02-22,3.000,0
2010-02-23,0.600,0
2010-02-24,42.800,0
2010-02-25,1.000,0
2010-02-26,0.000,0
2010-02-27,0.000,0
2010-02-28,1.200,0
2010-03-01,0.200,0
2010-03-02,0.000,0
2010-03-03,0.000,0
2010-03-04,0.800,0
2010-03-05,59.800,0
2010-03-06,2.000,0
2010-03-07,25.200,0
2010-03-08,0.200,0
2010-03-09,0.800,0
2010-03-10,0.000,0
2010-03-11,0.000,0
2010-03-12,0.000,0
2010-03-13,0.000,0
2010-03-14,16.800,0
2010-03-15,0.000,0
2010-03-16,0.000,0
2010-03-17,0.000,0
2010-03-18,0.000,0
2010-03-19,0.000,0
2010-03-20,4.000,0
2010-03-21,0.200,0
2010-03-22,4.800,0
2010-03-23,5.000,0
2010-03-24,69.800,0
2010-03-25,0.800,0
2010-03-26,29.200,0
2010-03-27,16.800,0
2010-03-28,56.000,0
2010-03-29,4.600,0
2010-03-30,0.000,0
2010-03-31,0.000,0
2010-04-01,0.000,0
2010-04-02,0.000,0
2010-04-03,1.600,0
2010-04-04,2.000,0
2010-04-05,12.400,0
2010-04-06,14.800,0
2010-04-07,0.000,0
2010-04-08,0.000,0
2010-04-09,0.000,0
2010-04-10,0.000,0
2010-04-11,0.000,0
2010-04-12,0.000,0
2010-04-13,0.000,0
2010-04-14,0.000,0
2010-04-15,0.000,0
2010-04-16,0.000,0
2010-04-17,0.000,0
2010-04-18,0.000,0
2010-04-19,0.000,0
2010-04-20,0.000,0
2010-04-21,0.000,0
2010-04-22,33.800,0
2010-04-23,38.200,0
2010-04-24,28.200,0
2010-04-25,19.600,0
2010-04-26,50.200,0
2010-04-27,0.400,0
2010-04-28,0.000,0
2010-04-29,1.800,0
2010-04-30,0.000,0
2010-05-01,0.000,0
2010-05-02,0.000,0
2010-05-03,0.000,0
2010-05-04,0.000,0
2010-05-05,0.000,0
2010-05-06,0.000,0
2010-05-07,14.800,0
2010-05-08,9.400,0
2010-05-09,0.000,0
2010-05-10,0.000,0
2010-05-11,0.800,0
2010-05-12,1.200,0
2010-05-13,0.200,0
2010-05-14,0.000,0
2010-05-15,0.000,0
2010-05-16,0.000,0
2010-05-17,15.400,0
2010-05-18,23.200,0
2010-05-19,0.200,0
2010-05-20,0.000,0
2010-05-21,0.000,0
2010-05-22,0.200,0
2010-05-23,0.000,0
2010-05-24,0.000,0
2010-05-25,0.600,0
2010-05-26,0.000,0
2010-05-27,0.000,0
2010-05-28,0.000,0
2010-05-29,0.000,0
2010-05-30,0.000,0
2010-05-31,0.000,0
2010-06-01,0.000,0
2010-06-02,0.000,0
2010-06-03,0.000,0
2010-06-04,40.600,0
2010-06-05,0.400,0
2010-06-06,0.000,0
2010-06-07,0.000,0
2010-06-08,0.000,0
2010-06-09,0.000,0
2010-06-10,0.000,0
2010-06-11,0.000,0
2010-06-12,0.000,0
2010-06-13,0.000,0
2010-06-14,0.000,0
2010-06-15,0.000,0
2010-06-16,0.000,0
2010-06-17,0.000,0
2010-06-18,0.000,0
2010-06-19,0.000,0
2010-06-20,2.400,0
2010-06-21,20.400,0
2010-06-22,9.400,0
2010-06-23,0.000,0
2010-06-24,0.000,0
2010-06-25,0.000,0
2010-06-26,0.000,0
2010-06-27,0.000,0
2010-06-28,0.000,0
2010-06-29,0.000,0
2010-06-30,0.000,0
2010-07-01,0.000,0
2010-07-02,0.000,0
2010-07-03,0.000,0
2010-07-04,0.000,0
2010-07-05,0.000,0
2010-07-06,0.000,0
2010-07-07,0.000,0
2010-07-08,0.000,0
2010-07-09,0.000,0
2010-07-10,0.000,0
2010-07-11,0.000,0
2010-07-12,,
2010-07-13,,
2010-07-14,0.000,0
2010-07-15,15.800,0
2010-07-16,25.800,0
2010-07-17,16.400,0
2010-07-18,0.200,0
2010-07-19,1.200,0
2010-07-20,0.000,0
2010-07-21,0.000,0
2010-07-22,1.800,0
2010-07-23,5.800,0
2010-07-24,4.400,0
2010-07-25,0.000,0
2010-07-26,0.000,0
2010-07-27,0.000,0
2010-07-28,0.000,0
2010-07-29,0.000,0
2010-07-30,0.000,0
2010-07-31,0.000,0
2010-08-01,7.200,0
2010-08-02,3.400,0
2010-08-03,0.400,0
2010-08-04,21.000,0
2010-08-05,0.200,0
2010-08-06,0.000,0
2010-08-07,0.000,0
2010-08-08,0.000,0
2010-08-09,0.000,0
2010-08-10,0.000,0
2010-08-11,0.000,0
2010-08-12,0.000,0
2010-08-13,2.600,0
2010-08-14,0.000,0
2010-08-15,0.000,0
2010-08-16,0.000,0
2010-08-17,0.000,0
2010-08-18,0.000,0
2010-08-19,0.000,0
2010-08-20,0.000,0
2010-08-21,0.000,0
2010-08-22,0.000,0
2010-08-23,0.000,0
2010-08-24,0.000,0
2010-08-25,0.000,0
2010-08-26,0.000,0
2010-08-27,0.000,0
2010-08-28,0.000,0
2010-08-29,0.000,0
2010-08-30,0.000,0
2010-08-31,0.000,0
2010-09-01,0.000,0
2010-09-02,0.000,0
2010-09-03,0.000,0
2010-09-04,0.000,0
2010-09-05,0.000,0
2010-09-06,0.600,0
2010-09-07,6.000,0
2010-09-08,0.000,0
2010-09-09,0.000,0
2010-09-10,0.000,0
2010-09-11,0.000,0
2010-09-12,0.000,0
2010-09-13,0.000,0
2010-09-14,0.000,0
2010-09-15,0.000,0
2010-09-16,0.000,0
2010-09-17,1.200,0
2010-09-18,0.800,0
2010-09-19,0.000,0
2010-09-20,8.000,0
2010-09-21,0.200,0
2010-09-22,0.000,0
2010-09-23,18.600,0
2010-09-24,7.200,0
2010-09-25,0.000,0
2010-09-26,3.400,0
2010-09-27,0.000,0
2010-09-28,1.000,0
2010-09-29,0.000,0
2010-09-30,0.000,0
2010-10-01,4.200,0
2010-10-02,13.600,0
2010-10-03,0.000,0
2010-10-04,28.800,0
2010-10-05,2.000,0
2010-10-06,0.000,0
2010-10-07,20.800,0
2010-10-08,0.000,0
2010-10-09,0.000,0
2010-10-10,0.000,0
2010-10-11,0.000,0
2010-10-12,0.000,0
2010-10-13,0.000,0
2010-10-14,6.600,0
2010-10-15,15.800,0
2010-10-16,0.000,0
2010-10-17,21.200,0
2010-10-18,3.400,0
2010-10-19,0.000,0
2010-10-20,0.000,0
2010-10-21,0.000,0
2010-10-22,0.000,0
2010-10-23,2.000,0
2010-10-24,0.000,0
2010-10-25,2.400,0
2010-10-26,0.200,0
2010-10-27,0.000,0
2010-10-28,0.000,0
2010-10-29,0.000,0
2010-10-30,50.400,0
2010-10-31,0.000,0
2010-11-01,0.000,0
2010-11-02,0.000,0
2010-11-03,0.000,0
2010-11-04,0.000,0
2010-11-05,22.600,0
2010-11-06,5.600,0
2010-11-07,0.000,0
2010-11-08,0.000,0
2010-11-09,1.200,0
2010-11-10,2.800,0
2010-11-11,0.000,0
2010-11-12,0.000,0
2010-11-13,0.000,0
2010-11-14,0.000,0
2010-11-15,0.000,0
2010-11-16,0.000,0
2010-11-17,0.800,0
2010-11-18,0.000,0
2010-11-19,0.000,0
2010-11-20,0.000,0
2010-11-21,8.200,0
2010-11-22,22.400,0
2010-11-23,0.000,0
2010-11-24,0.000,0
2010-11-25,4.200,0
2010-11-26,0.200,0
2010-11-27,0.000,0
2010-11-28,0.000,0
2010-11-29,0.000,0
2010-11-30,3.200,0
2010-12-01,6.400,0
2010-12-02,39.000,0
2010-12-03,0.000,0
2010-12-04,47.200,0
2010-12-05,12.000,0
2010-12-06,0.000,0
2010-12-07,2.400,0
2010-12-08,0.800,0
2010-12-09,0.000,0
2010-12-10,0.000,0
2010-12-11,0.000,0
2010-12-12,0.000,0
2010-12-13,53.600,0
2010-12-14,14.000,0
2010-12-15,0.200,0
2010-12-16,12.800,0
2010-12-17,19.000,0
2010-12-18,0.000,0
2010-12-19,6.200,0
2010-12-20,0.000,0
2010-12-21,18.000,0
2010-12-22,13.600,0
2010-12-23,37.600,0
2010-12-24,5.200,0
2010-12-25,0.800,0
2010-12-26,0.000,0
2010-12-27,0.000,0
2010-12-28,0.000,0
2010-12-29,0.000,0
2010-12-30,0.000,0
2010-12-31,0.600,0
2011-01-01,0.000,0
2011-01-02,2.800,0
2011-01-03,0.200,0
2011-01-04,0.000,0
2011-01-05,0.000,0
2011-01-06,3.000,0
2011-01-07,0.000,0
2011-01-08,0.000,0
2011-01-09,9.800,0
2011-01-10,3.600,0
2011-01-11,34.800,0
2011-01-12,31.400,0
2011-01-13,0.000,0
2011-01-14,0.000,0
2011-01-15,22.800,0
2011-01-16,0.000,0
2011-01-17,8.600,0
2011-01-18,21.200,0
2011-01-19,6.200,0
2011-01-20,14.400,0
2011-01-21,12.400,0
2011-01-22,2.400,0
2011-01-23,1.400,0
2011-01-24,16.000,0
2011-01-25,0.000,0
2011-01-26,36.800,0
2011-01-27,32.600,0
2011-01-28,2.200,0
2011-01-29,0.200,0
2011-01-30,5.600,0
2011-01-31,12.000,0
2011-02-01,3.800,0
2011-02-02,0.000,0
2011-02-03,6.000,0
2011-02-04,3.600,0
2011-02-05,0.000,0
2011-02-06,51.800,0
2011-02-07,36.000,0
2011-02-08,10.000,0
2011-02-09,15.600,0
2011-02-10,13.800,0
2011-02-11,0.000,0
2011-02-12,10.400,0
2011-02-13,6.000,0
2011-02-14,29.200,0
2011-02-15,44.000,0
2011-02-16,0.000,0
2011-02-17,0.000,0
2011-02-18,0.000,0
2011-02-19,36.800,0
2011-02-20,0.000,0
2011-02-21,1.000,0
2011-02-22,1.000,0
2011-02-23,0.000,0
2011-02-24,21.200,0
2011-02-25,4.800,0
2011-02-26,0.000,0
2011-02-27,0.000,0
2011-02-28,0.000,0
2011-03-01,0.000,0
2011-03-02,0.000,0
2011-03-03,0.000,0
2011-03-04,1.200,0
2011-03-05,0.600,0
2011-03-06,0.200,0
2011-03-07,0.000,0
2011-03-08,0.000,0
2011-03-09,0.000,0
2011-03-10,0.000,0
2011-03-11,8.400,0
2011-03-12,1.800,0
2011-03-13,0.000,0
2011-03-14,0.000,0
2011-03-15,0.000,0
2011-03-16,0.000,0
2011-03-17,0.000,0
2011-03-18,22.200,0
2011-03-19,0.200,0
2011-03-20,0.000,0
2011-03-21,0.000,0
2011-03-22,0.000,0
2011-03-23,0.800,0
2011-03-24,0.000,0
2011-03-25,32.600,0
2011-03-26,1.000,0
2011-03-27,14.200,0
2011-03-28,9.200,0
2011-03-29,0.200,0
2011-03-30,41.600,0
2011-03-31,0.800,0
2011-04-01,1.000,0
2011-04-02,9.400,0
2011-04-03,0.200,0
2011-04-04,1.400,0
2011-04-05,0.000,0
2011-04-06,0.000,0
2011-04-07,0.000,0
2011-04-08,0.000,0
2011-04-09,2.800,0
2011-04-10,4.800,0
2011-04-11,0.000,0
2011-04-12,0.600,0
2011-04-13,0.200,0
2011-04-14,0.000,0
2011-04-15,0.000,0
2011-04-16,1.200,0
2011-04-17,0.000,0
2011-04-18,0.000,0
2011-04-19,0.000,0
2011-04-20,0.000,0
2011-04-21,15.400,0
2011-04-22,0.200,0
2011-04-23,0.000,0
2011-04-24,0.000,0
2011-04-25,0.000,0
2011-04-26,0.000,0
2011-04-27,0.000,0
2011-04-28,0.400,0
2011-04-29,0.000,0
2011-04-30,2.000,0
2011-05-01,1.600,0
2011-05-02,0.000,0
2011-05-03,0.000,0
2011-05-04,0.000,0
2011-05-05,0.000,0
2011-05-06,0.000,0
2011-05-07,0.000,0
2011-05-08,0.000,0
2011-05-09,0.000,0
2011-05-10,0.000,0
2011-05-11,0.000,0
2011-05-12,0.000,0
2011-05-13,0.000,0
2011-05-14,16.400,0
2011-05-15,23.600,0
2011-05-16,0.200,0
2011-05-17,0.000,0
2011-05-18,0.000,0
2011-05-19,0.000,0
2011-05-20,0.000,0
2011-05-21,0.000,0
2011-05-22,0.000,0
2011-05-23,0.000,0
2011-05-24,0.000,0
2011-05-25,0.000,0
2011-05-26,0.000,0
2011-05-27,0.000,0
2011-05-28,0.000,0
2011-05-29,0.000,0
2011-05-30,0.000,0
2011-05-31,0.000,0
2011-06-01,0.000,0
2011-06-02,0.200,0
2011-06-03,2.400,0
2011-06-04,0.200,0
2011-06-05,0.000,0
2011-06-06,0.000,0
2011-06-07,36.200,0
2011-06-08,0.000,0
2011-06-09,27.800,0
2011-06-10,0.000,0
2011-06-11,0.000,0
2011-06-12,0.000,0
2011-06-13,0.000,0
2011-06-14,0.000,0
2011-06-15,0.000,0
2011-06-16,0.000,0
2011-06-17,0.000,0
2011-06-18,3.400,0
2011-06-19,0.000,0
2011-06-20,0.000,0
2011-06-21,0.000,0
2011-06-22,6.400,0
2011-06-23,0.000,0
2011-06-24,0.000,0
2011-06-25,0.400,0
2011-06-26,12.400,0
2011-06-27,0.000,0
2011-06-28,0.000,0
2011-06-29,20.800,0
2011-06-30,59.600,0
2011-07-01,34.600,0
2011-07-02,20.000,0
2011-07-03,38.800,0
2011-07-04,0.000,0
2011-07-05,0.000,0
2011-07-06,0.000,0
2011-07-07,0.000,0
2011-07-08,0.000,0
2011-07-09,0.000,0
2011-07-10,0.000,0
2011-07-11,0.600,0
2011-07-12,0.000,0
2011-07-13,0.000,0
2011-07-14,0.000,0
2011-07-15,0.000,0
2011-07-16,0.000,0
2011-07-17,0.000,0
2011-07-18,22.200,0
2011-07-19,0.000,0
2011-07-20,0.000,0
2011-07-21,34.600,0
2011-07-22,0.000,0
2011-07-23,0.000,0
2011-07-24,0.000,0
2011-07-25,0.000,0
2011-07-26,0.000,0
2011-07-27,0.000,0
2011-07-28,0.000,0
2011-07-29,0.000,0
2011-07-30,25.600,0
2011-07-31,78.600,0
2011-08-01,110.400,0
2011-08-02,0.600,0
2011-08-03,0.000,0
2011-08-04,0.000,0
2011-08-05,0.000,0
2011-08-06,0.000,0
2011-08-07,0.000,0
2011-08-08,0.000,0
2011-08-09,25.400,0
2011-08-10,0.000,0
2011-08-11,0.000,0
2011-08-12,0.000,0
2011-08-13,0.000,0
2011-08-14,0.000,0
2011-08-15,0.000,0
2011-08-16,0.000,0
2011-08-17,0.600,0
2011-08-18,19.400,0
2011-08-19,83.200,0
2011-08-20,0.000,0
2011-08-21,0.000,0
2011-08-22,12.200,0
2011-08-23,6.400,0
2011-08-24,0.000,0
2011-08-25,0.200,0
2011-08-26,0.000,0
2011-08-27,0.000,0
2011-08-28,0.000,0
2011-08-29,0.000,0
2011-08-30,38.800,0
2011-08-31,0.200,0
2011-09-01,0.000,0
2011-09-02,0.000,0
2011-09-03,0.000,0
2011-09-04,0.000,0
2011-09-05,0.600,0
2011-09-06,31.400,0
2011-09-07,14.200,0
2011-09-08,5.200,0
2011-09-09,13.000,0
2011-09-10,0.000,0
2011-09-11,0.000,0
2011-09-12,0.000,0
2011-09-13,0.000,0
2011-09-14,0.000,0
2011-09-15,0.000,0
2011-09-16,0.000,0
2011-09-17,0.000,0
2011-09-18,0.000,0
2011-09-19,0.000,0
2011-09-20,2.800,0
2011-09-21,0.000,0
2011-09-22,0.000,0
2011-09-23,7.000,0
2011-09-24,0.000,0
2011-09-25,0.000,0
2011-09-26,0.000,0
2011-09-27,0.000,0
2011-09-28,0.000,0
2011-09-29,0.000,0
2011-09-30,0.000,0
2011-10-01,25.200,0
2011-10-02,2.000,0
2011-10-03,0.000,0
2011-10-04,0.000,0
2011-10-05,0.000,0
2011-10-06,0.000,0
2011-10-07,0.000,0
2011-10-08,0.000,0
2011-10-09,24.400,0
2011-10-10,2.000,0
2011-10-11,0.000,0
2011-10-12,0.200,0
2011-10-13,60.200,0
2011-10-14,0.200,0
2011-10-15,11.000,0
2011-10-16,11.200,0
2011-10-17,0.000,0
2011-10-18,0.000,0
2011-10-19,0.000,0
2011-10-20,-0.800,12
2011-10-21,0.000,0
2011-10-22,0.000,0
2011-10-23,0.000,0
2011-10-24,2.600,0
2011-10-25,15.200,0
2011-10-26,0.000,0
2011-10-27,0.000,0
2011-10-28,0.000,0
2011-10-29,32.400,0
2011-10-30,2.000,0
2011-10-31,0.000,0
2011-11-01,0.000,0
2011-11-02,0.000,0
2011-11-03,0.000,0
2011-11-04,0.000,0
2011-11-05,0.000,0
2011-11-06,0.000,0
2011-11-07,0.000,0
2011-11-08,0.000,0
2011-11-09,0.000,0
2011-11-10,0.000,0
2011-11-11,8.000,0
2011-11-12,0.400,0
2011-11-13,28.600,0
2011-11-14,7.800,0
2011-11-15,22.000,0
2011-11-16,0.000,0
2011-11-17,0.000,0
2011-11-18,0.000,0
2011-11-19,0.000,0
2011-11-20,11.600,15
2011-11-21,5.400,0
2011-11-22,6.400,0
2011-11-23,0.000,0
2011-11-24,0.000,0
2011-11-25,0.400,0
2011-11-26,0.400,0
2011-11-27,0.000,0
2011-11-28,0.000,0
2011-11-29,0.200,0
2011-11-30,0.000,0
2011-12-01,0.000,0
2011-12-02,0.000,0
2011-12-03,0.000,0
2011-12-04,0.000,0
2011-12-05,1.000,0
2011-12-06,0.000,0
2011-12-07,0.000,0
2011-12-08,7.200,0
2011-12-09,18.200,0
2011-12-10,0.000,0
2011-12-11,0.000,0
2011-12-12,0.000,0
2011-12-13,1.400,0
2011-12-14,4.800,0
2011-12-15,0.200,0
2011-12-16,0.000,0
2011-12-17,0.000,0
2011-12-18,0.000,0
2011-12-19,0.000,0
2011-12-20,0.000,0
2011-12-21,0.000,0
2011-12-22,0.000,0
2011-12-23,24.800,0
2011-12-24,5.400,0
2011-12-25,0.600,0
2011-12-26,0.400,0
2011-12-27,0.000,0
2011-12-28,3.800,0
2011-12-29,0.000,0
2011-12-30,6.000,0
2011-12-31,54.600,0
2012-01-01,1.600,0
2012-01-02,0.000,0
2012-01-03,0.000,0
2012-01-04,0.000,0
2012-01-05,0.200,0
2012-01-06,0.000,0
2012-01-07,0.000,0
2012-01-08,0.000,0
2012-01-09,0.000,0
2012-01-10,0.000,0
2012-01-11,0.200,0
2012-01-12,3.400,0
2012-01-13,1.800,0
2012-01-14,43.200,0
2012-01-15,0.600,0
2012-01-16,7.200,0
2012-01-17,5.400,0
2012-01-18,8.200,0
2012-01-19,0.000,0
2012-01-20,0.000,0
2012-01-21,9.400,0
2012-01-22,0.200,0
2012-01-23,20.400,0
2012-01-24,0.200,0
2012-01-25,3.400,0
2012-01-26,18.800,0
2012-01-27,0.000,0
2012-01-28,0.000,0
2012-01-29,0.000,0
2012-01-30,0.000,0
2012-01-31,0.000,0
2012-02-01,0.000,0
2012-02-02,5.200,0
2012-02-03,0.200,0
2012-02-04,0.000,0
2012-02-05,0.000,0
2012-02-06,0.000,0
2012-02-07,0.000,0
2012-02-08,0.000,0
2012-02-09,0.000,0
2012-02-10,40.400,0
2012-02-11,0.000,0
2012-02-12,0.000,0
2012-02-13,0.200,0
2012-02-14,5.200,0
2012-02-15,0.200,0
2012-02-16,0.000,0
2012-02-17,0.000,0
2012-02-18,0.000,0
2012-02-19,0.000,0
2012-02-20,4.200,0
2012-02-21,6.000,0
2012-02-22,10.600,0
2012-02-23,6.000,0
2012-02-24,3.400,0
2012-02-25,12.000,0
2012-02-26,3.800,0
2012-02-27,1.800,0
2012-02-28,33.400,0
2012-02-29,1.200,0
2012-03-01,0.000,0
2012-03-02,0.000,0
2012-03-03,0.000,0
2012-03-04,0.000,0
2012-03-05,0.000,0
2012-03-06,0.000,0
2012-03-07,0.000,0
2012-03-08,0.000,0
2012-03-09,0.000,0
2012-03-10,0.000,0
2012-03-11,0.200,0
2012-03-12,0.000,0
2012-03-13,0.000,0
2012-03-14,0.000,0
2012-03-15,8.400,0
2012-03-16,0.000,0
2012-03-17,0.000,0
2012-03-18,0.000,0
2012-03-19,0.000,0
2012-03-20,0.000,0
2012-03-21,0.000,0
2012-03-22,1.600,0
2012-03-23,0.400,0
2012-03-24,0.000,0
2012-03-25,0.000,0
2012-03-26,0.000,0
2012-03-27,17.200,0
2012-03-28,0.000,0
2012-03-29,51.200,3
2012-03-30,0.000,0
2012-03-31,0.000,0
2012-04-01,0.000,0
2012-04-02,0.000,0
2012-04-03,0.000,0
2012-04-04,0.000,0
2012-04-05,3.600,0
2012-04-06,0.000,0
2012-04-07,0.000,0
2012-04-08,72.800,0
2012-04-09,0.200,0
2012-04-10,2.000,0
2012-04-11,0.000,0
2012-04-12,0.000,0
2012-04-13,10.200,0
2012-04-14,16.800,0
2012-04-15,0.200,0
2012-04-16,0.000,0
2012-04-17,0.000,0
2012-04-18,0.000,0
2012-04-19,0.000,0
2012-04-20,6.600,0
2012-04-21,0.800,0
2012-04-22,0.000,0
2012-04-23,0.000,0
2012-04-24,0.000,0
2012-04-25,15.600,0
2012-04-26,102.600,0
2012-04-27,0.000,0
2012-04-28,43.200,0
2012-04-29,0.200,0
2012-04-30,0.000,0
2012-05-01,0.000,0
2012-05-02,0.000,0
2012-05-03,0.000,0
2012-05-04,0.200,0
2012-05-05,0.000,0
2012-05-06,0.000,0
2012-05-07,0.000,0
2012-05-08,0.000,0
2012-05-09,0.000,0
2012-05-10,0.000,0
2012-05-11,16.800,0
2012-05-12,0.200,0
2012-05-13,0.000,0
2012-05-14,0.000,0
2012-05-15,0.000,0
2012-05-16,0.000,0
2012-05-17,0.000,0
2012-05-18,0.000,0
2012-05-19,0.200,0
2012-05-20,0.000,0
2012-05-21,0.000,0
2012-05-22,0.000,0
2012-05-23,0.000,0
2012-05-24,32.600,0
2012-05-25,3.200,0
2012-05-26,0.000,0
2012-05-27,0.000,0
2012-05-28,0.000,0
2012-05-29,0.000,0
2012-05-30,4.200,0
2012-05-31,9.600,0
2012-06-01,4.000,0
2012-06-02,0.000,0
2012-06-03,8.600,0
2012-06-04,82.200,0
2012-06-05,13.400,0
2012-06-06,2.800,0
2012-06-07,1.200,0
2012-06-08,0.400,0
2012-06-09,0.200,0
2012-06-10,41.400,0
2012-06-11,23.200,0
2012-06-12,0.000,0
2012-06-13,0.000,0
2012-06-14,0.000,0
2012-06-15,0.000,0
2012-06-16,0.200,0
2012-06-17,1.200,0
2012-06-18,29.600,0
2012-06-19,6.200,0
2012-06-20,1.800,0
2012-06-21,0.600,0
2012-06-22,5.400,0
2012-06-23,0.000,0
2012-06-24,0.000,0
2012-06-25,0.000,0
2012-06-26,0.000,0
2012-06-27,0.000,0
2012-06-28,0.000,0
2012-06-29,0.000,0
2012-06-30,0.000,0
2012-07-01,0.000,0
2012-07-02,0.000,0
2012-07-03,0.000,0
2012-07-04,0.000,0
2012-07-05,0.000,0
2012-07-06,15.600,0
2012-07-07,8.200,0
2012-07-08,0.200,0
2012-07-09,0.000,0
2012-07-10,0.800,0
2012-07-11,44.200,0
2012-07-12,1.600,0
2012-07-13,0.000,0
2012-07-14,0.000,0
2012-07-15,0.000,0
2012-07-16,0.000,0
2012-07-17,25.200,0
2012-07-18,1.000,0
2012-07-19,0.000,0
2012-07-20,0.000,0
2012-07-21,0.000,0
2012-07-22,0.000,0
2012-07-23,0.000,0
2012-07-24,0.000,0
2012-07-25,5.800,0
2012-07-26,0.000,0
2012-07-27,20.200,0
2012-07-28,0.400,0
2012-07-29,0.000,0
2012-07-30,11.800,0
2012-07-31,0.600,0
2012-08-01,0.000,0
2012-08-02,0.000,0
2012-08-03,0.000,0
2012-08-04,0.000,0
2012-08-05,0.000,0
2012-08-06,0.000,0
2012-08-07,0.000,0
2012-08-08,0.000,0
2012-08-09,0.000,0
2012-08-10,0.000,0
2012-08-11,0.000,0
2012-08-12,0.000,0
2012-08-13,0.000,0
2012-08-14,0.000,0
2012-08-15,0.000,0
2012-08-16,0.000,0
2012-08-17,0.000,0
2012-08-18,0.000,0
2012-08-19,0.000,0
2012-08-20,0.000,0
2012-08-21,0.000,0
2012-08-22,0.000,0
2012-08-23,0.000,0
2012-08-24,0.000,0
2012-08-25,0.000,0
2012-08-26,0.000,0
2012-08-27,6.200,0
2012-08-28,4.600,0
2012-08-29,0.000,0
2012-08-30,0.000,0
2012-08-31,0.000,0
2012-09-01,0.000,0
2012-09-02,0.000,0
2012-09-03,0.000,0
2012-09-04,0.000,0
2012-09-05,0.000,0
2012-09-06,0.000,0
2012-09-07,,
2012-09-08,0.000,0
2012-09-09,0.000,0
2012-09-10,8.000,0
2012-09-11,0.400,0
2012-09-12,0.000,0
2012-09-13,0.000,0
2012-09-14,0.000,0
2012-09-15,0.000,0
2012-09-16,0.000,0
2012-09-17,0.000,0
2012-09-18,0.000,0
2012-09-19,12.800,0
2012-09-20,0.000,0
2012-09-21,18.800,0
2012-09-22,0.000,0
2012-09-23,0.000,0
2012-09-24,0.000,0
2012-09-25,35.800,0
2012-09-26,0.000,0
2012-09-27,0.000,0
2012-09-28,0.000,0
2012-09-29,0.000,0
2012-09-30,0.400,0
2012-10-01,10.000,0
2012-10-02,0.000,0
2012-10-03,0.000,0
2012-10-04,0.000,0
2012-10-05,13.200,0
2012-10-06,0.000,0
2012-10-07,0.000,0
2012-10-08,0.000,0
2012-10-09,0.000,0
2012-10-10,1.000,0
2012-10-11,24.200,0
2012-10-12,0.000,0
2012-10-13,0.000,0
2012-10-14,0.000,0
2012-10-15,0.000,0
2012-10-16,0.000,0
2012-10-17,0.000,0
2012-10-18,0.000,0
2012-10-19,0.000,0
2012-10-20,3.600,0
2012-10-21,0.000,0
2012-10-22,14.000,0
2012-10-23,68.000,0
2012-10-24,0.200,0
2012-10-25,12.800,0
2012-10-26,19.000,0
2012-10-27,0.400,0
2012-10-28,4.000,0
2012-10-29,0.000,0
2012-10-30,5.200,0
2012-10-31,8.400,0
2012-11-01,0.200,0
2012-11-02,0.000,0
2012-11-03,0.000,0
2012-11-04,0.000,0
2012-11-05,0.000,0
2012-11-06,0.000,0
2012-11-07,0.000,0
2012-11-08,14.200,0
2012-11-09,9.000,0
2012-11-10,0.000,0
2012-11-11,0.000,0
2012-11-12,20.400,0
2012-11-13,3.600,0
2012-11-14,0.000,0
2012-11-15,4.600,0
2012-11-16,0.000,0
2012-11-17,0.000,0
2012-11-18,0.000,0
2012-11-19,0.000,0
2012-11-20,0.000,0
2012-11-21,0.000,0
2012-11-22,0.000,0
2012-11-23,0.000,0
2012-11-24,1.000,0
2012-11-25,0.000,0
2012-11-26,0.000,0
2012-11-27,3.600,0
2012-11-28,0.000,0
2012-11-29,0.000,0
2012-11-30,0.000,0
2012-12-01,2.400,0
2012-12-02,1.400,0
2012-12-03,0.000,0
2012-12-04,0.000,0
2012-12-05,14.000,0
2012-12-06,2.400,0
2012-12-07,2.400,0
2012-12-08,20.600,0
2012-12-09,0.000,0
2012-12-10,0.000,0
2012-12-11,12.200,0
2012-12-12,5.800,0
2012-12-13,0.000,0
2012-12-14,1.200,0
2012-12-15,1.200,0
2012-12-16,0.000,0
2012-12-17,0.000,0
2012-12-18,0.000,0
2012-12-19,2.000,0
2012-12-20,7.200,0
2012-12-21,1.600,0
2012-12-22,0.200,0
2012-12-23,0.000,0
2012-12-24,5.200,0
2012-12-25,0.200,0
2012-12-26,0.200,0
2012-12-27,23.600,0
2012-12-28,4.200,0
2012-12-29,16.200,0
2012-12-30,25.200,0
2012-12-31,8.800,0
2013-01-01,15.800,0
2013-01-02,6.000,0
2013-01-03,0.000,0
2013-01-04,0.000,0
2013-01-05,0.000,0
2013-01-06,19.200,0
2013-01-07,,
2013-01-08,37.200,0
2013-01-09,0.000,0
2013-01-10,0.000,0
2013-01-11,0.000,0
2013-01-12,0.000,0
2013-01-13,0.000,0
2013-01-14,21.200,0
2013-01-15,0.000,0
2013-01-16,0.200,0
2013-01-17,0.000,0
2013-01-18,26.800,0
2013-01-19,0.000,0
2013-01-20,0.000,0
2013-01-21,0.000,0
2013-01-22,0.000,0
2013-01-23,0.000,0
2013-01-24,0.000,0
2013-01-25,10.600,0
2013-01-26,0.000,0
2013-01-27,0.000,0
2013-01-28,0.000,0
2013-01-29,0.000,0
2013-01-30,0.000,0
2013-01-31,0.000,0
2013-02-01,0.000,0
2013-02-02,1.400,0
2013-02-03,2.200,0
2013-02-04,0.200,0
2013-02-05,0.000,0
2013-02-06,0.000,0
2013-02-07,16.200,0
2013-02-08,2.800,0
2013-02-09,4.000,0
2013-02-10,13.400,0
2013-02-11,17.400,0
2013-02-12,6.800,0
2013-02-13,0.400,0
2013-02-14,11.000,0
2013-02-15,0.200,0
2013-02-16,1.000,0
2013-02-17,13.000,0
2013-02-18,11.400,0
2013-02-19,21.600,0
2013-02-20,7.200,0
2013-02-21,0.000,0
2013-02-22,0.200,0
2013-02-23,0.000,0
2013-02-24,0.400,0
2013-02-25,2.200,0
2013-02-26,10.600,0
2013-02-27,0.000,0
2013-02-28,0.000,0
2013-03-01,0.000,0
2013-03-02,0.000,0
2013-03-03,0.000,0
2013-03-04,0.000,0
2013-03-05,39.000,0
2013-03-06,0.600,0
2013-03-07,20.400,0
2013-03-08,0.000,0
2013-03-09,9.000,0
2013-03-10,6.200,0
2013-03-11,0.200,0
2013-03-12,3.200,0
2013-03-13,62.200,0
2013-03-14,0.000,0
2013-03-15,0.400,0
2013-03-16,0.000,0
2013-03-17,0.000,0
2013-03-18,0.000,0
2013-03-19,0.000,0
2013-03-20,11.600,0
2013-03-21,0.000,0
2013-03-22,0.000,0
2013-03-23,0.000,0
2013-03-24,26.600,0
2013-03-25,0.000,0
2013-03-26,6.000,0
2013-03-27,0.000,0
2013-03-28,0.000,0
2013-03-29,0.000,0
2013-03-30,0.000,0
2013-03-31,0.000,0
2013-04-01,0.000,0
2013-04-02,10.400,0
2013-04-03,0.200,0
2013-04-04,31.000,0
2013-04-05,9.600,0
2013-04-06,0.000,0
2013-04-07,0.000,0
2013-04-08,0.000,0
2013-04-09,0.000,0
2013-04-10,0.000,0
2013-04-11,0.000,0
2013-04-12,31.800,0
2013-04-13,4.600,0
2013-04-14,0.000,0
2013-04-15,0.000,0
2013-04-16,0.000,0
2013-04-17,0.000,0
2013-04-18,0.000,0
2013-04-19,0.000,0
2013-04-20,0.000,0
2013-04-21,0.000,0
2013-04-22,0.000,0
2013-04-23,0.000,0
2013-04-24,0.000,0
2013-04-25,0.000,0
2013-04-26,0.000,0
2013-04-27,0.000,0
2013-04-28,0.000,0
2013-04-29,0.000,0
2013-04-30,0.000,0
2013-05-01,0.000,0
2013-05-02,0.000,0
2013-05-03,0.000,0
2013-05-04,0.000,0
2013-05-05,8.000,0
2013-05-06,0.200,0
2013-05-07,0.000,0
2013-05-08,0.000,0
2013-05-09,0.000,0
2013-05-10,0.000,0
2013-05-11,0.000,0
2013-05-12,0.000,0
2013-05-13,2.800,0
2013-05-14,0.000,0
2013-05-15,1.600,0
2013-05-16,21.800,0
2013-05-17,0.800,0
2013-05-18,0.000,0
2013-05-19,0.000,0
2013-05-20,0.000,0
2013-05-21,0.000,0
2013-05-22,6.200,0
2013-05-23,6.200,0
2013-05-24,0.200,0
2013-05-25,0.000,0
2013-05-26,0.000,0
2013-05-27,3.200,0
2013-05-28,30.400,0
2013-05-29,0.000,0
2013-05-30,0.200,0
2013-05-31,0.000,0
2013-06-01,0.000,0
2013-06-02,40.400,0
2013-06-03,0.000,0
2013-06-04,0.000,0
2013-06-05,0.000,0
2013-06-06,0.000,0
2013-06-07,0.000,0
2013-06-08,0.000,0
2013-06-09,0.000,0
2013-06-10,0.000,0
2013-06-11,0.200,0
2013-06-12,0.000,0
2013-06-13,0.000,0
2013-06-14,0.200,0
2013-06-15,0.400,0
2013-06-16,29.200,0
2013-06-17,1.000,0
2013-06-18,0.200,0
2013-06-19,12.000,0
2013-06-20,85.200,0
2013-06-21,117.200,0
2013-06-22,0.000,0
2013-06-23,0.000,0
2013-06-24,39.400,0
2013-06-25,2.000,0
2013-06-26,0.800,0
2013-06-27,0.000,0
2013-06-28,0.000,0
2013-06-29,15.800,0
2013-06-30,20.800,0
2013-07-01,0.400,0
2013-07-02,0.000,0
2013-07-03,0.000,0
2013-07-04,0.000,0
2013-07-05,0.000,0
2013-07-06,0.200,0
2013-07-07,0.000,0
2013-07-08,0.000,0
2013-07-09,0.000,0
2013-07-10,0.000,0
2013-07-11,0.000,0
2013-07-12,0.000,0
2013-07-13,0.000,0
2013-07-14,0.000,0
2013-07-15,0.000,0
2013-07-16,0.000,0
2013-07-17,0.000,0
2013-07-18,0.000,0
2013-07-19,27.000,0
2013-07-20,58.000,0
2013-07-21,31.400,0
2013-07-22,15.400,0
2013-07-23,3.600,0
2013-07-24,0.000,0
2013-07-25,0.400,0
2013-07-26,0.000,0
2013-07-27,0.000,0
2013-07-28,0.000,0
2013-07-29,0.000,0
2013-07-30,0.000,0
2013-07-31,0.000,0
2013-08-01,0.000,0
2013-08-02,0.000,0
2013-08-03,0.000,0
2013-08-04,1.000,0
2013-08-05,0.000,0
2013-08-06,0.000,0
2013-08-07,0.000,0
2013-08-08,0.000,0
2013-08-09,0.000,0
2013-08-10,0.000,0
2013-08-11,0.000,0
2013-08-12,0.000,0
2013-08-13,0.400,0
2013-08-14,5.000,0
2013-08-15,0.000,0
2013-08-16,0.000,0
2013-08-17,0.000,0
2013-08-18,0.000,0
2013-08-19,0.000,0
2013-08-20,0.000,0
2013-08-21,0.000,0
2013-08-22,0.000,0
2013-08-23,0.000,0
2013-08-24,0.000,0
2013-08-25,0.000,0
2013-08-26,20.000,0
2013-08-27,0.600,0
2013-08-28,0.000,0
2013-08-29,0.000,0
2013-08-30,0.000,0
2013-08-31,0.000,0
2013-09-01,0.200,0
2013-09-02,0.800,0
2013-09-03,0.400,0
2013-09-04,0.000,0
2013-09-05,0.000,0
2013-09-06,0.000,0
2013-09-07,0.000,0
2013-09-08,0.000,0
2013-09-09,0.000,0
2013-09-10,0.000,0
2013-09-11,0.000,0
2013-09-12,0.000,0
2013-09-13,0.000,0
2013-09-14,0.000,0
2013-09-15,0.000,0
2013-09-16,45.800,0
2013-09-17,11.000,0
2013-09-18,0.000,0
2013-09-19,0.000,0
2013-09-20,0.400,0
2013-09-21,43.600,0
2013-09-22,45.600,0
2013-09-23,0.600,0
2013-09-24,0.200,0
2013-09-25,0.000,0
2013-09-26,0.000,0
2013-09-27,0.000,0
2013-09-28,0.200,0
2013-09-29,0.600,0
2013-09-30,12.400,0
2013-10-01,1.200,0
2013-10-02,4.800,0
2013-10-03,49.200,0
2013-10-04,1.800,0
2013-10-05,0.000,0
2013-10-06,0.000,0
2013-10-07,0.000,0
2013-10-08,0.000,0
2013-10-09,0.000,0
2013-10-10,0.000,0
2013-10-11,0.000,0
2013-10-12,0.000,0
2013-10-13,0.000,0
2013-10-14,0.000,0
2013-10-15,0.000,0
2013-10-16,5.000,0
2013-10-17,0.400,0
2013-10-18,0.400,0
2013-10-19,0.000,0
2013-10-20,0.000,0
2013-10-21,19.200,0
2013-10-22,0.000,0
2013-10-23,0.000,0
2013-10-24,4.600,0
2013-10-25,0.000,0
2013-10-26,0.000,0
2013-10-27,0.000,0
2013-10-28,0.000,0
2013-10-29,0.000,0
2013-10-30,0.200,0
2013-10-31,0.000,0
2013-11-01,0.000,0
2013-11-02,0.000,0
2013-11-03,0.000,0
2013-11-04,0.000,0
2013-11-05,0.000,0
2013-11-06,0.000,0
2013-11-07,0.000,0
2013-11-08,0.000,0
2013-11-09,0.000,0
2013-11-10,0.000,0
2013-11-11,0.000,0
2013-11-12,0.000,0
2013-11-13,0.000,0
2013-11-14,0.000,0
2013-11-15,0.000,0
2013-11-16,0.800,0
2013-11-17,0.000,0
2013-11-18,0.000,0
2013-11-19,0.000,0
2013-11-20,0.000,0
2013-11-21,0.000,0
2013-11-22,0.000,0
2013-11-23,0.000,0
2013-11-24,0.000,0
2013-11-25,0.000,0
2013-11-26,0.000,0
2013-11-27,0.000,0
2013-11-28,2.200,0
2013-11-29,2.200,0
2013-11-30,0.000,0
2013-12-01,0.000,0
2013-12-02,0.000,0
2013-12-03,0.000,0
2013-12-04,0.000,0
2013-12-05,9.400,0
2013-12-06,0.200,0
2013-12-07,0.400,0
2013-12-08,0.000,0
2013-12-09,0.200,0
2013-12-10,0.000,0
2013-12-11,0.000,0
2013-12-12,0.000,0
2013-12-13,0.000,0
2013-12-14,0.000,0
2013-12-15,0.000,0
2013-12-16,0.000,0
2013-12-17,0.000,0
2013-12-18,0.000,0
2013-12-19,0.000,0
2013-12-20,0.000,0
2013-12-21,0.000,0
2013-12-22,0.000,0
2013-12-23,0.000,0
2013-12-24,0.000,0
2013-12-25,0.000,0
2013-12-26,0.000,0
2013-12-27,0.000,0
2013-12-28,13.000,0
2013-12-29,0.200,0
2013-12-30,0.000,0
2013-12-31,0.000,0
2014-01-01,17.800,0
2014-01-02,0.400,0
2014-01-03,21.600,0
2014-01-04,10.400,0
2014-01-05,0.000,0
2014-01-06,1.800,0
2014-01-07,0.200,0
2014-01-08,20.800,0
2014-01-09,0.000,0
2014-01-10,0.000,0
2014-01-11,0.000,0
2014-01-12,15.000,0
2014-01-13,7.200,0
2014-01-14,3.200,0
2014-01-15,21.000,0
2014-01-16,2.000,0
2014-01-17,0.000,0
2014-01-18,0.000,0
2014-01-19,0.000,0
2014-01-20,0.000,0
2014-01-21,0.000,0
2014-01-22,5.200,0
2014-01-23,0.000,0
2014-01-24,0.200,0
2014-01-25,0.000,0
2014-01-26,2.200,0
2014-01-27,0.000,0
2014-01-28,0.000,0
2014-01-29,0.000,0
2014-01-30,0.000,0
2014-01-31,0.000,0
2014-02-01,0.000,0
2014-02-02,0.000,0
2014-02-03,1.400,0
2014-02-04,0.000,0
2014-02-05,0.000,0
2014-02-06,0.000,0
2014-02-07,0.000,0
2014-02-08,27.000,0
2014-02-09,0.000,0
2014-02-10,0.000,0
2014-02-11,0.000,0
2014-02-12,0.000,0
2014-02-13,8.600,0
2014-02-14,7.800,0
2014-02-15,0.200,0
2014-02-16,0.000,0
2014-02-17,0.400,0
2014-02-18,0.000,0
2014-02-19,0.000,0
2014-02-20,0.000,0
2014-02-21,0.000,0
2014-02-22,8.800,0
2014-02-23,7.400,0
2014-02-24,2.800,0
2014-02-25,0.000,0
2014-02-26,7.000,0
2014-02-27,30.400,0
2014-02-28,7.400,0
2014-03-01,0.000,0
2014-03-02,0.000,0
2014-03-03,0.000,0
2014-03-04,48.600,0
2014-03-05,12.600,0
2014-03-06,0.000,0
2014-03-07,0.000,0
2014-03-08,10.000,0
2014-03-09,9.800,0
2014-03-10,0.000,0
2014-03-11,5.800,0
2014-03-12,5.200,0
2014-03-13,15.400,0
2014-03-14,0.000,0
2014-03-15,0.000,0
2014-03-16,5.800,0
2014-03-17,0.000,0
2014-03-18,22.600,0
2014-03-19,1.000,0
2014-03-20,6.400,0
2014-03-21,10.000,0
2014-03-22,0.000,0
2014-03-23,0.000,0
2014-03-24,0.000,0
2014-03-25,0.000,0
2014-03-26,0.000,0
2014-03-27,0.000,0
2014-03-28,0.000,0
2014-03-29,0.000,0
2014-03-30,7.000,0
2014-03-31,5.200,0
2014-04-01,0.000,0
2014-04-02,0.000,0
2014-04-03,0.800,0
2014-04-04,0.200,0
2014-04-05,0.000,0
2014-04-06,0.000,0
2014-04-07,0.000,0
2014-04-08,4.200,0
2014-04-09,17.600,0
2014-04-10,0.000,0
2014-04-11,0.000,0
2014-04-12,11.400,0
2014-04-13,0.000,0
2014-04-14,0.000,0
2014-04-15,23.200,0
2014-04-16,0.400,0
2014-04-17,0.000,0
2014-04-18,0.000,0
2014-04-19,0.000,0
2014-04-20,0.000,0
2014-04-21,0.000,0
2014-04-22,3.000,0
2014-04-23,1.800,0
2014-04-24,0.000,0
2014-04-25,0.000,0
2014-04-26,0.000,0
2014-04-27,0.000,0
2014-04-28,0.000,0
2014-04-29,0.000,0
2014-04-30,0.600,0
2014-05-01,3.400,0
2014-05-02,0.000,0
2014-05-03,0.000,0
2014-05-04,0.000,0
2014-05-05,0.200,0
2014-05-06,0.000,0
2014-05-07,0.000,0
2014-05-08,0.000,0
2014-05-09,0.000,0
2014-05-10,0.000,0
2014-05-11,0.000,0
2014-05-12,0.000,0
2014-05-13,0.000,0
2014-05-14,0.600,0
2014-05-15,0.000,0
2014-05-16,2.200,0
2014-05-17,0.000,0
2014-05-18,0.000,0
2014-05-19,0.000,0
2014-05-20,0.000,0
2014-05-21,0.000,0
2014-05-22,12.000,0
2014-05-23,28.600,0
2014-05-24,1.400,0
2014-05-25,18.800,0
2014-05-26,17.800,0
2014-05-27,0.000,0
2014-05-28,0.000,0
2014-05-29,0.000,0
2014-05-30,0.000,0
2014-05-31,10.600,0
2014-06-01,1.200,0
2014-06-02,0.000,0
2014-06-03,0.000,0
2014-06-04,0.000,0
2014-06-05,6.400,0
2014-06-06,29.000,0
2014-06-07,128.000,0
2014-06-08,67.400,0
2014-06-09,0.000,0
2014-06-10,0.000,0
2014-06-11,0.000,0
2014-06-12,0.000,0
2014-06-13,0.000,0
2014-06-14,0.200,0
2014-06-15,2.200,0
2014-06-16,0.000,0
2014-06-17,0.400,0
2014-06-18,14.400,0
2014-06-19,0.000,0
2014-06-20,0.000,0
2014-06-21,0.000,0
2014-06-22,0.000,0
2014-06-23,0.000,0
2014-06-24,0.000,0
2014-06-25,0.000,0
2014-06-26,0.000,0
2014-06-27,0.000,0
2014-06-28,20.800,0
2014-06-29,4.800,0
2014-06-30,0.000,0
2014-07-01,0.000,0
2014-07-02,0.000,0
2014-07-03,0.000,0
2014-07-04,0.000,0
2014-07-05,0.000,0
2014-07-06,0.000,0
2014-07-07,21.600,0
2014-07-08,0.000,0
2014-07-09,0.200,0
2014-07-10,0.200,0
2014-07-11,0.000,0
2014-07-12,0.000,0
2014-07-13,0.000,0
2014-07-14,0.000,0
2014-07-15,0.000,0
2014-07-16,0.000,0
2014-07-17,6.600,0
2014-07-18,1.400,0
2014-07-19,0.000,0
2014-07-20,0.000,0
2014-07-21,0.000,0
2014-07-22,0.000,0
2014-07-23,0.200,0
2014-07-24,26.200,0
2014-07-25,0.000,0
2014-07-26,0.000,0
2014-07-27,0.000,0
2014-07-28,0.000,0
2014-07-29,0.000,0
2014-07-30,0.000,0
2014-07-31,0.000,0
2014-08-01,0.000,0
2014-08-02,0.000,0
2014-08-03,0.000,0
2014-08-04,0.000,0
2014-08-05,0.000,0
2014-08-06,0.000,0
2014-08-07,0.000,0
2014-08-08,0.000,0
2014-08-09,0.000,0
2014-08-10,0.000,0
2014-08-11,0.000,0
2014-08-12,8.000,0
2014-08-13,3.600,0
2014-08-14,0.000,0
2014-08-15,0.000,0
2014-08-16,10.000,0
2014-08-17,0.000,0
2014-08-18,0.000,0
2014-08-19,0.000,0
2014-08-20,0.000,0
2014-08-21,0.000,0
2014-08-22,0.000,0
2014-08-23,0.000,0
2014-08-24,0.000,0
2014-08-25,3.000,0
2014-08-26,7.200,0
2014-08-27,0.000,0
2014-08-28,0.000,0
2014-08-29,0.000,0
2014-08-30,0.000,0
2014-08-31,29.400,0
2014-09-01,2.400,0
2014-09-02,43.400,0
2014-09-03,0.000,0
2014-09-04,0.000,0
2014-09-05,0.000,0
2014-09-06,0.000,0
2014-09-07,1.200,0
2014-09-08,0.000,0
2014-09-09,0.000,0
2014-09-10,0.000,0
2014-09-11,0.000,0
2014-09-12,0.000,0
2014-09-13,0.000,0
2014-09-14,0.000,0
2014-09-15,0.600,0
2014-09-16,0.000,0
2014-09-17,0.000,0
2014-09-18,9.600,0
2014-09-19,34.800,0
2014-09-20,5.600,0
2014-09-21,0.000,0
2014-09-22,0.000,0
2014-09-23,0.000,0
2014-09-24,27.200,0
2014-09-25,6.800,0
2014-09-26,4.600,0
2014-09-27,2.000,0
2014-09-28,7.200,0
2014-09-29,17.400,0
2014-09-30,15.400,0
2014-10-01,28.000,0
2014-10-02,0.000,0
2014-10-03,0.000,0
2014-10-04,0.000,0
2014-10-05,0.000,0
2014-10-06,0.000,0
2014-10-07,0.000,0
2014-10-08,0.000,0
2014-10-09,0.000,0
2014-10-10,0.000,0
2014-10-11,0.000,0
2014-10-12,0.000,0
2014-10-13,0.000,0
2014-10-14,0.000,0
2014-10-15,0.000,0
2014-10-16,0.000,0
2014-10-17,0.200,0
2014-10-18,3.800,0
2014-10-19,15.000,0
2014-10-20,0.600,0
2014-10-21,0.000,0
2014-10-22,0.000,0
2014-10-23,0.000,0
2014-10-24,0.000,0
2014-10-25,0.200,0
2014-10-26,0.000,0
2014-10-27,0.000,0
2014-10-28,0.000,0
2014-10-29,0.000,0
2014-10-30,0.000,0
2014-10-31,0.000,0
2014-11-01,48.800,0
2014-11-02,0.000,0
2014-11-03,0.000,0
2014-11-04,44.000,0
2014-11-05,0.200,0
2014-11-06,0.000,0
2014-11-07,34.200,0
2014-11-08,2.000,0
2014-11-09,0.000,0
2014-11-10,0.000,0
2014-11-11,0.000,0
2014-11-12,0.000,0
2014-11-13,,
2014-11-14,,
2014-11-15,0.000,0
2014-11-16,0.000,0
2014-11-17,0.000,0
2014-11-18,0.000,0
2014-11-19,18.400,0
2014-11-20,30.200,0
2014-11-21,3.200,0
2014-11-22,12.400,0
2014-11-23,0.000,0
2014-11-24,0.000,0
2014-11-25,35.000,0
2014-11-26,0.000,0
2014-11-27,2.400,0
2014-11-28,0.000,0
2014-11-29,0.000,0
2014-11-30,0.000,0
2014-12-01,0.000,0
2014-12-02,0.000,0
2014-12-03,8.400,0
2014-12-04,0.000,0
2014-12-05,0.000,0
2014-12-06,0.000,0
2014-12-07,0.000,0
2014-12-08,0.000,0
2014-12-09,4.000,0
2014-12-10,1.800,0
2014-12-11,15.600,0
2014-12-12,,
2014-12-13,5.000,0
2014-12-14,0.000,0
2014-12-15,0.000,0
2014-12-16,0.000,0
2014-12-17,0.000,0
2014-12-18,6.400,0
2014-12-19,1.400,0
2014-12-20,0.000,0
2014-12-21,26.800,0
2014-12-22,91.600,0
2014-12-23,1.000,0
2014-12-24,2.000,0
2014-12-25,12.600,0
2014-12-26,0.800,0
2014-12-27,0.000,0
2014-12-28,5.400,0
2014-12-29,21.800,0
2014-12-30,0.000,0
2014-12-31,23.800,0
2015-01-01,2.600,0
2015-01-02,,
2015-01-03,,
2015-01-04,6.600,0
2015-01-05,5.800,0
2015-01-06,6.200,0
2015-01-07,10.600,0
2015-01-08,3.200,0
2015-01-09,0.200,0
2015-01-10,0.400,0
2015-01-11,0.000,0
2015-01-12,1.600,0
2015-01-13,2.400,0
2015-01-14,0.000,0
2015-01-15,,
2015-01-16,0.000,0
2015-01-17,0.000,0
2015-01-18,0.000,0
2015-01-19,29.800,0
2015-01-20,9.200,0
2015-01-21,0.000,0
2015-01-22,0.000,0
2015-01-23,0.000,0
2015-01-24,0.000,0
2015-01-25,1.800,0
2015-01-26,,
2015-01-27,21.000,0
2015-01-28,0.600,0
2015-01-29,1.600,0
2015-01-30,,
2015-01-31,0.000,0
2015-02-01,0.000,0
2015-02-02,0.000,0
2015-02-03,3.800,0
2015-02-04,10.000,0
2015-02-05,,
2015-02-06,0.000,0
2015-02-07,0.000,0
2015-02-08,0.000,0
2015-02-09,0.000,0
2015-02-10,0.000,0
2015-02-11,0.000,0
2015-02-12,7.800,0
2015-02-13,36.200,0
2015-02-14,12.000,0
2015-02-15,6.200,0
2015-02-16,5.400,0
2015-02-17,3.600,0
2015-02-18,12.400,0
2015-02-19,10.400,0
2015-02-20,3.400,0
2015-02-21,1.600,0
2015-02-22,0.000,0
2015-02-23,0.000,0
2015-02-24,17.200,0
2015-02-25,0.000,0
2015-02-26,0.600,0
2015-02-27,2.600,0
2015-02-28,0.000,0
2015-03-01,0.000,0
2015-03-02,0.000,0
2015-03-03,0.000,0
2015-03-04,0.000,0
2015-03-05,49.600,0
2015-03-06,,
2015-03-07,0.200,0
2015-03-08,9.600,0
2015-03-09,19.200,0
2015-03-10,0.600,0
2015-03-11,0.000,0
2015-03-12,15.200,0
2015-03-13,0.000,0
2015-03-14,0.000,0
2015-03-15,0.000,0
2015-03-16,0.000,0
2015-03-17,0.000,0
2015-03-18,0.000,0
2015-03-19,0.000,0
2015-03-20,19.000,0
2015-03-21,14.200,0
2015-03-22,8.600,0
2015-03-23,0.600,0
2015-03-24,,
2015-03-25,0.000,0
2015-03-26,0.000,0
2015-03-27,0.000,0
2015-03-28,14.200,0
2015-03-29,7.600,0
2015-03-30,15.200,0
2015-03-31,0.200,0
2015-04-01,0.000,0
2015-04-02,0.000,0
2015-04-03,0.000,0
2015-04-04,0.000,0
2015-04-05,1.400,0
2015-04-06,0.000,0
2015-04-07,0.000,0
2015-04-08,0.000,0
2015-04-09,0.000,0
2015-04-10,0.000,0
2015-04-11,0.000,0
2015-04-12,0.000,0
2015-04-13,0.000,0
2015-04-14,0.000,0
2015-04-15,7.000,0
2015-04-16,0.200,0
2015-04-17,0.000,0
2015-04-18,0.000,0
2015-04-19,1.400,0
2015-04-20,13.400,0
2015-04-21,7.400,0
2015-04-22,20.400,0
2015-04-23,0.400,0
2015-04-24,0.000,0
2015-04-25,0.000,0
2015-04-26,0.000,0
2015-04-27,0.000,0
2015-04-28,0.000,0
2015-04-29,0.000,0
2015-04-30,0.000,0
2015-05-01,0.000,0
2015-05-02,0.000,0
2015-05-03,30.800,0
2015-05-04,5.000,0
2015-05-05,0.000,0
2015-05-06,0.000,0
2015-05-07,0.000,0
2015-05-08,0.000,0
2015-05-09,0.000,0
2015-05-10,29.400,0
2015-05-11,0.000,0
2015-05-12,0.000,0
2015-05-13,0.000,0
2015-05-14,0.000,0
2015-05-15,0.000,0
2015-05-16,0.000,0
2015-05-17,0.000,0
2015-05-18,0.800,0
2015-05-19,0.200,0
2015-05-20,0.000,0
2015-05-21,0.000,0
2015-05-22,0.000,0
2015-05-23,0.000,0
2015-05-24,0.000,0
2015-05-25,8.200,0
2015-05-26,38.000,0
2015-05-27,43.200,0
2015-05-28,0.000,0
2015-05-29,0.000,0
2015-05-30,0.000,0
2015-05-31,0.000,0
2015-06-01,0.000,0
2015-06-02,0.000,0
2015-06-03,0.000,0
2015-06-04,0.000,0
2015-06-05,0.000,0
2015-06-06,0.000,0
2015-06-07,0.000,0
2015-06-08,0.000,0
2015-06-09,0.000,0
2015-06-10,0.000,0
2015-06-11,10.200,0
2015-06-12,24.200,0
2015-06-13,1.600,0
2015-06-14,15.400,0
2015-06-15,9.200,0
2015-06-16,0.000,0
2015-06-17,0.000,0
2015-06-18,14.600,0
2015-06-19,0.000,0
2015-06-20,0.000,0
2015-06-21,0.000,0
2015-06-22,0.000,0
2015-06-23,0.000,0
2015-06-24,0.000,0
2015-06-25,0.000,0
2015-06-26,0.000,0
2015-06-27,0.000,0
2015-06-28,0.000,0
2015-06-29,0.000,0
2015-06-30,2.000,0
2015-07-01,0.000,0
2015-07-02,2.200,0
2015-07-03,8.800,0
2015-07-04,0.400,0
2015-07-05,0.000,0
2015-07-06,2.200,0
2015-07-07,27.800,0
2015-07-08,17.600,0
2015-07-09,0.000,0
2015-07-10,27.200,0
2015-07-11,3.200,0
2015-07-12,29.400,0
2015-07-13,19.200,0
2015-07-14,19.800,0
2015-07-15,4.400,0
2015-07-16,14.200,0
2015-07-17,23.600,0
2015-07-18,0.000,0
2015-07-19,0.000,0
2015-07-20,0.000,0
2015-07-21,17.000,0
2015-07-22,0.000,0
2015-07-23,0.000,0
2015-07-24,27.000,0
2015-07-25,0.200,0
2015-07-26,0.000,0
2015-07-27,0.000,0
2015-07-28,0.000,0
2015-07-29,0.000,0
2015-07-30,0.000,0
2015-07-31,0.800,0
2015-08-01,0.000,0
2015-08-02,0.000,0
2015-08-03,0.000,0
2015-08-04,0.000,0
2015-08-05,0.000,0
2015-08-06,0.000,0
2015-08-07,0.000,0
2015-08-08,0.000,0
2015-08-09,0.000,0
2015-08-10,0.000,0
2015-08-11,0.000,0
2015-08-12,0.000,0
2015-08-13,0.000,0
2015-08-14,0.000,0
2015-08-15,0.000,0
2015-08-16,0.000,0
2015-08-17,0.000,0
2015-08-18,4.400,0
2015-08-19,0.000,0
2015-08-20,0.000,0
2015-08-21,0.000,0
2015-08-22,0.000,0
2015-08-23,17.800,0
2015-08-24,0.800,0
2015-08-25,3.000,0
2015-08-26,0.200,0
2015-08-27,21.000,0
2015-08-28,0.000,0
2015-08-29,0.000,0
2015-08-30,0.000,0
2015-08-31,0.000,0
2015-09-01,0.000,0
2015-09-02,4.600,0
2015-09-03,6.400,0
2015-09-04,2.600,0
2015-09-05,0.000,0
2015-09-06,0.000,0
2015-09-07,16.200,0
2015-09-08,37.600,0
2015-09-09,0.000,0
2015-09-10,26.200,0
2015-09-11,0.200,0
2015-09-12,0.000,0
2015-09-13,0.000,0
2015-09-14,0.000,0
2015-09-15,0.000,0
2015-09-16,0.000,0
2015-09-17,0.000,0
2015-09-18,8.000,0
2015-09-19,3.200,0
2015-09-20,0.000,0
2015-09-21,0.000,0
2015-09-22,0.000,0
2015-09-23,0.000,0
2015-09-24,0.000,0
2015-09-25,7.000,0
2015-09-26,1.400,0
2015-09-27,29.800,0
2015-09-28,0.000,0
2015-09-29,0.000,0
2015-09-30,2.200,0
2015-10-01,0.000,0
2015-10-02,25.400,0
2015-10-03,0.800,0
2015-10-04,2.000,0
2015-10-05,0.000,0
2015-10-06,0.000,0
2015-10-07,0.000,0
2015-10-08,4.400,0
2015-10-09,22.400,0
2015-10-10,11.800,0
2015-10-11,25.200,0
2015-10-12,5.200,0
2015-10-13,0.000,0
2015-10-14,0.000,0
2015-10-15,0.000,0
2015-10-16,0.000,0
2015-10-17,4.600,0
2015-10-18,0.200,0
2015-10-19,0.000,0
2015-10-20,0.000,0
2015-10-21,48.400,0
2015-10-22,42.000,0
2015-10-23,0.000,0
2015-10-24,0.000,0
2015-10-25,0.600,0
2015-10-26,0.000,0
2015-10-27,0.000,0
2015-10-28,0.000,0
2015-10-29,0.000,0
2015-10-30,0.000,0
2015-10-31,7.000,0
2015-11-01,3.000,0
2015-11-02,1.200,0
2015-11-03,2.000,0
2015-11-04,16.400,0
2015-11-05,7.400,0
2015-11-06,0.200,0
2015-11-07,0.000,0
2015-11-08,2.000,0
2015-11-09,0.000,0
2015-11-10,17.800,0
2015-11-11,3.400,0
2015-11-12,0.000,0
2015-11-13,2.800,0
2015-11-14,6.200,0
2015-11-15,0.200,0
2015-11-16,3.800,0
2015-11-17,8.200,0
2015-11-18,4.400,0
2015-11-19,12.600,0
2015-11-20,1.600,0
2015-11-21,0.000,0
2015-11-22,19.600,0
2015-11-23,4.800,0
2015-11-24,2.200,0
2015-11-25,0.400,0
2015-11-26,0.000,0
2015-11-27,7.600,0
2015-11-28,2.600,0
2015-11-29,0.200,0
2015-11-30,1.400,0
2015-12-01,0.000,0
2015-12-02,28.000,0
2015-12-03,0.200,0
2015-12-04,3.200,0
2015-12-05,0.000,0
2015-12-06,47.800,0
2015-12-07,0.200,0
2015-12-08,0.200,0
2015-12-09,0.000,0
2015-12-10,9.000,0
2015-12-11,2.400,0
2015-12-12,0.800,0
2015-12-13,0.000,0
2015-12-14,,
2015-12-15,8.000,0
2015-12-16,0.200,0
2015-12-17,0.000,0
2015-12-18,7.400,0
2015-12-19,40.600,0
2015-12-20,15.000,0
2015-12-21,0.000,0
2015-12-22,3.600,0
2015-12-23,17.600,0
2015-12-24,4.000,0
2015-12-25,45.800,0
2015-12-26,5.800,0
2015-12-27,1.000,0
2015-12-28,21.000,0
2015-12-29,27.000,0
2015-12-30,7.000,0
2015-12-31,1.800,0
2016-01-01,4.000,0
2016-01-02,16.600,0
2016-01-03,0.000,0
2016-01-04,0.000,0
2016-01-05,0.000,0
2016-01-06,0.000,0
2016-01-07,0.000,0
2016-01-08,0.000,0
2016-01-09,16.800,0
2016-01-10,43.800,0
2016-01-11,18.800,0
2016-01-12,0.200,0
2016-01-13,0.000,0
2016-01-14,0.000,0
2016-01-15,0.000,0
2016-01-16,0.000,0
2016-01-17,0.000,0
2016-01-18,0.000,0
2016-01-19,0.000,0
2016-01-20,0.000,0
2016-01-21,0.000,0
2016-01-22,0.000,0
2016-01-23,0.000,0
2016-01-24,0.000,0
2016-01-25,9.600,0
2016-01-26,0.000,0
2016-01-27,11.800,0
2016-01-28,0.000,0
2016-01-29,0.000,0
2016-01-30,6.200,0
2016-01-31,9.200,0
2016-02-01,0.000,0
2016-02-02,22.000,0
2016-02-03,1.600,0
2016-02-04,3.600,0
2016-02-05,0.000,0
2016-02-06,0.200,0
2016-02-07,0.000,0
2016-02-08,0.000,0
2016-02-09,0.000,0
2016-02-10,11.200,0
2016-02-11,0.000,0
2016-02-12,0.000,0
2016-02-13,0.000,0
2016-02-14,15.600,0
2016-02-15,0.200,0
2016-02-16,1.000,0
2016-02-17,9.800,0
2016-02-18,3.400,0
2016-02-19,12.600,0
2016-02-20,68.000,0
2016-02-21,11.400,0
2016-02-22,21.600,0
2016-02-23,14.600,0
2016-02-24,0.800,0
2016-02-25,1.000,0
2016-02-26,2.000,0
2016-02-27,1.400,0
2016-02-28,23.400,0
2016-02-29,0.200,0
2016-03-01,0.000,0
2016-03-02,0.400,0
2016-03-03,10.200,0
2016-03-04,0.200,0
2016-03-05,0.000,0
2016-03-06,0.000,0
2016-03-07,0.000,0
2016-03-08,0.600,0
2016-03-09,10.800,0
2016-03-10,11.200,0
2016-03-11,0.000,0
2016-03-12,0.000,0
2016-03-13,0.000,0
2016-03-14,0.000,0
2016-03-15,0.000,0
2016-03-16,0.000,0
2016-03-17,0.000,0
2016-03-18,0.000,0
2016-03-19,0.000,0
2016-03-20,0.000,0
2016-03-21,0.000,0
2016-03-22,23.000,0
2016-03-23,0.000,0
2016-03-24,0.000,0
2016-03-25,9.800,0
2016-03-26,0.600,0
2016-03-27,0.000,0
2016-03-28,0.000,0
2016-03-29,0.000,0
2016-03-30,0.000,0
2016-03-31,22.000,0
2016-04-01,0.200,0
2016-04-02,0.000,0
2016-04-03,0.000,0
2016-04-04,0.000,0
2016-04-05,0.000,0
2016-04-06,0.000,0
2016-04-07,0.000,0
2016-04-08,0.000,0
2016-04-09,0.000,0
2016-04-10,0.000,0
2016-04-11,2.600,0
2016-04-12,18.200,0
2016-04-13,26.000,0
2016-04-14,4.600,0
2016-04-15,0.000,0
2016-04-16,0.000,0
2016-04-17,0.000,0
2016-04-18,0.000,0
2016-04-19,0.000,0
2016-04-20,0.000,0
2016-04-21,0.000,0
2016-04-22,0.000,0
2016-04-23,0.000,0
2016-04-24,0.000,0
2016-04-25,31.800,0
2016-04-26,9.200,0
2016-04-27,5.200,0
2016-04-28,0.000,0
2016-04-29,0.000,0
2016-04-30,0.000,0
2016-05-01,0.000,0
2016-05-02,0.000,0
2016-05-03,0.000,0
2016-05-04,0.000,0
2016-05-05,0.000,0
2016-05-06,3.800,0
2016-05-07,0.400,0
2016-05-08,0.000,0
2016-05-09,1.800,0
2016-05-10,2.000,0
2016-05-11,0.000,0
2016-05-12,1.200,0
2016-05-13,0.000,0
2016-05-14,0.000,0
2016-05-15,0.000,0
2016-05-16,9.400,0
2016-05-17,0.000,0
2016-05-18,0.200,0
2016-05-19,0.000,0
2016-05-20,24.400,0
2016-05-21,16.000,0
2016-05-22,53.000,0
2016-05-23,0.200,0
2016-05-24,0.000,0
2016-05-25,0.000,0
2016-05-26,0.200,0
2016-05-27,19.200,0
2016-05-28,0.200,0
2016-05-29,7.200,0
2016-05-30,0.400,0
2016-05-31,0.600,0
2016-06-01,7.000,0
2016-06-02,0.200,0
2016-06-03,0.000,0
2016-06-04,0.400,0
2016-06-05,3.200,0
2016-06-06,2.000,0
2016-06-07,0.000,0
2016-06-08,0.000,0
2016-06-09,0.000,0
2016-06-10,0.000,0
2016-06-11,0.000,0
2016-06-12,0.000,0
2016-06-13,0.000,0
2016-06-14,0.000,0
2016-06-15,0.000,0
2016-06-16,0.000,0
2016-06-17,9.800,0
2016-06-18,21.200,0
2016-06-19,7.600,0
2016-06-20,15.800,0
2016-06-21,20.200,0
2016-06-22,28.200,0
2016-06-23,0.000,0
2016-06-24,0.000,0
2016-06-25,0.000,0
2016-06-26,0.000,0
2016-06-27,0.000,0
2016-06-28,0.000,0
2016-06-29,0.000,0
2016-06-30,0.000,0
2016-07-01,0.000,0
2016-07-02,0.000,0
2016-07-03,0.000,0
2016-07-04,0.000,0
2016-07-05,0.000,0
2016-07-06,2.200,0
2016-07-07,0.000,0
2016-07-08,0.000,0
2016-07-09,0.000,0
2016-07-10,0.000,0
2016-07-11,0.000,0
2016-07-12,5.200,0
2016-07-13,30.400,0
2016-07-14,0.200,0
2016-07-15,3.800,0
2016-07-16,12.200,0
2016-07-17,0.000,0
2016-07-18,0.000,0
2016-07-19,0.000,0
2016-07-20,0.000,0
2016-07-21,0.000,0
2016-07-22,0.000,0
2016-07-23,0.000,0
2016-07-24,0.000,0
2016-07-25,0.000,0
2016-07-26,0.000,0
2016-07-27,0.000,0
2016-07-28,0.000,0
2016-07-29,0.000,0
2016-07-30,0.000,0
2016-07-31,0.000,0
2016-08-01,0.000,0
2016-08-02,0.000,0
2016-08-03,0.000,0
2016-08-04,0.000,0
2016-08-05,0.000,0
2016-08-06,0.000,0
2016-08-07,0.400,0
2016-08-08,22.600,0
2016-08-09,1.000,0
2016-08-10,0.000,0
2016-08-11,0.000,0
2016-08-12,0.000,0
2016-08-13,0.000,0
2016-08-14,0.000,0
2016-08-15,8.400,0
2016-08-16,0.200,0
2016-08-17,19.600,0
2016-08-18,8.800,0
2016-08-19,14.800,0
2016-08-20,33.000,0
2016-08-21,16.400,0
2016-08-22,0.000,0
2016-08-23,0.000,0
2016-08-24,0.000,0
2016-08-25,0.000,0
2016-08-26,0.000,0
2016-08-27,0.000,0
2016-08-28,0.000,0
2016-08-29,0.000,0
2016-08-30,13.400,0
2016-08-31,0.200,0
2016-09-01,0.000,0
2016-09-02,0.000,0
2016-09-03,19.000,0
2016-09-04,10.200,0
2016-09-05,6.800,0
2016-09-06,1.400,0
2016-09-07,0.000,0
2016-09-08,0.000,0
2016-09-09,0.000,0
2016-09-10,0.000,0
2016-09-11,0.000,0
2016-09-12,0.000,0
2016-09-13,2.000,0
2016-09-14,0.000,0
2016-09-15,0.000,0
2016-09-16,0.000,0
2016-09-17,0.000,0
2016-09-18,10.400,0
2016-09-19,1.600,0
2016-09-20,0.000,0
2016-09-21,0.000,0
2016-09-22,0.000,0
2016-09-23,0.000,0
2016-09-24,0.000,0
2016-09-25,0.800,0
2016-09-26,0.000,0
2016-09-27,0.000,0
2016-09-28,0.000,0
2016-09-29,0.000,0
2016-09-30,0.000,0
2016-10-01,0.000,0
2016-10-02,0.000,0
2016-10-03,0.800,0
2016-10-04,0.000,0
2016-10-05,0.000,0
2016-10-06,21.000,0
2016-10-07,5276.000,4
2016-10-08,0.400,0
2016-10-09,0.200,0
2016-10-10,0.000,0
2016-10-11,0.600,0
2016-10-12,22.800,0
2016-10-13,20.800,0
2016-10-14,0.000,0
2016-10-15,0.000,0
2016-10-16,0.000,0
2016-10-17,2.600,0
2016-10-18,8.600,0
2016-10-19,0.000,0
2016-10-20,17.400,0
2016-10-21,0.200,0
2016-10-22,0.000,0
2016-10-23,0.000,0
2016-10-24,0.400,0
2016-10-25,1.400,0
2016-10-26,0.400,0
2016-10-27,1.000,0
2016-10-28,0.000,0
2016-10-29,0.000,0
2016-10-30,0.000,0
2016-10-31,0.000,0
2016-11-01,0.000,0
2016-11-02,1.800,0
2016-11-03,0.400,0
2016-11-04,0.000,0
2016-11-05,0.000,0
2016-11-06,0.000,0
2016-11-07,36.200,0
2016-11-08,24.200,0
2016-11-09,35.600,0
2016-11-10,0.200,0
2016-11-11,0.000,0
2016-11-12,0.000,0
2016-11-13,0.000,0
2016-11-14,0.000,0
2016-11-15,7.000,0
2016-11-16,8.600,0
2016-11-17,0.000,0
2016-11-18,0.000,0
2016-11-19,0.000,0
2016-11-20,0.000,0
2016-11-21,0.000,0
2016-11-22,0.000,0
2016-11-23,0.000,0
2016-11-24,0.000,0
2016-11-25,4.400,0
2016-11-26,0.000,0
2016-11-27,7.400,0
2016-11-28,1.600,0
2016-11-29,0.400,0
2016-11-30,0.000,0
2016-12-01,0.000,0
2016-12-02,0.000,0
2016-12-03,21.000,0
2016-12-04,0.000,0
2016-12-05,0.000,0
2016-12-06,0.000,0
2016-12-07,0.000,0
2016-12-08,1.800,0
2016-12-09,24.200,0
2016-12-10,6.400,0
2016-12-11,0.400,0
2016-12-12,0.000,0
2016-12-13,0.000,0
2016-12-14,0.000,0
2016-12-15,0.000,0
2016-12-16,0.000,0
2016-12-17,0.000,0
2016-12-18,4.800,0
2016-12-19,0.000,0
2016-12-20,30.000,0
2016-12-21,2.400,0
2016-12-22,1.000,0
2016-12-23,0.000,0
2016-12-24,0.000,0
2016-12-25,0.200,0
2016-12-26,0.000,0
2016-12-27,0.000,0
2016-12-28,24.800,0
2016-12-29,6.800,0
2016-12-30,2.400,0
2016-12-31,1.200,0
2017-01-01,3.600,0
2017-01-02,7.600,0
2017-01-03,9.600,0
2017-01-04,4.200,0
2017-01-05,15.600,0
2017-01-06,78.800,0
2017-01-07,3.600,0
2017-01-08,1.800,0
2017-01-09,0.200,0
2017-01-10,1.000,0
2017-01-11,11.600,0
2017-01-12,0.400,0
2017-01-13,0.000,0
2017-01-14,0.000,0
2017-01-15,0.000,0
2017-01-16,16.400,0
2017-01-17,1.400,0
2017-01-18,0.200,0
2017-01-19,0.200,0
2017-01-20,0.000,0
2017-01-21,0.000,0
2017-01-22,0.200,0
2017-01-23,2.000,0
2017-01-24,0.800,0
2017-01-25,4.600,0
2017-01-26,0.600,0
2017-01-27,0.000,0
2017-01-28,5.800,0
2017-01-29,1.600,0
2017-01-30,0.400,0
2017-01-31,7.200,0
2017-02-01,0.400,0
2017-02-02,0.200,0
2017-02-03,2.800,0
2017-02-04,0.000,0
2017-02-05,0.000,0
2017-02-06,0.000,0
2017-02-07,0.000,0
2017-02-08,78.000,0
2017-02-09,0.200,0
2017-02-10,0.000,0
2017-02-11,47.800,0
2017-02-12,40.200,0
2017-02-13,14.200,0
2017-02-14,0.000,0
2017-02-15,0.000,0
2017-02-16,0.000,0
2017-02-17,1.000,0
2017-02-18,0.200,0
2017-02-19,0.000,0
2017-02-20,0.000,0
2017-02-21,0.000,0
2017-02-22,0.000,0
2017-02-23,3.800,0
2017-02-24,0.200,0
2017-02-25,16.400,0
2017-02-26,0.000,0
2017-02-27,0.000,0
2017-02-28,0.200,0
2017-03-01,22.000,0
2017-03-02,36.000,0
2017-03-03,13.800,0
2017-03-04,3.200,0
2017-03-05,3.200,0
2017-03-06,0.000,0
2017-03-07,0.000,0
2017-03-08,0.000,0
2017-03-09,0.000,0
2017-03-10,0.000,0
2017-03-11,0.000,0
2017-03-12,4.000,0
2017-03-13,0.200,0
2017-03-14,0.000,0
2017-03-15,0.000,0
2017-03-16,1.400,0
2017-03-17,6.400,0
2017-03-18,4.400,0
2017-03-19,0.200,0
2017-03-20,0.000,0
2017-03-21,0.000,0
2017-03-22,0.000,0
2017-03-23,0.000,0
2017-03-24,0.000,0
2017-03-25,0.000,0
2017-03-26,0.000,0
2017-03-27,2.000,0
2017-03-28,0.000,0
2017-03-29,0.000,0
2017-03-30,0.000,0
2017-03-31,0.000,0
2017-04-01,0.000,0
2017-04-02,0.000,0
2017-04-03,0.000,0
2017-04-04,0.000,0
2017-04-05,8.800,0
2017-04-06,27.400,0
2017-04-07,0.200,0
2017-04-08,0.000,0
2017-04-09,0.000,0
2017-04-10,0.000,0
2017-04-11,5.800,0
2017-04-12,0.000,0
2017-04-13,0.000,0
2017-04-14,0.000,0
2017-04-15,0.000,0
2017-04-16,0.000,0
2017-04-17,0.000,0
2017-04-18,0.000,0
2017-04-19,0.000,0
2017-04-20,3.200,0
2017-04-21,13.200,0
2017-04-22,0.200,0
2017-04-23,0.000,0
2017-04-24,0.000,0
2017-04-25,0.000,0
2017-04-26,21.200,0
2017-04-27,0.000,0
2017-04-28,0.000,0
2017-04-29,0.000,0
2017-04-30,0.000,0
2017-05-01,0.000,0
2017-05-02,0.000,0
2017-05-03,0.000,0
2017-05-04,4.400,0
2017-05-05,0.200,0
2017-05-06,0.000,0
2017-05-07,0.000,0
2017-05-08,0.000,0
2017-05-09,0.000,0
2017-05-10,0.000,0
2017-05-11,0.000,0
2017-05-12,0.000,0
2017-05-13,1.400,0
2017-05-14,12.000,0
2017-05-15,0.000,0
2017-05-16,0.000,0
2017-05-17,0.000,0
2017-05-18,16.400,0
2017-05-19,36.000,0
2017-05-20,0.200,0
2017-05-21,0.000,0
2017-05-22,0.200,0
2017-05-23,0.200,0
2017-05-24,0.400,0
2017-05-25,0.000,0
2017-05-26,0.000,0
2017-05-27,5.600,0
2017-05-28,1.800,0
2017-05-29,0.000,0
2017-05-30,5.200,0
2017-05-31,23.000,0
2017-06-01,0.600,0
2017-06-02,0.000,0
2017-06-03,0.000,0
2017-06-04,0.400,0
2017-06-05,26.800,0
2017-06-06,108.000,0
2017-06-07,1.400,0
2017-06-08,9.400,0
2017-06-09,0.200,0
2017-06-10,0.000,0
2017-06-11,0.000,0
2017-06-12,0.000,0
2017-06-13,0.000,0
2017-06-14,0.000,0
2017-06-15,0.000,0
2017-06-16,0.000,0
2017-06-17,0.000,0
2017-06-18,0.000,0
2017-06-19,9.600,0
2017-06-20,8.600,0
2017-06-21,0.000,0
2017-06-22,0.000,0
2017-06-23,0.000,0
2017-06-24,0.000,0
2017-06-25,0.000,0
2017-06-26,0.000,0
2017-06-27,0.000,0
2017-06-28,0.000,0
2017-06-29,0.000,0
2017-06-30,0.000,0
2017-07-01,0.000,0
2017-07-02,0.000,0
2017-07-03,0.000,0
2017-07-04,6553.600,4
2017-07-05,0.000,0
2017-07-06,0.000,0
2017-07-07,0.000,0
2017-07-08,0.000,0
2017-07-09,0.000,0
2017-07-10,0.000,0
2017-07-11,0.000,0
2017-07-12,0.000,0
2017-07-13,0.000,0
2017-07-14,0.000,0
2017-07-15,,
2017-07-16,,
2017-07-17,1.800,0
2017-07-18,0.000,0
2017-07-19,0.000,0
2017-07-20,0.000,0
2017-07-21,0.000,0
2017-07-22,0.000,0
2017-07-23,0.000,0
2017-07-24,0.000,0
2017-07-25,0.000,0
2017-07-26,0.000,0
2017-07-27,0.000,0
2017-07-28,0.000,0
2017-07-29,0.000,0
2017-07-30,0.000,0
2017-07-31,0.000,0
2017-08-01,0.000,0
2017-08-02,3.600,0
2017-08-03,16.800,0
2017-08-04,0.000,0
2017-08-05,0.000,0
2017-08-06,0.000,0
2017-08-07,0.000,0
2017-08-08,0.000,0
2017-08-09,0.000,0
2017-08-10,0.000,0
2017-08-11,0.000,0
2017-08-12,0.000,0
2017-08-13,21.600,0
2017-08-14,0.000,0
2017-08-15,7.200,0
2017-08-16,0.000,0
2017-08-17,0.000,0
2017-08-18,0.000,0
2017-08-19,16.400,0
2017-08-20,46.600,0
2017-08-21,0.000,0
2017-08-22,0.000,0
2017-08-23,0.000,0
2017-08-24,0.000,0
2017-08-25,0.000,0
2017-08-26,0.000,0
2017-08-27,0.000,0
2017-08-28,0.000,0
2017-08-29,0.000,0
2017-08-30,0.000,0
2017-08-31,0.000,0
2017-09-01,0.000,0
2017-09-02,0.000,0
2017-09-03,0.000,0
2017-09-04,0.000,0
2017-09-05,0.000,0
2017-09-06,0.000,0
2017-09-07,0.000,0
2017-09-08,0.000,0
2017-09-09,0.000,0
2017-09-10,0.000,0
2017-09-11,0.000,0
2017-09-12,0.000,0
2017-09-13,0.000,0
2017-09-14,0.000,0
2017-09-15,0.000,0
2017-09-16,0.000,0
2017-09-17,0.000,0
2017-09-18,0.000,0
2017-09-19,0.000,0
2017-09-20,0.000,0
2017-09-21,0.000,0
2017-09-22,0.000,0
2017-09-23,5.000,0
2017-09-24,0.200,0
2017-09-25,0.000,0
2017-09-26,0.000,0
2017-09-27,0.000,0
2017-09-28,0.000,0
2017-09-29,15.800,0
2017-09-30,6.000,0
2017-10-01,3.800,0
2017-10-02,24.600,0
2017-10-03,0.200,0
2017-10-04,0.000,0
2017-10-05,0.000,0
2017-10-06,15.600,0
2017-10-07,14.800,0
2017-10-08,11.400,0
2017-10-09,15.600,0
2017-10-10,2.400,0
2017-10-11,12.800,0
2017-10-12,6.200,0
2017-10-13,5.000,0
2017-10-14,0.800,0
2017-10-15,0.000,0
2017-10-16,0.000,0
2017-10-17,0.000,0
2017-10-18,0.000,0
2017-10-19,6.600,0
2017-10-20,3.800,0
2017-10-21,22.800,0
2017-10-22,1.800,0
2017-10-23,0.000,0
2017-10-24,0.000,0
2017-10-25,26.200,0
2017-10-26,0.800,0
2017-10-27,10.600,0
2017-10-28,0.000,0
2017-10-29,24.200,0
2017-10-30,19.400,0
2017-10-31,0.000,0
2017-11-01,0.000,0
2017-11-02,0.000,0
2017-11-03,12.400,0
2017-11-04,22.800,0
2017-11-05,0.000,0
2017-11-06,0.000,0
2017-11-07,0.000,0
2017-11-08,,
2017-11-09,,
2017-11-10,14.600,0
2017-11-11,0.200,0
2017-11-12,0.000,0
2017-11-13,0.000,0
2017-11-14,0.000,0
2017-11-15,0.000,0
2017-11-16,0.600,0
2017-11-17,17.400,0
2017-11-18,59.400,0
2017-11-19,0.000,0
2017-11-20,0.000,0
2017-11-21,14.400,0
2017-11-22,0.200,0
2017-11-23,0.000,0
2017-11-24,0.000,0
2017-11-25,8.600,0
2017-11-26,0.000,0
2017-11-27,0.000,0
2017-11-28,0.000,0
2017-11-29,0.000,0
2017-11-30,4.200,0
2017-12-01,0.000,0
2017-12-02,0.000,0
2017-12-03,0.000,0
2017-12-04,0.200,0
2017-12-05,0.200,0
2017-12-06,0.000,0
2017-12-07,9.000,0
2017-12-08,0.000,0
2017-12-09,0.000,0
2017-12-10,0.000,0
2017-12-11,0.000,0
2017-12-12,0.000,0
2017-12-13,0.000,0
2017-12-14,0.000,0
2017-12-15,58.400,0
2017-12-16,0.000,0
2017-12-17,0.000,0
2017-12-18,0.000,0
2017-12-19,0.200,0
2017-12-20,4.000,0
2017-12-21,3.000,0
2017-12-22,0.000,0
2017-12-23,1.000,0
2017-12-24,19.400,0
2017-12-25,67.800,0
2017-12-26,13.800,0
2017-12-27,6.400,0
2017-12-28,33.400,0
2017-12-29,54.200,0
2017-12-30,2.800,0
2017-12-31,9.800,0
2018-01-01,0.600,0
2018-01-02,22.000,0
2018-01-03,0.200,0
2018-01-04,0.000,0
2018-01-05,0.000,0
2018-01-06,0.000,0
2018-01-07,0.000,0
2018-01-08,0.000,0
2018-01-09,2.800,0
2018-01-10,12.400,0
2018-01-11,1.800,0
2018-01-12,13.000,0
2018-01-13,1.800,0
2018-01-14,12.800,0
2018-01-15,1.000,0
2018-01-16,18.000,0
2018-01-17,27.000,0
2018-01-18,28.400,0
2018-01-19,27.200,0
2018-01-20,8.000,0
2018-01-21,11.600,0
2018-01-22,0.600,0
2018-01-23,2.200,0
2018-01-24,12.400,0
2018-01-25,2.600,0
2018-01-26,0.000,0
2018-01-27,0.000,0
2018-01-28,7.400,0
2018-01-29,38.600,0
2018-01-30,0.000,0
2018-01-31,0.000,0
2018-02-01,0.000,0
2018-02-02,0.000,0
2018-02-03,0.000,0
2018-02-04,0.000,0
2018-02-05,0.000,0
2018-02-06,0.000,0
2018-02-07,0.000,0
2018-02-08,0.000,0
2018-02-09,7.200,0
2018-02-10,0.800,0
2018-02-11,22.200,0
2018-02-12,5.600,0
2018-02-13,1.400,0
2018-02-14,0.000,0
2018-02-15,0.000,0
2018-02-16,0.000,0
2018-02-17,0.000,0
2018-02-18,0.000,0
2018-02-19,1.400,0
2018-02-20,0.000,0
2018-02-21,0.000,0
2018-02-22,0.000,0
2018-02-23,0.000,0
2018-02-24,0.000,0
2018-02-25,0.000,0
2018-02-26,0.000,0
2018-02-27,9.200,0
2018-02-28,0.000,0
2018-03-01,6.400,0
2018-03-02,10.000,0
2018-03-03,101.400,0
2018-03-04,0.400,0
2018-03-05,0.200,0
2018-03-06,6.200,0
2018-03-07,0.200,0
2018-03-08,0.000,0
2018-03-09,0.000,0
2018-03-10,43.200,0
2018-03-11,0.200,0
2018-03-12,0.000,0
2018-03-13,0.000,0
2018-03-14,22.000,0
2018-03-15,6.600,0
2018-03-16,0.200,0
2018-03-17,0.000,0
2018-03-18,0.000,0
2018-03-19,0.000,0
2018-03-20,44.600,0
2018-03-21,0.000,0
2018-03-22,0.000,0
2018-03-23,0.000,0
2018-03-24,0.000,0
2018-03-25,1.600,0
2018-03-26,16.400,0
2018-03-27,25.000,0
2018-03-28,11.800,0
2018-03-29,3.600,0
2018-03-30,0.200,0
2018-03-31,5.800,0
2018-04-01,1.000,0
2018-04-02,0.200,0
2018-04-03,0.000,0
2018-04-04,0.000,0
2018-04-05,0.000,0
2018-04-06,0.000,0
2018-04-07,0.000,0
2018-04-08,0.000,0
2018-04-09,0.000,0
2018-04-10,0.000,0
2018-04-11,0.000,0
2018-04-12,0.000,0
2018-04-13,0.000,0
2018-04-14,0.000,0
2018-04-15,0.000,0
2018-04-16,0.000,0
2018-04-17,0.000,0
2018-04-18,0.000,0
2018-04-19,0.000,0
2018-04-20,0.000,0
2018-04-21,0.000,0
2018-04-22,0.000,0
2018-04-23,0.000,0
2018-04-24,0.000,0
2018-04-25,0.000,0
2018-04-26,0.000,0
2018-04-27,0.000,0
2018-04-28,7.600,0
2018-04-29,0.200,0
2018-04-30,0.000,0
2018-05-01,0.000,0
2018-05-02,0.000,0
2018-05-03,0.000,0
2018-05-04,0.000,0
2018-05-05,0.000,0
2018-05-06,0.000,0
2018-05-07,0.000,0
2018-05-08,0.000,0
2018-05-09,0.000,0
2018-05-10,0.000,0
2018-05-11,0.000,0
2018-05-12,0.000,0
2018-05-13,0.000,0
2018-05-14,0.000,0
2018-05-15,4.000,0
2018-05-16,0.200,0
2018-05-17,0.000,0
2018-05-18,5.800,0
2018-05-19,15.400,0
2018-05-20,0.000,0
2018-05-21,0.000,0
2018-05-22,0.000,0
2018-05-23,0.000,0
2018-05-24,0.000,0
2018-05-25,0.000,0
2018-05-26,,
2018-05-27,0.000,0
2018-05-28,0.000,0
2018-05-29,0.000,0
2018-05-30,0.000,0
2018-05-31,0.000,0
2018-06-01,0.200,0
2018-06-02,11.400,0
2018-06-03,0.600,0
2018-06-04,5.400,0
2018-06-05,10.800,0
2018-06-06,0.000,0
2018-06-07,6.000,0
2018-06-08,0.200,0
2018-06-09,0.000,0
2018-06-10,0.000,0
2018-06-11,0.000,0
2018-06-12,26.000,0
2018-06-13,3.000,0
2018-06-14,6.600,0
2018-06-15,3.000,0
2018-06-16,4.200,0
2018-06-17,0.000,0
2018-06-18,0.000,0
2018-06-19,0.000,0
2018-06-20,0.000,0
2018-06-21,0.000,0
2018-06-22,0.000,0
2018-06-23,0.000,0
2018-06-24,0.000,0
2018-06-25,0.000,0
2018-06-26,1.600,0
2018-06-27,25.000,0
2018-06-28,0.200,0
2018-06-29,0.000,0
2018-06-30,0.000,0
2018-07-01,0.000,0
2018-07-02,0.000,0
2018-07-03,9.800,0
2018-07-04,0.000,0
2018-07-05,0.000,12
2018-07-06,0.000,0
2018-07-07,0.000,0
2018-07-08,0.000,0
2018-07-09,1.000,0
2018-07-10,0.000,0
2018-07-11,0.000,0
2018-07-12,0.000,0
2018-07-13,0.000,0
2018-07-14,0.000,0
2018-07-15,0.000,0
2018-07-16,0.000,0
2018-07-17,0.000,0
2018-07-18,0.000,0
2018-07-19,5697.400,3
2018-07-20,0.000,0
2018-07-21,0.000,0
2018-07-22,0.000,0
2018-07-23,0.000,0
2018-07-24,0.000,0
2018-07-25,0.000,0
2018-07-26,0.000,0
2018-07-27,0.000,0
2018-07-28,0.000,0
2018-07-29,0.000,0
2018-07-30,2.600,0
2018-07-31,1.600,0
2018-08-01,0.000,0
2018-08-02,0.000,0
2018-08-03,0.000,0
2018-08-04,0.000,0
2018-08-05,0.000,0
2018-08-06,0.000,0
2018-08-07,0.000,0
2018-08-08,3.000,0
2018-08-09,0.200,0
2018-08-10,0.000,0
2018-08-11,0.000,0
2018-08-12,0.000,0
2018-08-13,0.000,0
2018-08-14,0.000,0
2018-08-15,0.000,0
2018-08-16,0.000,0
2018-08-17,0.000,0
2018-08-18,0.000,0
2018-08-19,0.000,0
2018-08-20,0.000,0
2018-08-21,0.200,0
2018-08-22,3.400,0
2018-08-23,0.000,0
2018-08-24,38.200,0
2018-08-25,1.000,0
2018-08-26,0.000,0
2018-08-27,0.000,0
2018-08-28,0.000,0
2018-08-29,0.000,0
2018-08-30,0.000,0
2018-08-31,0.000,0
2018-09-01,1.200,0
2018-09-02,8.800,0
2018-09-03,15.600,0
2018-09-04,0.800,0
2018-09-05,0.200,0
2018-09-06,0.000,0
2018-09-07,0.000,0
2018-09-08,0.000,0
2018-09-09,0.000,0
2018-09-10,0.000,0
2018-09-11,0.000,0
2018-09-12,0.000,0
2018-09-13,0.000,0
2018-09-14,0.600,0
2018-09-15,0.600,0
2018-09-16,0.000,0
2018-09-17,1.800,0
2018-09-18,0.000,0
2018-09-19,0.200,0
2018-09-20,5.800,0
2018-09-21,0.200,0
2018-09-22,0.000,0
2018-09-23,0.000,0
2018-09-24,10.000,0
2018-09-25,0.400,0
2018-09-26,28.200,0
2018-09-27,0.000,0
2018-09-28,0.000,0
2018-09-29,0.000,0
2018-09-30,0.000,0
2018-10-01,0.000,0
2018-10-02,16.800,0
2018-10-03,28.800,0
2018-10-04,0.000,0
2018-10-05,0.000,0
2018-10-06,21.200,0
2018-10-07,14.800,0
2018-10-08,2.600,0
2018-10-09,0.000,0
2018-10-10,56.800,0
2018-10-11,1.000,0
2018-10-12,0.000,0
2018-10-13,10.000,0
2018-10-14,10.800,0
2018-10-15,17.000,0
2018-10-16,13.600,0
2018-10-17,42.600,0
2018-10-18,20.600,0
2018-10-19,0.000,0
2018-10-20,0.000,0
2018-10-21,0.000,0
2018-10-22,0.000,0
2018-10-23,0.000,0
2018-10-24,16.800,0
2018-10-25,0.800,0
2018-10-26,33.600,0
2018-10-27,0.600,0
2018-10-28,0.000,0
2018-10-29,0.000,0
2018-10-30,0.000,0
2018-10-31,12.000,0
2018-11-01,0.600,0
2018-11-02,0.000,0
2018-11-03,3.600,0
2018-11-04,0.200,0
2018-11-05,0.000,0
2018-11-06,0.000,0
2018-11-07,0.000,0
2018-11-08,0.000,0
2018-11-09,0.200,0
2018-11-10,0.000,0
2018-11-11,0.000,0
2018-11-12,0.000,0
2018-11-13,0.000,0
2018-11-14,21.000,0
2018-11-15,0.200,0
2018-11-16,0.000,0
2018-11-17,0.000,0
2018-11-18,17.600,0
2018-11-19,0.200,0
2018-11-20,0.000,0
2018-11-21,0.000,0
2018-11-22,0.000,0
2018-11-23,0.000,0
2018-11-24,0.200,0
2018-11-25,0.000,0
2018-11-26,0.000,0
2018-11-27,0.000,0
2018-11-28,0.000,0
2018-11-29,0.000,0
2018-11-30,37.000,0
2018-12-01,0.200,0
2018-12-02,0.000,0
2018-12-03,0.200,0
2018-12-04,0.000,0
2018-12-05,0.000,0
2018-12-06,0.000,0
2018-12-07,1.800,0
2018-12-08,0.000,0
2018-12-09,0.000,0
2018-12-10,0.000,0
2018-12-11,0.200,0
2018-12-12,0.000,0
2018-12-13,0.000,0
2018-12-14,1.400,0
2018-12-15,1.400,0
2018-12-16,15.600,0
2018-12-17,0.200,0
2018-12-18,10.000,0
2018-12-19,0.200,0
2018-12-20,0.000,0
2018-12-21,9.800,0
2018-12-22,7.200,0
2018-12-23,0.200,0
2018-12-24,0.000,0
2018-12-25,0.000,0
2018-12-26,6.200,0
2018-12-27,6.200,0
2018-12-28,0.000,0
2018-12-29,0.000,0
2018-12-30,0.600,0
2018-12-31,1.400,0
2019-01-01,0.000,0
2019-01-02,0.000,0
2019-01-03,3.000,0
2019-01-04,5.000,0
2019-01-05,78.000,0
2019-01-06,8.800,0
2019-01-07,4.400,0
2019-01-08,0.000,0
2019-01-09,0.000,0
2019-01-10,12.800,0
2019-01-11,1.400,0
2019-01-12,0.000,0
2019-01-13,6.200,0
2019-01-14,0.000,0
2019-01-15,0.000,0
2019-01-16,2.200,0
2019-01-17,0.200,0
2019-01-18,2.000,0
2019-01-19,8.400,0
2019-01-20,5.200,0
2019-01-21,0.600,0
2019-01-22,5.800,0
2019-01-23,0.000,0
2019-01-24,0.800,0
2019-01-25,0.000,0
2019-01-26,4.200,0
2019-01-27,0.600,0
2019-01-28,0.000,0
2019-01-29,0.000,0
2019-01-30,0.000,0
2019-01-31,24.200,0
2019-02-01,0.000,0
2019-02-02,32.600,0
2019-02-03,3.200,0
2019-02-04,0.000,0
2019-02-05,12.000,0
2019-02-06,0.000,0
2019-02-07,0.000,0
2019-02-08,0.000,0
2019-02-09,0.000,0
2019-02-10,0.200,0
2019-02-11,4.400,0
2019-02-12,0.400,0
2019-02-13,0.000,0
2019-02-14,0.000,0
2019-02-15,54.000,0
2019-02-16,4.400,0
2019-02-17,1.200,0
2019-02-18,0.600,0
2019-02-19,6.200,0
2019-02-20,11.400,0
2019-02-21,0.600,0
2019-02-22,0.000,0
2019-02-23,0.000,0
2019-02-24,0.000,0
2019-02-25,35.200,0
2019-02-26,12.600,0
2019-02-27,10.000,0
2019-02-28,0.600,0
2019-03-01,0.000,0
2019-03-02,0.000,0
2019-03-03,0.000,0
2019-03-04,0.000,0
2019-03-05,0.000,0
2019-03-06,4.400,0
2019-03-07,30.600,0
2019-03-08,4.800,0
2019-03-09,46.400,0
2019-03-10,0.200,0
2019-03-11,0.000,0
2019-03-12,1.000,0
2019-03-13,21.400,0
2019-03-14,0.200,0
2019-03-15,0.200,0
2019-03-16,0.400,0
2019-03-17,0.800,0
2019-03-18,2.200,0
2019-03-19,0.000,0
2019-03-20,0.400,0
2019-03-21,0.200,0
2019-03-22,0.000,1
2019-03-23,0.000,0
2019-03-24,0.000,0
2019-03-25,0.000,0
2019-03-26,10.200,0
2019-03-27,0.000,0
2019-03-28,0.000,0
2019-03-29,0.000,0
2019-03-30,0.000,0
2019-03-31,0.000,0
2019-04-01,0.000,0
2019-04-02,0.000,0
2019-04-03,0.000,0
2019-04-04,0.000,0
2019-04-05,4.600,0
2019-04-06,25.400,0
2019-04-07,27.600,0
2019-04-08,0.400,0
2019-04-09,0.000,0
2019-04-10,0.000,0
2019-04-11,0.000,0
2019-04-12,0.000,0
2019-04-13,0.000,0
2019-04-14,0.000,0
2019-04-15,0.000,0
2019-04-16,6.400,0
2019-04-17,0.000,0
2019-04-18,0.200,0
2019-04-19,0.000,0
2019-04-20,0.000,0
2019-04-21,27.200,0
2019-04-22,14.800,0
2019-04-23,5.000,0
2019-04-24,0.200,0
2019-04-25,0.000,0
2019-04-26,0.000,0
2019-04-27,15.600,0
2019-04-28,20.000,0
2019-04-29,0.200,0
2019-04-30,0.000,0
2019-05-01,1.800,0
2019-05-02,0.000,0
2019-05-03,0.000,0
2019-05-04,0.000,0
2019-05-05,0.000,0
2019-05-06,8.200,0
2019-05-07,0.200,0
2019-05-08,0.000,0
2019-05-09,0.000,0
2019-05-10,0.000,0
2019-05-11,8.200,0
2019-05-12,0.600,0
2019-05-13,12.200,0
2019-05-14,0.200,0
2019-05-15,0.000,0
2019-05-16,0.000,0
2019-05-17,0.200,0
2019-05-18,0.600,0
2019-05-19,0.000,0
2019-05-20,0.000,0
2019-05-21,0.000,0
2019-05-22,0.000,0
2019-05-23,62.600,0
2019-05-24,9.800,0
2019-05-25,0.000,0
2019-05-26,0.000,0
2019-05-27,0.000,0
2019-05-28,53.200,0
2019-05-29,0.200,0
2019-05-30,34.800,0
2019-05-31,41.400,0
2019-06-01,5.800,0
2019-06-02,28.200,0
2019-06-03,1.600,0
2019-06-04,0.000,0
2019-06-05,0.000,0
2019-06-06,0.000,0
2019-06-07,0.000,0
2019-06-08,0.000,0
2019-06-09,0.000,0
2019-06-10,0.000,0
2019-06-11,0.000,0
2019-06-12,0.000,0
2019-06-13,0.000,0
2019-06-14,0.000,0
2019-06-15,0.000,0
2019-06-16,0.000,0
2019-06-17,0.000,0
2019-06-18,0.000,0
2019-06-19,0.000,0
2019-06-20,0.000,0
2019-06-21,0.000,0
2019-06-22,0.000,0
2019-06-23,0.000,0
2019-06-24,0.000,0
2019-06-25,0.000,0
2019-06-26,39.400,0
2019-06-27,5.400,0
2019-06-28,0.000,0
2019-06-29,0.000,0
2019-06-30,0.000,0
2019-07-01,0.400,0
2019-07-02,0.000,0
2019-07-03,10.800,0
2019-07-04,1.600,0
2019-07-05,1.200,0
2019-07-06,0.000,0
2019-07-07,0.000,0
2019-07-08,0.000,0
2019-07-09,0.000,0
2019-07-10,0.000,0
2019-07-11,0.000,0
2019-07-12,0.000,0
2019-07-13,0.000,0
2019-07-14,0.000,0
2019-07-15,4.200,0
2019-07-16,0.000,0
2019-07-17,0.000,0
2019-07-18,0.000,0
2019-07-19,0.000,0
2019-07-20,0.000,0
2019-07-21,0.000,0
2019-07-22,0.000,0
2019-07-23,0.000,0
2019-07-24,0.000,0
2019-07-25,0.000,0
2019-07-26,0.000,0
2019-07-27,0.000,0
2019-07-28,0.000,0
2019-07-29,0.000,0
2019-07-30,1.800,0
2019-07-31,0.200,0
2019-08-01,0.000,0
2019-08-02,1.400,0
2019-08-03,0.200,0
2019-08-04,0.000,0
2019-08-05,0.000,0
2019-08-06,0.000,0
2019-08-07,0.000,0
2019-08-08,0.000,0
2019-08-09,0.000,0
2019-08-10,0.000,0
2019-08-11,0.000,0
2019-08-12,0.000,0
2019-08-13,1.800,0
2019-08-14,0.000,0
2019-08-15,0.000,0
2019-08-16,0.000,0
2019-08-17,0.000,0
2019-08-18,0.600,0
2019-08-19,18.000,0
2019-08-20,0.200,0
2019-08-21,0.000,0
2019-08-22,0.000,0
2019-08-23,5.000,0
2019-08-24,0.000,0
2019-08-25,0.000,0
2019-08-26,0.000,0
2019-08-27,0.000,0
2019-08-28,0.000,0
2019-08-29,0.000,0
2019-08-30,0.000,0
2019-08-31,11.000,0
2019-09-01,62.000,0
2019-09-02,0.200,0
2019-09-03,8.600,0
2019-09-04,0.800,0
2019-09-05,0.200,0
2019-09-06,1.400,0
2019-09-07,0.200,0
2019-09-08,0.000,0
2019-09-09,0.000,0
2019-09-10,0.000,0
2019-09-11,0.000,0
2019-09-12,0.000,0
2019-09-13,0.000,0
2019-09-14,0.000,0
2019-09-15,0.000,0
2019-09-16,0.000,0
2019-09-17,0.000,0
2019-09-18,51.000,0
2019-09-19,32.200,0
2019-09-20,5.000,0
2019-09-21,5.000,0
2019-09-22,0.000,0
2019-09-23,0.000,0
2019-09-24,0.000,0
2019-09-25,0.000,0
2019-09-26,0.000,0
2019-09-27,0.000,0
2019-09-28,0.000,0
2019-09-29,0.000,0
2019-09-30,0.000,0
2019-10-01,0.000,0
2019-10-02,0.000,0
2019-10-03,0.000,0
2019-10-04,0.000,0
2019-10-05,7.200,0
2019-10-06,17.800,0
2019-10-07,5.400,0
2019-10-08,0.000,0
2019-10-09,0.000,0
2019-10-10,0.000,0
2019-10-11,0.000,0
2019-10-12,0.000,0
2019-10-13,7.000,0
2019-10-14,45.200,0
2019-10-15,0.000,0
2019-10-16,0.000,0
2019-10-17,0.000,0
2019-10-18,0.000,0
2019-10-19,0.000,0
2019-10-20,0.000,0
2019-10-21,11.000,0
2019-10-22,0.000,0
2019-10-23,0.000,0
2019-10-24,0.000,0
2019-10-25,0.000,0
2019-10-26,0.000,0
2019-10-27,2.200,0
2019-10-28,5.400,0
2019-10-29,0.000,0
2019-10-30,0.200,0
2019-10-31,0.000,0
2019-11-01,0.000,0
2019-11-02,0.000,0
2019-11-03,0.000,0
2019-11-04,1.600,0
2019-11-05,4.600,0
2019-11-06,0.200,0
2019-11-07,12.000,0
2019-11-08,0.200,0
2019-11-09,0.000,0
2019-11-10,37.400,0
2019-11-11,0.200,0
2019-11-12,0.000,0
2019-11-13,3.600,0
2019-11-14,5.400,0
2019-11-15,0.200,0
2019-11-16,0.000,0
2019-11-17,0.000,0
2019-11-18,0.000,0
2019-11-19,0.000,0
2019-11-20,0.000,0
2019-11-21,0.000,0
2019-11-22,0.000,0
2019-11-23,59.000,0
2019-11-24,0.000,0
2019-11-25,0.000,0
2019-11-26,12.400,0
2019-11-27,37.200,0
2019-11-28,13.000,0
2019-11-29,0.000,0
2019-11-30,0.000,0
2019-12-01,0.200,0
2019-12-02,0.000,0
2019-12-03,0.000,0
2019-12-04,0.000,0
2019-12-05,11.000,0
2019-12-06,0.200,0
2019-12-07,0.000,0
2019-12-08,0.000,0
2019-12-09,10.200,0
2019-12-10,0.000,0
2019-12-11,0.200,0
2019-12-12,1.200,0
2019-12-13,0.000,0
2019-12-14,0.000,0
2019-12-15,0.000,0
2019-12-16,13.000,0
2019-12-17,5.200,0
2019-12-18,0.400,0
2019-12-19,0.000,0
2019-12-20,3.400,0
2019-12-21,6.000,0
2019-12-22,0.200,0
2019-12-23,0.000,0
2019-12-24,0.000,0
2019-12-25,0.000,0
2019-12-26,0.000,0
2019-12-27,0.000,0
2019-12-28,0.000,0
2019-12-29,0.000,0
2019-12-30,0.000,0
2019-12-31,0.000,0
2020-01-01,11.200,0
2020-01-02,6.400,0
2020-01-03,0.000,0
2020-01-04,20.400,0
2020-01-05,0.400,0
2020-01-06,0.000,0
2020-01-07,1.000,0
2020-01-08,0.000,0
2020-01-09,0.000,0
2020-01-10,0.000,0
2020-01-11,36.400,0
2020-01-12,0.200,0
2020-01-13,0.000,0
2020-01-14,0.000,0
2020-01-15,3.000,0
2020-01-16,4.200,0
2020-01-17,0.000,0
2020-01-18,0.000,0
2020-01-19,0.000,0
2020-01-20,0.000,0
2020-01-21,0.000,0
2020-01-22,0.400,0
2020-01-23,0.000,0
2020-01-24,0.000,0
2020-01-25,0.000,0
2020-01-26,0.000,0
2020-01-27,0.000,0
2020-01-28,14.000,0
2020-01-29,0.200,0
2020-01-30,0.600,0
2020-01-31,14.600,0
2020-02-01,0.000,0
2020-02-02,14.800,0
2020-02-03,0.400,0
2020-02-04,0.000,0
2020-02-05,11.200,0
2020-02-06,0.200,0
2020-02-07,0.200,0
2020-02-08,0.000,0
2020-02-09,7.000,0
2020-02-10,0.200,0
2020-02-11,0.000,0
2020-02-12,0.000,0
2020-02-13,0.000,0
2020-02-14,0.000,0
2020-02-15,0.000,0
2020-02-16,0.000,0
2020-02-17,0.000,0
2020-02-18,0.000,0
2020-02-19,15.800,0
2020-02-20,1.400,0
2020-02-21,20.800,0
2020-02-22,0.200,0
2020-02-23,0.000,0
2020-02-24,0.000,0
2020-02-25,5.400,0
2020-02-26,20.200,0
2020-02-27,0.000,0
2020-02-28,0.000,0
2020-02-29,0.000,0
2020-03-01,0.000,0
2020-03-02,4.600,0
2020-03-03,0.200,0
2020-03-04,0.000,0
2020-03-05,0.000,0
2020-03-06,0.000,0
2020-03-07,0.000,0
2020-03-08,0.000,0
2020-03-09,0.000,0
2020-03-10,0.000,0
2020-03-11,0.000,0
2020-03-12,0.000,0
2020-03-13,0.000,0
2020-03-14,0.000,0
2020-03-15,0.000,0
2020-03-16,0.200,0
2020-03-17,0.000,0
2020-03-18,35.000,0
2020-03-19,0.200,0
2020-03-20,0.000,0
2020-03-21,0.000,0
2020-03-22,0.000,0
2020-03-23,0.000,0
2020-03-24,0.000,0
2020-03-25,0.000,0
2020-03-26,0.000,0
2020-03-27,0.000,0
2020-03-28,0.000,0
2020-03-29,2.400,0
2020-03-30,0.000,0
2020-03-31,0.000,0
2020-04-01,0.000,0
2020-04-02,2.600,0
2020-04-03,0.000,0
2020-04-04,0.000,0
2020-04-05,0.000,0
2020-04-06,4.200,0
2020-04-07,0.200,0
2020-04-08,0.000,0
2020-04-09,0.000,0
2020-04-10,0.000,0
2020-04-11,0.000,0
2020-04-12,0.000,0
2020-04-13,0.000,0
2020-04-14,14.200,0
2020-04-15,0.000,0
2020-04-16,0.000,0
2020-04-17,0.000,0
2020-04-18,0.000,0
2020-04-19,0.000,0
2020-04-20,0.000,0
2020-04-21,0.000,0
2020-04-22,0.000,0
2020-04-23,0.000,0
2020-04-24,0.000,0
2020-04-25,0.000,0
2020-04-26,0.000,0
2020-04-27,0.000,0
2020-04-28,0.000,0
2020-04-29,0.000,0
2020-04-30,0.000,0
2020-05-01,0.000,0
2020-05-02,0.000,0
2020-05-03,,
2020-05-04,0.000,0
2020-05-05,0.000,0
2020-05-06,10.200,0
2020-05-07,0.200,0
2020-05-08,0.000,0
2020-05-09,0.000,0
2020-05-10,0.000,0
2020-05-11,0.000,0
2020-05-12,0.000,0
2020-05-13,3.800,0
2020-05-14,0.200,0
2020-05-15,0.000,0
2020-05-16,0.000,0
2020-05-17,0.000,0
2020-05-18,0.000,0
2020-05-19,0.000,0
2020-05-20,0.000,0
2020-05-21,0.000,0
2020-05-22,29.600,0
2020-05-23,0.200,0
2020-05-24,0.000,0
2020-05-25,0.000,0
2020-05-26,0.000,0
2020-05-27,0.000,0
2020-05-28,0.000,0
2020-05-29,0.000,0
2020-05-30,0.000,0
2020-05-31,0.000,0
2020-06-01,3.200,0
2020-06-02,7.800,0
2020-06-03,0.400,0
2020-06-04,6.400,0
2020-06-05,6.600,0
2020-06-06,10.200,0
2020-06-07,0.000,0
2020-06-08,4.400,0
2020-06-09,11.000,0
2020-06-10,12.800,0
2020-06-11,3.000,0
2020-06-12,0.000,0
2020-06-13,0.600,0
2020-06-14,0.200,0
2020-06-15,0.000,0
2020-06-16,0.000,0
2020-06-17,0.000,0
2020-06-18,0.000,0
2020-06-19,0.000,0
2020-06-20,0.000,0
2020-06-21,0.000,0
2020-06-22,0.000,0
2020-06-23,0.000,0
2020-06-24,0.000,0
2020-06-25,19.600,0
2020-06-26,14.200,0
2020-06-27,19.000,0
2020-06-28,0.000,0
2020-06-29,0.000,0
2020-06-30,19.000,0
2020-07-01,0.000,0
2020-07-02,0.000,0
2020-07-03,0.000,0
2020-07-04,0.000,0
2020-07-05,0.000,0
2020-07-06,1.000,0
2020-07-07,6.200,0
2020-07-08,1.000,0
2020-07-09,0.000,0
2020-07-10,0.000,0
2020-07-11,0.000,0
2020-07-12,0.000,0
2020-07-13,0.600,0
2020-07-14,0.000,0
2020-07-15,0.000,0
2020-07-16,0.000,0
2020-07-17,1.400,0
2020-07-18,0.000,0
2020-07-19,0.000,0
2020-07-20,0.000,0
2020-07-21,0.000,0
2020-07-22,0.000,0
2020-07-23,0.000,0
2020-07-24,0.000,0
2020-07-25,0.000,0
2020-07-26,0.000,0
2020-07-27,0.000,0
2020-07-28,12.600,0
2020-07-29,3.800,0
2020-07-30,0.000,0
2020-07-31,0.000,0
2020-08-01,0.000,0
2020-08-02,0.000,0
2020-08-03,0.000,0
2020-08-04,0.000,0
2020-08-05,0.000,0
2020-08-06,0.000,0
2020-08-07,0.000,0
2020-08-08,0.000,0
2020-08-09,0.000,0
2020-08-10,0.000,0
2020-08-11,0.000,0
2020-08-12,1.000,0
2020-08-13,16.600,0
2020-08-14,0.000,0
2020-08-15,66.000,0
2020-08-16,12.800,0
2020-08-17,15.600,0
2020-08-18,29.000,0
2020-08-19,25.200,0
2020-08-20,20.800,0
2020-08-21,4.600,0
2020-08-22,0.000,0
2020-08-23,0.000,0
2020-08-24,0.000,0
2020-08-25,0.000,0
2020-08-26,0.000,0
2020-08-27,0.000,0
2020-08-28,0.000,0
2020-08-29,0.000,0
2020-08-30,0.000,0
2020-08-31,0.000,0
2020-09-01,0.000,0
2020-09-02,0.000,0
2020-09-03,0.000,0
2020-09-04,0.000,0
2020-09-05,0.000,0
2020-09-06,0.000,0
2020-09-07,0.000,0
2020-09-08,0.000,0
2020-09-09,0.000,0
2020-09-10,0.000,0
2020-09-11,0.000,0
2020-09-12,0.000,0
2020-09-13,0.000,0
2020-09-14,0.000,0
2020-09-15,0.000,0
2020-09-16,0.000,0
2020-09-17,0.400,0
2020-09-18,0.000,0
2020-09-19,0.000,0
2020-09-20,0.000,0
2020-09-21,0.000,0
2020-09-22,0.000,0
2020-09-23,0.000,0
2020-09-24,0.000,0
2020-09-25,0.000,0
2020-09-26,0.000,0
2020-09-27,0.000,0
2020-09-28,40.000,0
2020-09-29,0.000,0
2020-09-30,0.000,0
2020-10-01,0.000,0
2020-10-02,0.000,0
2020-10-03,4.400,0
2020-10-04,0.200,0
2020-10-05,0.000,0
2020-10-06,0.000,0
2020-10-07,0.000,0
2020-10-08,19.800,0
2020-10-09,11.800,0
2020-10-10,0.200,0
2020-10-11,0.000,0
2020-10-12,0.000,0
2020-10-13,0.000,0
2020-10-14,0.600,0
2020-10-15,2.000,0
2020-10-16,0.000,0
2020-10-17,0.000,0
2020-10-18,0.000,0
2020-10-19,0.000,0
2020-10-20,0.000,0
2020-10-21,0.000,0
2020-10-22,0.000,0
2020-10-23,0.000,0
2020-10-24,71.600,3
2020-10-25,0.000,0
2020-10-26,0.000,0
2020-10-27,0.000,0
2020-10-28,0.000,0
2020-10-29,19.000,0
2020-10-30,21.800,0
2020-10-31,0.000,0
2020-11-01,0.000,0
2020-11-02,0.000,0
2020-11-03,1.600,0
2020-11-04,0.000,0
2020-11-05,0.000,0
2020-11-06,0.000,0
2020-11-07,0.000,0
2020-11-08,0.000,0
2020-11-09,2.600,0
2020-11-10,0.200,0
2020-11-11,42.200,0
2020-11-12,0.200,0
2020-11-13,0.000,0
2020-11-14,0.000,0
2020-11-15,0.000,0
2020-11-16,1.600,0
2020-11-17,0.000,0
2020-11-18,22.400,0
2020-11-19,3.800,0
2020-11-20,0.200,0
2020-11-21,0.000,0
2020-11-22,0.000,0
2020-11-23,0.000,0
2020-11-24,0.000,0
2020-11-25,0.000,0
2020-11-26,2.000,0
2020-11-27,30.800,0
2020-11-28,0.200,0
2020-11-29,0.000,0
2020-11-30,0.400,0
2020-12-01,3.800,0
2020-12-02,0.200,0
2020-12-03,19.600,0
2020-12-04,19.200,0
2020-12-05,49.800,0
2020-12-06,9.400,0
2020-12-07,0.400,0
2020-12-08,0.000,0
2020-12-09,0.000,0
2020-12-10,0.000,0
2020-12-11,0.000,0
2020-12-12,0.400,0
2020-12-13,4.600,0
2020-12-14,0.000,0
2020-12-15,0.600,0
2020-12-16,2.000,0
2020-12-17,2.800,0
2020-12-18,1.400,0
2020-12-19,5.200,0
2020-12-20,34.000,0
2020-12-21,0.200,0
2020-12-22,0.000,0
2020-12-23,0.000,0
2020-12-24,0.000,0
2020-12-25,0.000,0
2020-12-26,0.000,0
2020-12-27,0.000,0
2020-12-28,5.600,0
2020-12-29,0.200,0
2020-12-30,59.800,3
2020-12-31,6.000,0
2021-01-01,1.000,0
2021-01-02,0.000,0
2021-01-03,0.000,0
2021-01-04,3.200,0
2021-01-05,11.800,0
2021-01-06,7.400,0
2021-01-07,0.200,0
2021-01-08,0.400,0
2021-01-09,0.200,0
2021-01-10,7.000,0
2021-01-11,0.000,0
2021-01-12,0.000,0
2021-01-13,0.000,0
2021-01-14,0.000,0
2021-01-15,2.200,0
2021-01-16,0.800,0
2021-01-17,4.800,0
2021-01-18,62.200,0
2021-01-19,38.000,0
2021-01-20,58.200,0
2021-01-21,5.600,0
2021-01-22,0.400,0
2021-01-23,14.800,0
2021-01-24,1.400,0
2021-01-25,20.400,0
2021-01-26,0.800,0
2021-01-27,2.000,0
2021-01-28,4.600,0
2021-01-29,3.000,0
2021-01-30,12.400,0
2021-01-31,2.000,0
2021-02-01,1.000,0
2021-02-02,0.000,0
2021-02-03,0.000,0
2021-02-04,24.000,0
2021-02-05,0.200,0
2021-02-06,0.000,0
2021-02-07,0.000,0
2021-02-08,0.000,0
2021-02-09,0.000,0
2021-02-10,0.000,0
2021-02-11,2.000,0
2021-02-12,0.000,0
2021-02-13,0.200,0
2021-02-14,0.000,0
2021-02-15,0.200,0
2021-02-16,0.000,0
2021-02-17,0.000,0
2021-02-18,0.000,0
2021-02-19,0.000,0
2021-02-20,0.000,0
2021-02-21,0.000,0
2021-02-22,0.000,0
2021-02-23,2.600,0
2021-02-24,38.800,0
2021-02-25,0.000,0
2021-02-26,0.800,0
2021-02-27,10.800,0
2021-02-28,12.200,0
2021-03-01,10.000,0
2021-03-02,7.800,0
2021-03-03,24.200,0
2021-03-04,0.600,0
2021-03-05,3.800,0
2021-03-06,3.000,0
2021-03-07,0.000,0
2021-03-08,0.000,0
2021-03-09,4.400,0
2021-03-10,0.000,0
2021-03-11,0.000,0
2021-03-12,0.000,0
2021-03-13,0.000,0
2021-03-14,0.000,0
2021-03-15,0.000,0
2021-03-16,0.800,0
2021-03-17,0.000,0
2021-03-18,0.000,0
2021-03-19,0.000,0
2021-03-20,0.000,0
2021-03-21,2.000,0
2021-03-22,11.200,0
2021-03-23,0.200,0
2021-03-24,3.800,0
2021-03-25,0.200,0
2021-03-26,0.000,0
2021-03-27,2.000,0
2021-03-28,1.600,0
2021-03-29,22.400,0
2021-03-30,0.200,0
2021-03-31,0.200,0
2021-04-01,0.000,0
2021-04-02,0.000,0
2021-04-03,0.000,0
2021-04-04,0.000,0
2021-04-05,0.000,0
2021-04-06,0.400,0
2021-04-07,0.000,0
2021-04-08,0.000,0
2021-04-09,0.000,0
2021-04-10,0.000,0
2021-04-11,0.000,0
2021-04-12,0.000,0
2021-04-13,0.000,0
2021-04-14,0.000,0
2021-04-15,0.000,0
2021-04-16,0.000,0
2021-04-17,0.000,0
2021-04-18,3.200,0
2021-04-19,0.000,0
2021-04-20,0.000,0
2021-04-21,0.000,0
2021-04-22,0.000,0
2021-04-23,0.000,0
2021-04-24,0.000,0
2021-04-25,2.200,0
2021-04-26,0.200,0
2021-04-27,0.000,0
2021-04-28,0.000,0
2021-04-29,0.000,0
2021-04-30,0.000,0
2021-05-01,0.000,0
2021-05-02,0.000,0
2021-05-03,0.000,0
2021-05-04,0.000,0
2021-05-05,0.000,0
2021-05-06,11.200,0
2021-05-07,0.000,0
2021-05-08,0.000,0
2021-05-09,0.000,0
2021-05-10,0.000,0
2021-05-11,1.000,0
2021-05-12,32.400,0
2021-05-13,0.000,0
2021-05-14,0.000,0
2021-05-15,0.000,0
2021-05-16,0.000,0
2021-05-17,0.000,0
2021-05-18,0.000,0
2021-05-19,0.000,0
2021-05-20,0.000,0
2021-05-21,0.000,0
2021-05-22,18.800,0
2021-05-23,0.600,0
2021-05-24,0.000,0
2021-05-25,0.000,0
2021-05-26,0.000,0
2021-05-27,0.000,0
2021-05-28,0.000,0
2021-05-29,0.000,0
2021-05-30,6.200,0
2021-05-31,0.000,0
2021-06-01,0.000,0
2021-06-02,0.400,0
2021-06-03,0.000,0
2021-06-04,0.000,0
2021-06-05,0.000,0
2021-06-06,8.000,0
2021-06-07,4.200,0
2021-06-08,0.200,0
2021-06-09,0.000,0
2021-06-10,0.800,0
2021-06-11,0.000,0
2021-06-12,0.000,0
2021-06-13,0.000,0
2021-06-14,0.000,0
2021-06-15,0.000,0
2021-06-16,0.000,0
2021-06-17,0.000,0
2021-06-18,4.000,0
2021-06-19,48.400,0
2021-06-20,0.200,0
2021-06-21,9.000,0
2021-06-22,0.600,0
2021-06-23,0.000,0
2021-06-24,0.000,0
2021-06-25,0.000,0
2021-06-26,0.000,0
2021-06-27,0.000,0
2021-06-28,30.400,0
2021-06-29,0.000,0
2021-06-30,0.000,0
2021-07-01,0.000,0
2021-07-02,0.000,0
2021-07-03,0.000,0
2021-07-04,0.000,0
2021-07-05,0.000,0
2021-07-06,0.000,0
2021-07-07,0.000,0
2021-07-08,0.000,0
2021-07-09,0.000,0
2021-07-10,0.000,0
2021-07-11,0.000,0
2021-07-12,0.000,0
2021-07-13,0.000,0
2021-07-14,0.000,0
2021-07-15,10.600,0
2021-07-16,9.400,0
2021-07-17,0.400,0
2021-07-18,0.000,0
2021-07-19,0.000,0
2021-07-20,0.000,0
2021-07-21,0.000,0
2021-07-22,0.000,0
2021-07-23,0.000,0
2021-07-24,0.000,0
2021-07-25,0.000,0
2021-07-26,0.000,0
2021-07-27,8.200,0
2021-07-28,0.200,0
2021-07-29,0.000,0
2021-07-30,0.000,0
2021-07-31,0.000,0
2021-08-01,0.000,0
2021-08-02,0.000,0
2021-08-03,0.000,0
2021-08-04,0.000,0
2021-08-05,0.000,0
2021-08-06,0.000,0
2021-08-07,0.000,0
2021-08-08,0.000,0
2021-08-09,0.000,0
2021-08-10,0.000,0
2021-08-11,0.000,0
2021-08-12,25.800,0
2021-08-13,46.800,0
2021-08-14,8.600,0
2021-08-15,0.000,0
2021-08-16,28.000,0
2021-08-17,0.000,0
2021-08-18,0.000,0
2021-08-19,0.000,0
2021-08-20,0.000,0
2021-08-21,0.000,0
2021-08-22,0.000,0
2021-08-23,0.000,0
2021-08-24,0.000,0
2021-08-25,0.000,0
2021-08-26,4.200,0
2021-08-27,0.000,0
2021-08-28,4.200,0
2021-08-29,0.000,0
2021-08-30,0.000,0
2021-08-31,0.000,0
2021-09-01,0.000,0
2021-09-02,0.000,0
2021-09-03,0.000,0
2021-09-04,0.000,0
2021-09-05,3.600,0
2021-09-06,0.000,0
2021-09-07,0.000,0
2021-09-08,2.000,0
2021-09-09,4.400,0
2021-09-10,0.000,0
2021-09-11,0.400,0
2021-09-12,0.000,0
2021-09-13,0.000,0
2021-09-14,10.800,0
2021-09-15,7.000,0
2021-09-16,26.400,0
2021-09-17,5.000,0
2021-09-18,0.000,0
2021-09-19,11.600,0
2021-09-20,0.200,0
2021-09-21,0.000,0
2021-09-22,0.000,0
2021-09-23,0.000,0
2021-09-24,0.000,0
2021-09-25,0.000,0
2021-09-26,0.000,0
2021-09-27,0.000,0
2021-09-28,3.800,0
2021-09-29,3.000,0
2021-09-30,0.000,0
2021-10-01,23.000,0
2021-10-02,0.000,0
2021-10-03,25.400,0
2021-10-04,21.000,0
2021-10-05,0.200,0
2021-10-06,5.400,0
2021-10-07,1.000,0
2021-10-08,0.000,0
2021-10-09,5.000,0
2021-10-10,0.000,0
2021-10-11,0.200,0
2021-10-12,0.000,0
2021-10-13,0.000,0
2021-10-14,0.000,0
2021-10-15,18.000,0
2021-10-16,0.200,0
2021-10-17,22.600,0
2021-10-18,0.400,0
2021-10-19,0.000,0
2021-10-20,0.000,0
2021-10-21,0.000,0
2021-10-22,0.000,0
2021-10-23,41.400,0
2021-10-24,0.600,0
2021-10-25,0.000,0
2021-10-26,0.000,0
2021-10-27,0.000,0
2021-10-28,0.000,0
2021-10-29,0.000,0
2021-10-30,0.000,0
2021-10-31,4.400,0
2021-11-01,1.400,0
2021-11-02,0.000,0
2021-11-03,3.600,0
2021-11-04,8.200,0
2021-11-05,0.000,0
2021-11-06,0.000,0
2021-11-07,0.000,0
2021-11-08,0.000,0
2021-11-09,0.000,0
2021-11-10,0.000,0
2021-11-11,0.200,0
2021-11-12,0.000,0
2021-11-13,0.000,0
2021-11-14,0.000,0
2021-11-15,0.000,0
2021-11-16,0.000,0
2021-11-17,0.000,0
2021-11-18,12.800,0
2021-11-19,0.000,0
2021-11-20,0.000,0
2021-11-21,0.000,0
2021-11-22,0.000,0
2021-11-23,0.000,0
2021-11-24,0.000,0
2021-11-25,9.000,0
2021-11-26,0.800,0
2021-11-27,0.000,0
2021-11-28,0.000,0
2021-11-29,0.000,0
2021-11-30,0.000,0
2021-12-01,0.000,0
2021-12-02,0.000,0
2021-12-03,0.000,0
2021-12-04,0.000,0
2021-12-05,4.800,0
2021-12-06,0.200,0
2021-12-07,0.200,0
2021-12-08,0.000,0
2021-12-09,0.000,0
2021-12-10,0.000,0
2021-12-11,0.000,0
2021-12-12,3.800,0
2021-12-13,0.000,0
2021-12-14,11.600,0
2021-12-15,3.800,0
2021-12-16,0.000,0
2021-12-17,0.000,0
2021-12-18,0.000,0
2021-12-19,0.000,0
2021-12-20,0.000,0
2021-12-21,4.200,0
2021-12-22,4.800,0
2021-12-23,0.000,0
2021-12-24,0.000,0
2021-12-25,0.000,0
2021-12-26,0.000,0
2021-12-27,2.600,0
2021-12-28,0.000,0
2021-12-29,0.000,0
2021-12-30,1.600,0
2021-12-31,1.800,0
2022-01-01,0.000,0
2022-01-02,0.000,0
2022-01-03,0.000,0
2022-01-04,21.600,0
2022-01-05,3.000,0
2022-01-06,0.000,0
2022-01-07,0.000,0
2022-01-08,0.000,0
2022-01-09,0.000,0
2022-01-10,2.000,0
2022-01-11,2.600,0
2022-01-12,0.200,0
2022-01-13,2.800,0
2022-01-14,18.800,0
2022-01-15,67.200,0
2022-01-16,5.400,0
2022-01-17,1.600,0
2022-01-18,11.600,0
2022-01-19,0.400,0
2022-01-20,0.600,0
2022-01-21,1.400,0
2022-01-22,0.000,0
2022-01-23,0.000,0
2022-01-24,0.000,0
2022-01-25,0.000,0
2022-01-26,0.000,0
2022-01-27,20.200,0
2022-01-28,11.600,0
2022-01-29,13.400,0
2022-01-30,0.000,0
2022-01-31,0.000,0
2022-02-01,0.000,0
2022-02-02,0.000,0
2022-02-03,0.000,0
2022-02-04,4.000,0
2022-02-05,5.600,0
2022-02-06,0.000,0
2022-02-07,0.000,0
2022-02-08,0.000,0
2022-02-09,0.000,0
2022-02-10,0.000,0
2022-02-11,0.000,0
2022-02-12,0.000,0
2022-02-13,0.000,0
2022-02-14,3.400,0
2022-02-15,0.000,0
2022-02-16,8.200,0
2022-02-17,9.400,0
2022-02-18,0.000,0
2022-02-19,6.600,0
2022-02-20,0.200,0
2022-02-21,5.800,0
2022-02-22,0.000,0
2022-02-23,0.000,0
2022-02-24,0.000,0
2022-02-25,0.600,0
2022-02-26,0.600,0
2022-02-27,0.000,0
2022-02-28,0.000,0
2022-03-01,7.000,0
2022-03-02,0.200,0
2022-03-03,45.800,0
2022-03-04,10.400,0
2022-03-05,0.000,0
2022-03-06,0.000,0
2022-03-07,0.000,0
2022-03-08,118.800,0
2022-03-09,,
2022-03-10,,
2022-03-11,0.000,0
2022-03-12,23.000,0
2022-03-13,2.000,0
2022-03-14,4.000,0
2022-03-15,0.200,0
2022-03-16,0.800,0
2022-03-17,0.000,0
2022-03-18,5.000,0
2022-03-19,24.600,0
2022-03-20,0.000,0
2022-03-21,0.200,0
2022-03-22,0.000,0
2022-03-23,0.000,0
2022-03-24,12.400,0
2022-03-25,0.200,0
2022-03-26,0.000,0
2022-03-27,0.000,0
2022-03-28,0.000,0
2022-03-29,0.000,0
2022-03-30,6.200,0
2022-03-31,24.000,0
2022-04-01,6.400,0
2022-04-02,0.400,0
2022-04-03,0.000,0
2022-04-04,3.000,0
2022-04-05,0.000,0
2022-04-06,0.000,0
2022-04-07,7.400,0
2022-04-08,35.600,0
2022-04-09,0.000,0
2022-04-10,0.000,0
2022-04-11,11.800,0
2022-04-12,11.400,0
2022-04-13,18.000,0
2022-04-14,2.600,0
2022-04-15,0.000,0
2022-04-16,0.000,0
2022-04-17,0.000,0
2022-04-18,0.000,0
2022-04-19,0.000,0
2022-04-20,0.000,0
2022-04-21,0.600,0
2022-04-22,31.800,0
2022-04-23,30.200,0
2022-04-24,0.000,0
2022-04-25,0.000,0
2022-04-26,0.000,0
2022-04-27,0.000,0
2022-04-28,0.000,0
2022-04-29,0.000,0
2022-04-30,0.800,0
2022-05-01,0.000,0
2022-05-02,2.400,0
2022-05-03,36.600,0
2022-05-04,1.200,0
2022-05-05,0.000,0
2022-05-06,0.000,0
2022-05-07,0.000,0
2022-05-08,0.000,0
2022-05-09,0.000,0
2022-05-10,2.200,0
2022-05-11,9.000,0
2022-05-12,0.200,0
2022-05-13,0.000,0
2022-05-14,0.000,0
2022-05-15,0.000,0
2022-05-16,0.000,0
2022-05-17,0.000,0
2022-05-18,0.000,0
2022-05-19,0.000,0
2022-05-20,0.000,0
2022-05-21,0.000,0
2022-05-22,0.000,0
2022-05-23,0.000,0
2022-05-24,0.000,0
2022-05-25,0.000,0
2022-05-26,0.000,0
2022-05-27,0.000,0
2022-05-28,0.000,0
2022-05-29,,
2022-05-30,,
2022-05-31,2.600,0
2022-06-01,47.000,0
2022-06-02,93.400,0
2022-06-03,0.400,0
2022-06-04,0.000,0
2022-06-05,0.000,0
2022-06-06,1.800,0
2022-06-07,24.000,0
2022-06-08,0.000,0
2022-06-09,14.400,0
2022-06-10,0.000,0
2022-06-11,0.000,0
2022-06-12,0.000,0
2022-06-13,0.000,0
2022-06-14,0.000,0
2022-06-15,0.000,0
2022-06-16,0.000,0
2022-06-17,14.000,0
2022-06-18,0.000,0
2022-06-19,0.000,0
2022-06-20,0.000,0
2022-06-21,0.000,0
2022-06-22,0.000,0
2022-06-23,0.000,0
2022-06-24,0.000,0
2022-06-25,0.000,0
2022-06-26,0.000,0
2022-06-27,0.000,0
2022-06-28,0.000,0
2022-06-29,0.000,0
2022-06-30,0.000,0
2022-07-01,0.000,0
2022-07-02,0.000,0
2022-07-03,0.000,0
2022-07-04,0.000,0
2022-07-05,0.000,0
2022-07-06,0.000,0
2022-07-07,0.000,0
2022-07-08,0.000,0
2022-07-09,0.000,0
2022-07-10,0.000,0
2022-07-11,0.000,0
2022-07-12,9.000,0
2022-07-13,0.000,0
2022-07-14,1.400,0
2022-07-15,0.000,0
2022-07-16,0.000,0
2022-07-17,0.000,0
2022-07-18,9.800,0
2022-07-19,11.000,0
2022-07-20,0.000,0
2022-07-21,0.000,0
2022-07-22,0.000,0
2022-07-23,0.000,0
2022-07-24,0.000,0
2022-07-25,0.000,0
2022-07-26,0.000,0
2022-07-27,0.000,0
2022-07-28,0.000,0
2022-07-29,9.000,0
2022-07-30,0.000,0
2022-07-31,0.000,0
2022-08-01,0.000,0
2022-08-02,0.000,0
2022-08-03,0.000,0
2022-08-04,0.000,0
2022-08-05,0.000,0
2022-08-06,3.800,0
2022-08-07,35.800,0
2022-08-08,9.200,0
2022-08-09,38.800,0
2022-08-10,25.800,0
2022-08-11,0.200,0
2022-08-12,0.000,0
2022-08-13,0.000,0
2022-08-14,0.000,0
2022-08-15,0.000,0
2022-08-16,21.200,0
2022-08-17,1.400,0
2022-08-18,32.000,0
2022-08-19,0.000,0
2022-08-20,0.000,0
2022-08-21,0.000,0
2022-08-22,0.000,0
2022-08-23,0.000,0
2022-08-24,0.000,0
2022-08-25,0.000,0
2022-08-26,0.000,0
2022-08-27,0.000,0
2022-08-28,0.200,0
2022-08-29,0.000,0
2022-08-30,0.000,0
2022-08-31,0.000,0
2022-09-01,0.000,0
2022-09-02,4.600,0
2022-09-03,22.000,0
2022-09-04,0.000,0
2022-09-05,1.800,0
2022-09-06,11.400,0
2022-09-07,11.600,0
2022-09-08,0.200,0
2022-09-09,0.200,0
2022-09-10,0.000,0
2022-09-11,1.200,0
2022-09-12,45.200,0
2022-09-13,12.200,0
2022-09-14,13.400,0
2022-09-15,6.800,0
2022-09-16,0.000,0
2022-09-17,0.000,0
2022-09-18,0.000,0
2022-09-19,6.200,0
2022-09-20,0.200,0
2022-09-21,12.600,0
2022-09-22,0.400,0
2022-09-23,0.000,0
2022-09-24,0.000,0
2022-09-25,44.000,0
2022-09-26,23.000,0
2022-09-27,0.600,0
2022-09-28,0.200,0
2022-09-29,2.400,0
2022-09-30,0.200,0
2022-10-01,0.000,0
2022-10-02,0.000,0
2022-10-03,0.000,0
2022-10-04,0.000,0
2022-10-05,0.000,0
2022-10-06,19.600,0
2022-10-07,0.400,0
2022-10-08,0.000,0
2022-10-09,0.000,0
2022-10-10,0.000,0
2022-10-11,5.200,0
2022-10-12,2.000,0
2022-10-13,2.600,0
2022-10-14,19.400,0
2022-10-15,0.000,0
2022-10-16,14.000,0
2022-10-17,0.000,0
2022-10-18,2.400,0
2022-10-19,0.000,0
2022-10-20,31.800,0
2022-10-21,8.000,0
2022-10-22,0.000,0
2022-10-23,0.000,0
2022-10-24,0.000,0
2022-10-25,0.000,0
2022-10-26,0.000,0
2022-10-27,0.000,0
2022-10-28,0.000,0
2022-10-29,24.800,0
2022-10-30,21.200,0
2022-10-31,6.600,0
2022-11-01,6.400,0
2022-11-02,1.400,0
2022-11-03,0.000,0
2022-11-04,0.000,0
2022-11-05,0.000,0
2022-11-06,0.000,0
2022-11-07,0.000,0
2022-11-08,0.200,0
2022-11-09,0.000,0
2022-11-10,0.000,0
2022-11-11,12.000,0
2022-11-12,1.200,0
2022-11-13,12.200,0
2022-11-14,8.600,0
2022-11-15,0.000,0
2022-11-16,0.000,0
2022-11-17,0.000,0
2022-11-18,0.000,0
2022-11-19,0.000,0
2022-11-20,0.000,0
2022-11-21,3.800,0
2022-11-22,4.200,0
2022-11-23,19.400,0
2022-11-24,0.000,0
2022-11-25,0.000,0
2022-11-26,6.200,0
2022-11-27,2.200,0
2022-11-28,22.800,0
2022-11-29,7.000,0
2022-11-30,11.800,0
2022-12-01,4.400,0
2022-12-02,0.200,0
2022-12-03,0.600,0
2022-12-04,3.600,0
2022-12-05,4.200,0
2022-12-06,0.000,0
2022-12-07,0.000,0
2022-12-08,0.000,0
2022-12-09,4.800,0
2022-12-10,0.000,0
2022-12-11,0.000,0
2022-12-12,7.600,0
2022-12-13,6.600,0
2022-12-14,0.000,0
2022-12-15,0.000,0
2022-12-16,12.200,0
2022-12-17,0.200,0
2022-12-18,0.000,0
2022-12-19,0.200,0
2022-12-20,0.200,0
2022-12-21,0.000,0
2022-12-22,0.200,0
2022-12-23,0.000,0
2022-12-24,0.000,0
2022-12-25,17.200,0
2022-12-26,9.800,0
2022-12-27,19.400,0
2022-12-28,25.200,0
2022-12-29,0.000,0
2022-12-30,0.000,0
2022-12-31,0.000,0
2023-01-01,0.000,0
2023-01-02,12.400,0
2023-01-03,0.000,0
2023-01-04,39.400,0
2023-01-05,0.000,0
2023-01-06,0.000,0
2023-01-07,0.000,0
2023-01-08,0.000,0
2023-01-09,0.000,0
2023-01-10,61.200,0
2023-01-11,12.200,0
2023-01-12,2.400,0
2023-01-13,0.400,0
2023-01-14,12.400,0
2023-01-15,0.400,0
2023-01-16,0.000,0
2023-01-17,0.000,0
2023-01-18,6.800,0
2023-01-19,0.200,0
2023-01-20,12.400,0
2023-01-21,0.000,0
2023-01-22,1.600,0
2023-01-23,11.400,0
2023-01-24,0.200,0
2023-01-25,0.000,0
2023-01-26,0.000,0
2023-01-27,0.000,0
2023-01-28,,
2023-01-29,,
2023-01-30,,
2023-01-31,,
2023-02-01,6.000,0
2023-02-02,64.800,0
2023-02-03,2.000,0
2023-02-04,17.000,0
2023-02-05,0.000,0
2023-02-06,0.000,0
2023-02-07,0.000,0
2023-02-08,0.000,0
2023-02-09,0.000,0
2023-02-10,0.600,0
2023-02-11,18.800,0
2023-02-12,0.000,0
2023-02-13,0.000,0
2023-02-14,0.000,0
2023-02-15,0.000,0
2023-02-16,0.000,0
2023-02-17,0.000,0
2023-02-18,0.000,0
2023-02-19,0.000,0
2023-02-20,0.000,0
2023-02-21,0.000,0
2023-02-22,0.000,0
2023-02-23,0.000,0
2023-02-24,0.400,0
2023-02-25,0.000,0
2023-02-26,0.000,0
2023-02-27,0.000,0
2023-02-28,0.000,0
2023-03-01,0.000,0
2023-03-02,0.000,0
2023-03-03,0.000,0
2023-03-04,0.000,0
2023-03-05,0.000,0
2023-03-06,0.000,0
2023-03-07,0.000,0
2023-03-08,0.000,0
2023-03-09,0.000,0
2023-03-10,0.000,0
2023-03-11,0.000,0
2023-03-12,0.000,0
2023-03-13,0.000,0
2023-03-14,0.000,0
2023-03-15,0.000,0
2023-03-16,0.000,0
2023-03-17,0.000,0
2023-03-18,0.000,0
2023-03-19,0.000,0
2023-03-20,0.000,0
2023-03-21,0.000,0
2023-03-22,0.000,0
2023-03-23,0.000,0
2023-03-24,0.000,0
2023-03-25,0.000,0
2023-03-26,0.000,0
2023-03-27,0.000,0
2023-03-28,0.000,0
2023-03-29,0.000,0
2023-03-30,0.000,0
2023-03-31,0.000,0
2023-04-01,0.000,0
2023-04-02,0.000,0
2023-04-03,0.000,0
2023-04-04,0.000,0
2023-04-05,0.000,0
2023-04-06,0.000,0
2023-04-07,0.000,0
2023-04-08,0.000,0
2023-04-09,0.000,0
2023-04-10,0.000,0
2023-04-11,0.000,0
2023-04-12,0.000,0
2023-04-13,0.000,0
2023-04-14,0.000,0
2023-04-15,0.000,0
2023-04-16,0.000,0
2023-04-17,5.400,0
2023-04-18,44.200,0
2023-04-19,0.200,0
2023-04-20,0.400,0
2023-04-21,0.000,0
2023-04-22,0.000,0
2023-04-23,0.000,0
2023-04-24,0.400,0
2023-04-25,0.000,0
2023-04-26,3.000,0
2023-04-27,0.400,0
2023-04-28,0.000,0
2023-04-29,0.000,0
2023-04-30,0.000,0
2023-05-01,0.000,0
2023-05-02,0.000,0
2023-05-03,0.200,0
2023-05-04,14.600,0
2023-05-05,0.000,0
2023-05-06,0.000,0
2023-05-07,0.000,0
2023-05-08,0.000,0
2023-05-09,0.000,0
2023-05-10,0.000,0
2023-05-11,0.000,0
2023-05-12,0.000,0
2023-05-13,0.000,0
2023-05-14,0.000,0
2023-05-15,0.000,0
2023-05-16,0.000,0
2023-05-17,0.000,0
2023-05-18,0.000,0
2023-05-19,0.000,0
2023-05-20,0.000,0
2023-05-21,0.000,0
2023-05-22,0.000,0
2023-05-23,0.000,0
2023-05-24,0.000,0
2023-05-25,0.000,0
2023-05-26,0.000,0
2023-05-27,4.600,0
2023-05-28,4.800,0
2023-05-29,0.000,0
2023-05-30,0.000,0
2023-05-31,1.200,0
2023-06-01,0.200,0
2023-06-02,0.000,0
2023-06-03,0.000,0
2023-06-04,0.000,0
2023-06-05,0.000,0
2023-06-06,0.000,0
2023-06-07,0.000,0
2023-06-08,0.000,0
2023-06-09,0.000,0
2023-06-10,0.000,0
2023-06-11,1.400,0
2023-06-12,64.000,0
2023-06-13,12.400,0
2023-06-14,19.200,0
2023-06-15,9.000,0
2023-06-16,0.000,0
2023-06-17,0.000,0
2023-06-18,0.000,0
2023-06-19,0.000,0
2023-06-20,0.000,0
2023-06-21,0.000,0
2023-06-22,2.000,0
2023-06-23,1.000,0
2023-06-24,0.000,0
2023-06-25,0.000,0
2023-06-26,0.000,0
2023-06-27,0.000,0
2023-06-28,0.000,0
2023-06-29,0.000,0
2023-06-30,,
2023-07-01,0.000,0
2023-07-02,0.000,0
2023-07-03,0.000,0
2023-07-04,0.000,0
2023-07-05,0.000,0
2023-07-06,0.000,0
2023-07-07,0.000,0
2023-07-08,12.000,0
2023-07-09,3.400,0
2023-07-10,48.400,0
2023-07-11,25.000,0
2023-07-12,12.200,0
2023-07-13,0.600,0
2023-07-14,0.000,0
2023-07-15,0.000,0
2023-07-16,0.000,0
2023-07-17,13.600,0
2023-07-18,6.600,0
2023-07-19,0.200,0
2023-07-20,0.000,0
2023-07-21,0.000,0
2023-07-22,0.000,0
2023-07-23,0.000,0
2023-07-24,0.000,0
2023-07-25,0.000,0
2023-07-26,0.000,0
2023-07-27,22.000,0
2023-07-28,5.600,0
2023-07-29,0.200,0
2023-07-30,0.000,0
2023-07-31,0.000,0
2023-08-01,0.000,0
2023-08-02,0.000,0
2023-08-03,0.000,0
2023-08-04,0.000,0
2023-08-05,0.000,0
2023-08-06,0.000,0
2023-08-07,0.000,0
2023-08-08,0.000,0
2023-08-09,36.400,0
2023-08-10,1.600,0
2023-08-11,15.400,0
2023-08-12,11.600,0
2023-08-13,0.600,0
2023-08-14,0.000,0
2023-08-15,0.000,0
2023-08-16,0.000,0
2023-08-17,0.000,0
2023-08-18,15.400,0
2023-08-19,0.600,0
2023-08-20,0.000,0
2023-08-21,0.000,0
2023-08-22,0.000,0
2023-08-23,0.000,0
2023-08-24,0.000,0
2023-08-25,6.600,0
2023-08-26,0.000,0
2023-08-27,0.000,0
2023-08-28,0.000,0
2023-08-29,0.000,0
2023-08-30,0.000,0
2023-08-31,,
