hordatahora,6.660216821467263
2013-01-01,106.317
2013-01-02,100.538
2013-01-03,93.497
2013-01-04,80.1386
2013-01-05,67.5907
2013-01-06,57.3011
2013-01-07,55.5354
2013-01-08,51.436
2013-01-09,58.61
2013-01-10,61.7003
2013-01-11,57.5791
2013-01-12,52.6258
2013-01-13,47.3827
2013-01-14,47.4665
2013-01-15,56.4327
2013-01-16,58.7526
2013-01-17,61.6418
2013-01-18,62.1193
2013-01-19,70.333
2013-01-20,67.713
2013-01-21,66.3915
2013-01-22,67.4632
2013-01-23,64.4848
2013-01-24,58.8197
2013-01-25,52.5515
2013-01-26,48.7244
2013-01-27,43.7238
2013-01-28,38.947
2013-01-29,34.082
2013-01-30,29.536
2013-01-31,25.5092
2013-02-01,21.9076
2013-02-02,39.1333
2013-02-03,78.354
2013-02-04,95.3106
2013-02-05,94.1487
2013-02-06,91.3025
2013-02-07,100.55
2013-02-08,122.345
2013-02-09,129.779
2013-02-10,133.468
2013-02-11,138.854
2013-02-12,140.055
2013-02-13,136.673
2013-02-14,128.937
2013-02-15,124.519
2013-02-16,117.146
2013-02-17,119.293
2013-02-18,135.746
2013-02-19,161.873
2013-02-20,167.688
2013-02-21,165.885
2013-02-22,153.76
2013-02-23,140.759
2013-02-24,125.396
2013-02-25,110.51
2013-02-26,113.662
2013-02-27,134.317
2013-02-28,125.527
2013-03-01,116.9
2013-03-02,106.031
2013-03-03,94.228
2013-03-04,82.7426
2013-03-05,79.9409
2013-03-06,94.1363
2013-03-07,99.0251
2013-03-08,98.582
2013-03-09,94.9806
2013-03-10,96.5266
2013-03-11,91.768
2013-03-12,90.1058
2013-03-13,112.33
2013-03-14,156.198
2013-03-15,152.542
2013-03-16,151.012
2013-03-17,154.914
2013-03-18,145.67
2013-03-19,133.316
2013-03-20,123.495
2013-03-21,117.031
2013-03-22,105.725
2013-03-23,94.8462
2013-03-24,91.0435
2013-03-25,101.528
2013-03-26,94.8731
2013-03-27,92.396
2013-03-28,85.9109
2013-03-29,79.2737
2013-03-30,74.8336
2013-03-31,68.2324
2013-04-01,61.2718
2013-04-02,55.6592
2013-04-03,56.8106
2013-04-04,56.448
2013-04-05,70.9525
2013-04-06,86.1109
2013-04-07,82.1935
2013-04-08,77.1388
2013-04-09,71.4209
2013-04-10,64.7751
2013-04-11,57.9527
2013-04-12,58.934
2013-04-13,74.9775
2013-04-14,76.6112
2013-04-15,71.7962
2013-04-16,66.1311
2013-04-17,60.0915
2013-04-18,53.8855
2013-04-19,48.0233
2013-04-20,42.4504
2013-04-21,37.3943
2013-04-22,32.7416
2013-04-23,28.5764
2013-04-24,26.0338
2013-04-25,23.7516
2013-04-26,21.2204
2013-04-27,18.7354
2013-04-28,16.5502
2013-04-29,14.7189
2013-04-30,13.3848
2013-05-01,12.3555
2013-05-02,11.5437
2013-05-03,10.8514
2013-05-04,10.3328
2013-05-05,13.9924
2013-05-06,26.5953
2013-05-07,27.0457
2013-05-08,25.9849
2013-05-09,24.8154
2013-05-10,23.4311
2013-05-11,21.8645
2013-05-12,20.1213
2013-05-13,18.4111
2013-05-14,17.1543
2013-05-15,15.8605
2013-05-16,18.3028
2013-05-17,28.7957
2013-05-18,30.0698
2013-05-19,28.9544
2013-05-20,27.9127
2013-05-21,26.8303
2013-05-22,26.5533
2013-05-23,33.0154
2013-05-24,33.5262
2013-05-25,32.0547
2013-05-26,30.2824
2013-05-27,28.5343
2013-05-28,40.2642
2013-05-29,65.7404
2013-05-30,81.7673
2013-05-31,83.4336
2013-06-01,81.6577
2013-06-02,96.3684
2013-06-03,123.038
2013-06-04,118.987
2013-06-05,112.018
2013-06-06,102.899
2013-06-07,92.5548
2013-06-08,82.2452
2013-06-09,72.7472
2013-06-10,64.0983
2013-06-11,57.0531
2013-06-12,55.9744
2013-06-13,50.5541
2013-06-14,45.5241
2013-06-15,40.7857
2013-06-16,50.7191
2013-06-17,70.5218
2013-06-18,73.3363
2013-06-19,72.0658
2013-06-20,112.892
2013-06-21,231.692
2013-06-22,308.791
2013-06-23,307.909
2013-06-24,298.914
2013-06-25,292.466
2013-06-26,272.221
2013-06-27,249.601
2013-06-28,229.803
2013-06-29,213.911
2013-06-30,221.644
2013-07-01,229.86
2013-07-02,216.074
2013-07-03,195.613
2013-07-04,174.376
2013-07-05,154.106
2013-07-06,135.695
2013-07-07,119.188
2013-07-08,104.78
2013-07-09,92.6168
2013-07-10,81.6019
2013-07-11,71.8038
2013-07-12,63.2994
2013-07-13,55.97
2013-07-14,49.5403
2013-07-15,43.9634
2013-07-16,39.5508
2013-07-17,35.5232
2013-07-18,31.5741
2013-07-19,35.8605
2013-07-20,76.0641
2013-07-21,145.012
2013-07-22,212.228
2013-07-23,245.174
2013-07-24,242.31
2013-07-25,226.464
2013-07-26,205.415
2013-07-27,183.112
2013-07-28,160.76
2013-07-29,140.471
2013-07-30,122.848
2013-07-31,107.503
2013-08-01,94.3535
2013-08-02,83.6763
2013-08-03,74.6142
2013-08-04,67.2017
2013-08-05,61.8006
2013-08-06,55.9495
2013-08-07,50.5129
2013-08-08,45.4406
2013-08-09,41.2169
2013-08-10,37.8586
2013-08-11,35.2821
2013-08-12,31.7942
2013-08-13,28.2737
2013-08-14,28.8806
2013-08-15,35.5355
2013-08-16,33.5839
2013-08-17,31.6751
2013-08-18,31.5713
2013-08-19,32.076
2013-08-20,30.2927
2013-08-21,28.4921
2013-08-22,26.8588
2013-08-23,25.5089
2013-08-24,24.6324
2013-08-25,23.1441
2013-08-26,27.6341
2013-08-27,41.5611
2013-08-28,40.9758
2013-08-29,39.0668
2013-08-30,36.9455
2013-08-31,34.7569
2013-09-01,33.0802
2013-09-02,36.1954
2013-09-03,36.0457
2013-09-04,36.6363
2013-09-05,34.9718
2013-09-06,32.2657
2013-09-07,29.9279
2013-09-08,27.6752
2013-09-09,25.7443
2013-09-10,24.4074
2013-09-11,23.0976
2013-09-12,21.7511
2013-09-13,20.3384
2013-09-14,19.5338
2013-09-15,19.0357
2013-09-16,49.7449
2013-09-17,95.1284
2013-09-18,108.861
2013-09-19,109.453
2013-09-20,106.366
2013-09-21,120.561
2013-09-22,191.208
2013-09-23,241.297
2013-09-24,235.038
2013-09-25,221.064
2013-09-26,200.191
2013-09-27,177.409
2013-09-28,155.729
2013-09-29,142.386
2013-09-30,126.628
2013-10-01,116.373
2013-10-02,111.34
2013-10-03,126.968
2013-10-04,149.525
2013-10-05,144.406
2013-10-06,135.391
2013-10-07,124.553
2013-10-08,113.959
2013-10-09,101.567
2013-10-10,89.8324
2013-10-11,79.3869
2013-10-12,70.2385
2013-10-13,62.4641
2013-10-14,56.3097
2013-10-15,55.4446
2013-10-16,53.7945
2013-10-17,59.9304
2013-10-18,56.4967
2013-10-19,52.9743
2013-10-20,49.7323
2013-10-21,54.0126
2013-10-22,70.4632
2013-10-23,67.8602
2013-10-24,66.945
2013-10-25,73.9112
2013-10-26,70.8898
2013-10-27,66.8307
2013-10-28,65.3832
2013-10-29,60.9788
2013-10-30,55.4678
2013-10-31,50.1117
2013-11-01,46.4446
2013-11-02,42.4704
2013-11-03,41.1177
2013-11-04,49.5776
2013-11-05,49.6721
2013-11-06,47.7515
2013-11-07,46.6316
2013-11-08,45.1133
2013-11-09,42.4207
2013-11-10,39.8692
2013-11-11,38.0652
2013-11-12,39.0056
2013-11-13,38.2877
2013-11-14,36.2168
2013-11-15,33.6874
2013-11-16,41.4545
2013-11-17,64.9487
2013-11-18,65.9352
2013-11-19,63.6094
2013-11-20,63.2282
2013-11-21,65.7277
2013-11-22,65.4009
2013-11-23,64.1849
2013-11-24,60.7803
2013-11-25,59.4973
2013-11-26,57.4657
2013-11-27,57.1384
2013-11-28,58.2705
2013-11-29,72.0039
2013-11-30,76.326
2013-12-01,73.2485
2013-12-02,68.7144
2013-12-03,64.7415
2013-12-04,60.1607
2013-12-05,61.0467
2013-12-06,73.3571
2013-12-07,69.3182
2013-12-08,69.5047
2013-12-09,65.0947
2013-12-10,63.139
2013-12-11,59.4724
2013-12-12,58.4381
2013-12-13,54.7508
2013-12-14,50.0227
2013-12-15,49.5019
2013-12-16,48.9438
2013-12-17,46.1636
2013-12-18,44.2129
2013-12-19,43.1252
2013-12-20,42.1816
2013-12-21,42.5651
2013-12-22,45.6125
2013-12-23,49.7196
2013-12-24,49.3965
2013-12-25,47.9059
2013-12-26,46.5157
2013-12-27,45.9336
2013-12-28,50.4469
2013-12-29,61.3522
2013-12-30,61.5429
2013-12-31,61.8353
2014-01-01,73.6631
2014-01-02,98.5293
2014-01-03,101.582
2014-01-04,111.602
2014-01-05,113.123
2014-01-06,107.812
2014-01-07,105.153
2014-01-08,102.591
2014-01-09,109.507
2014-01-10,103.271
2014-01-11,96.9553
2014-01-12,113.857
2014-01-13,148.641
2014-01-14,150.49
2014-01-15,152.38
2014-01-16,169.254
2014-01-17,180.621
2014-01-18,170.122
2014-01-19,157.174
2014-01-20,142.855
2014-01-21,128.157
2014-01-22,117.154
2014-01-23,106.956
2014-01-24,96.8128
2014-01-25,91.705
2014-01-26,84.9467
2014-01-27,78.7206
2014-01-28,71.7156
2014-01-29,65.7563
2014-01-30,63.5322
2014-01-31,58.8988
2014-02-01,54.3716
2014-02-02,50.5974
2014-02-03,47.1726
2014-02-04,46.3157
2014-02-05,49.5889
2014-02-06,47.4353
2014-02-07,44.8028
2014-02-08,43.6379
2014-02-09,48.8832
2014-02-10,46.2572
2014-02-11,42.964
2014-02-12,39.9007
2014-02-13,38.4127
2014-02-14,52.6629
2014-02-15,68.3835
2014-02-16,71.2607
2014-02-17,78.1727
2014-02-18,85.2399
2014-02-19,90.4246
2014-02-20,87.4604
2014-02-21,81.1071
2014-02-22,74.3926
2014-02-23,73.5423
2014-02-24,72.4836
2014-02-25,69.9012
2014-02-26,65.5252
2014-02-27,65.6037
2014-02-28,77.4981
2014-03-01,77.9787
2014-03-02,73.1049
2014-03-03,67.2446
2014-03-04,64.8633
2014-03-05,73.7294
2014-03-06,76.2863
2014-03-07,72.6471
2014-03-08,71.7556
2014-03-09,77.4723
2014-03-10,89.5717
2014-03-11,90.4658
2014-03-12,105.271
2014-03-13,119.744
2014-03-14,137.434
2014-03-15,132.399
2014-03-16,125.787
2014-03-17,116.059
2014-03-18,110.257
2014-03-19,108.922
2014-03-20,104.251
2014-03-21,103.829
2014-03-22,103.429
2014-03-23,95.5264
2014-03-24,86.589
2014-03-25,77.3575
2014-03-26,69.3666
2014-03-27,61.8437
2014-03-28,54.9116
2014-03-29,48.4852
2014-03-30,43.8154
2014-03-31,48.0574
2014-04-01,48.1806
2014-04-02,44.9293
2014-04-03,47.5828
2014-04-04,57.4618
2014-04-05,57.9231
2014-04-06,55.3291
2014-04-07,52.1101
2014-04-08,48.511
2014-04-09,45.9618
2014-04-10,50.0269
2014-04-11,46.1567
2014-04-12,48.0963
2014-04-13,63.5982
2014-04-14,60.827
2014-04-15,60.3945
2014-04-16,69.3979
2014-04-17,66.9156
2014-04-18,63.8104
2014-04-19,61.9739
2014-04-20,62.1368
2014-04-21,57.3012
2014-04-22,51.9199
2014-04-23,47.7401
2014-04-24,44.1238
2014-04-25,39.6566
2014-04-26,35.4567
2014-04-27,31.4725
2014-04-28,28.1997
2014-04-29,26.9767
2014-04-30,24.634
2014-05-01,22.237
2014-05-02,20.8801
2014-05-03,19.1715
2014-05-04,17.2016
2014-05-05,15.541
2014-05-06,14.2591
2014-05-07,13.3427
2014-05-08,12.6167
2014-05-09,12.0218
2014-05-10,11.4375
2014-05-11,10.9949
2014-05-12,11.1303
2014-05-13,10.5601
2014-05-14,10.0161
2014-05-15,12.6483
2014-05-16,12.5631
2014-05-17,13.6657
2014-05-18,13.2312
2014-05-19,12.3045
2014-05-20,11.4408
2014-05-21,10.779
2014-05-22,11.873
2014-05-23,28.4764
2014-05-24,44.7482
2014-05-25,48.487
2014-05-26,63.4542
2014-05-27,78.5841
2014-05-28,77.9936
2014-05-29,75.2959
2014-05-30,71.1254
2014-05-31,66.3291
2014-06-01,67.2721
2014-06-02,64.5891
2014-06-03,60.29
2014-06-04,54.9476
2014-06-05,49.6797
2014-06-06,62.6648
2014-06-07,155.813
2014-06-08,243.582
2014-06-09,273.974
2014-06-10,270.799
2014-06-11,252.508
2014-06-12,227.665
2014-06-13,201.261
2014-06-14,176.364
2014-06-15,153.927
2014-06-16,135.0
2014-06-17,117.643
2014-06-18,108.457
2014-06-19,111.944
2014-06-20,101.714
2014-06-21,91.2499
2014-06-22,81.4107
2014-06-23,72.2361
2014-06-24,64.0765
2014-06-25,57.2669
2014-06-26,51.5483
2014-06-27,46.0692
2014-06-28,42.864
2014-06-29,48.963
2014-06-30,52.1664
2014-07-01,49.6244
2014-07-02,46.6694
2014-07-03,43.3057
2014-07-04,40.5518
2014-07-05,37.8162
2014-07-06,35.5706
2014-07-07,33.2464
2014-07-08,33.3695
2014-07-09,31.604
2014-07-10,29.2969
2014-07-11,28.0913
2014-07-12,25.9353
2014-07-13,24.071
2014-07-14,22.0977
2014-07-15,20.2356
2014-07-16,18.4934
2014-07-17,16.9875
2014-07-18,19.9627
2014-07-19,26.6269
2014-07-20,25.5559
2014-07-21,23.9834
2014-07-22,22.4793
2014-07-23,21.2028
2014-07-24,24.5247
2014-07-25,37.1059
2014-07-26,36.3286
2014-07-27,34.612
2014-07-28,32.9569
2014-07-29,31.028
2014-07-30,29.1668
2014-07-31,27.7167
2014-08-01,26.015
2014-08-02,24.0234
2014-08-03,22.6371
2014-08-04,21.0612
2014-08-05,19.8815
2014-08-06,18.6153
2014-08-07,16.7381
2014-08-08,15.1956
2014-08-09,14.3239
2014-08-10,13.2879
2014-08-11,12.4682
2014-08-12,12.1681
2014-08-13,19.4869
2014-08-14,31.2244
2014-08-15,30.1111
2014-08-16,31.3664
2014-08-17,41.1752
2014-08-18,40.6966
2014-08-19,39.9591
2014-08-20,39.066
2014-08-21,37.343
2014-08-22,34.8329
2014-08-23,32.1849
2014-08-24,29.7663
2014-08-25,27.4999
2014-08-26,27.6382
2014-08-27,29.3304
2014-08-28,26.7814
2014-08-29,24.1238
2014-08-30,21.7864
2014-08-31,24.5944
2014-09-01,38.0508
2014-09-02,50.7241
2014-09-03,73.8087
2014-09-04,74.0782
2014-09-05,74.8683
2014-09-06,73.0111
2014-09-07,68.3674
2014-09-08,65.5699
2014-09-09,60.2546
2014-09-10,54.9303
2014-09-11,49.9602
2014-09-12,45.5853
2014-09-13,41.1983
2014-09-14,36.9509
2014-09-15,33.4443
2014-09-16,30.5368
2014-09-17,27.7641
2014-09-18,25.1211
2014-09-19,39.2055
2014-09-20,63.1048
2014-09-21,68.9016
2014-09-22,69.7478
2014-09-23,68.2812
2014-09-24,72.3258
2014-09-25,87.5375
2014-09-26,90.5773
2014-09-27,96.2511
2014-09-28,93.7294
2014-09-29,95.0817
2014-09-30,109.043
2014-10-01,126.458
2014-10-02,139.223
2014-10-03,134.199
2014-10-04,125.309
2014-10-05,114.075
2014-10-06,102.307
2014-10-07,90.7188
2014-10-08,80.095
2014-10-09,70.8164
2014-10-10,62.7648
2014-10-11,56.0314
2014-10-12,50.4141
2014-10-13,45.4297
2014-10-14,41.4348
2014-10-15,38.4915
2014-10-16,35.2277
2014-10-17,38.9237
2014-10-18,57.7989
2014-10-19,68.5657
2014-10-20,83.2585
2014-10-21,82.0251
2014-10-22,78.8611
2014-10-23,73.8939
2014-10-24,68.1417
2014-10-25,62.1627
2014-10-26,57.4181
2014-10-27,54.4993
2014-10-28,49.558
2014-10-29,44.9272
2014-10-30,40.6862
2014-10-31,36.9852
2014-11-01,34.7124
2014-11-02,38.7349
2014-11-03,36.6393
2014-11-04,51.5989
2014-11-05,84.8899
2014-11-06,84.8492
2014-11-07,96.963
2014-11-08,124.857
2014-11-09,126.678
2014-11-10,121.531
2014-11-11,113.226
2014-11-12,103.325
2014-11-13,93.3859
2014-11-14,90.0856
2014-11-15,88.035
2014-11-16,79.8853
2014-11-17,71.983
2014-11-18,64.5818
2014-11-19,57.7171
2014-11-20,61.6945
2014-11-21,79.2646
2014-11-22,82.3609
2014-11-23,91.1069
2014-11-24,87.6022
2014-11-25,90.7252
2014-11-26,108.896
2014-11-27,104.09
2014-11-28,97.8006
2014-11-29,90.0084
2014-11-30,81.6219
2014-12-01,73.3331
2014-12-02,65.4322
2014-12-03,59.6864
2014-12-04,62.6091
2014-12-05,62.2813
2014-12-06,57.6074
2014-12-07,52.494
2014-12-08,47.6219
2014-12-09,47.3187
2014-12-10,51.792
2014-12-11,55.6683
2014-12-12,54.8167
2014-12-13,56.0072
2014-12-14,58.2298
2014-12-15,54.9474
2014-12-16,51.0652
2014-12-17,46.8495
2014-12-18,42.9457
2014-12-19,46.6882
2014-12-20,54.7486
2014-12-21,56.7135
2014-12-22,112.703
2014-12-23,188.989
2014-12-24,192.262
2014-12-25,194.185
2014-12-26,198.377
2014-12-27,196.044
2014-12-28,182.661
2014-12-29,176.331
2014-12-30,170.536
2014-12-31,157.192
2015-01-01,152.129
2015-01-02,143.962
2015-01-03,135.203
2015-01-04,125.806
2015-01-05,126.371
2015-01-06,133.468
2015-01-07,135.442
2015-01-08,131.301
2015-01-09,128.004
2015-01-10,118.973
2015-01-11,115.911
2015-01-12,109.867
2015-01-13,104.651
2015-01-14,105.658
2015-01-15,108.955
2015-01-16,101.96
2015-01-17,95.0969
2015-01-18,88.4898
2015-01-19,85.1266
2015-01-20,96.5348
2015-01-21,108.135
2015-01-22,101.365
2015-01-23,95.885
2015-01-24,88.4417
2015-01-25,81.4664
2015-01-26,81.8287
2015-01-27,85.3636
2015-01-28,97.0342
2015-01-29,97.6991
2015-01-30,100.599
2015-01-31,112.346
2015-02-01,106.597
2015-02-02,99.4087
2015-02-03,98.8611
2015-02-04,123.558
2015-02-05,147.77
2015-02-06,156.999
2015-02-07,153.178
2015-02-08,143.118
2015-02-09,133.388
2015-02-10,120.262
2015-02-11,107.115
2015-02-12,99.3842
2015-02-13,103.482
2015-02-14,134.468
2015-02-15,165.689
2015-02-16,172.854
2015-02-17,169.574
2015-02-18,169.814
2015-02-19,167.481
2015-02-20,158.575
2015-02-21,155.265
2015-02-22,142.352
2015-02-23,127.349
2015-02-24,117.109
2015-02-25,120.772
2015-02-26,117.404
2015-02-27,118.459
2015-02-28,110.672
2015-03-01,104.128
2015-03-02,94.287
2015-03-03,84.1084
2015-03-04,74.4426
2015-03-05,80.559
2015-03-06,101.075
2015-03-07,106.684
2015-03-08,107.241
2015-03-09,110.027
2015-03-10,107.354
2015-03-11,103.679
2015-03-12,106.03
2015-03-13,106.204
2015-03-14,98.8482
2015-03-15,95.1167
2015-03-16,93.7639
2015-03-17,97.6778
2015-03-18,92.0786
2015-03-19,84.1225
2015-03-20,75.9424
2015-03-21,69.8405
2015-03-22,66.9059
2015-03-23,61.5392
2015-03-24,55.3782
2015-03-25,49.4686
2015-03-26,43.9799
2015-03-27,46.0116
2015-03-28,60.7565
2015-03-29,70.8155
2015-03-30,76.6863
2015-03-31,78.7354
2015-04-01,75.3295
2015-04-02,70.3493
2015-04-03,64.4691
2015-04-04,57.9788
2015-04-05,51.5816
2015-04-06,47.7136
2015-04-07,43.1384
2015-04-08,38.2466
2015-04-09,33.6874
2015-04-10,29.7245
2015-04-11,26.2768
2015-04-12,23.278
2015-04-13,20.7177
2015-04-14,18.4525
2015-04-15,16.4788
2015-04-16,15.2511
2015-04-17,14.5382
2015-04-18,14.5928
2015-04-19,13.8498
2015-04-20,13.9343
2015-04-21,21.3993
2015-04-22,40.8556
2015-04-23,54.2236
2015-04-24,54.0872
2015-04-25,53.4357
2015-04-26,51.5454
2015-04-27,48.6309
2015-04-28,45.1329
2015-04-29,41.5036
2015-04-30,37.8222
2015-05-01,33.895
2015-05-02,30.123
2015-05-03,30.8205
2015-05-04,43.1897
2015-05-05,50.2549
2015-05-06,49.2325
2015-05-07,47.3477
2015-05-08,44.878
2015-05-09,41.4788
2015-05-10,47.4677
2015-05-11,59.6718
2015-05-12,57.3963
2015-05-13,56.2998
2015-05-14,53.2797
2015-05-15,49.9647
2015-05-16,46.1557
2015-05-17,42.2528
2015-05-18,38.336
2015-05-19,35.4542
2015-05-20,33.2618
2015-05-21,30.6797
2015-05-22,27.9593
2015-05-23,25.3762
2015-05-24,23.1407
2015-05-25,27.7742
2015-05-26,53.2017
2015-05-27,86.1843
2015-05-28,105.542
2015-05-29,105.937
2015-05-30,102.739
2015-05-31,96.0708
2015-06-01,87.2958
2015-06-02,78.2044
2015-06-03,69.2678
2015-06-04,60.9024
2015-06-05,53.6223
2015-06-06,47.1588
2015-06-07,41.512
2015-06-08,36.6233
2015-06-09,32.486
2015-06-10,28.8741
2015-06-11,26.0683
2015-06-12,38.8163
2015-06-13,53.7101
2015-06-14,59.483
2015-06-15,75.0947
2015-06-16,82.9909
2015-06-17,80.4767
2015-06-18,77.0488
2015-06-19,79.552
2015-06-20,74.534
2015-06-21,67.9001
2015-06-22,61.4419
2015-06-23,55.4031
2015-06-24,49.788
2015-06-25,44.3634
2015-06-26,39.1929
2015-06-27,35.7386
2015-06-28,32.0876
2015-06-29,28.5744
2015-06-30,25.556
2015-07-01,26.4981
2015-07-02,24.8688
2015-07-03,26.3961
2015-07-04,31.0526
2015-07-05,30.2879
2015-07-06,28.6297
2015-07-07,29.2067
2015-07-08,44.742
2015-07-09,58.5913
2015-07-10,68.5863
2015-07-11,85.8613
2015-07-12,95.2954
2015-07-13,110.867
2015-07-14,118.678
2015-07-15,124.52
2015-07-16,132.342
2015-07-17,155.026
2015-07-18,165.589
2015-07-19,156.417
2015-07-20,144.735
2015-07-21,139.369
2015-07-22,137.424
2015-07-23,124.683
2015-07-24,118.966
2015-07-25,125.049
2015-07-26,115.153
2015-07-27,104.746
2015-07-28,94.207
2015-07-29,84.0905
2015-07-30,74.681
2015-07-31,66.2947
2015-08-01,58.7651
2015-08-02,52.0235
2015-08-03,46.3371
2015-08-04,41.1915
2015-08-05,36.882
2015-08-06,33.1177
2015-08-07,29.9382
2015-08-08,27.1782
2015-08-09,24.9034
2015-08-10,22.8807
2015-08-11,21.0143
2015-08-12,19.5966
2015-08-13,18.4823
2015-08-14,17.5579
2015-08-15,16.7047
2015-08-16,15.9545
2015-08-17,15.4196
2015-08-18,14.8517
2015-08-19,15.8752
2015-08-20,15.7867
2015-08-21,14.8361
2015-08-22,13.8217
2015-08-23,13.3418
2015-08-24,18.2925
2015-08-25,18.3742
2015-08-26,18.7048
2015-08-27,21.0301
2015-08-28,31.7683
2015-08-29,31.5614
2015-08-30,30.7285
2015-08-31,29.9517
2015-09-01,28.9698
2015-09-02,27.8196
2015-09-03,32.9854
2015-09-04,45.1496
2015-09-05,46.6259
2015-09-06,45.7646
2015-09-07,46.1656
2015-09-08,70.3761
2015-09-09,96.9455
2015-09-10,104.028
2015-09-11,118.286
2015-09-12,115.994
2015-09-13,109.154
2015-09-14,99.5844
2015-09-15,89.3347
2015-09-16,79.4087
2015-09-17,70.5417
2015-09-18,64.0037
2015-09-19,62.6174
2015-09-20,58.9822
2015-09-21,53.8149
2015-09-22,48.6881
2015-09-23,44.0767
2015-09-24,39.9674
2015-09-25,37.8234
2015-09-26,43.1098
2015-09-27,54.9058
2015-09-28,76.5926
2015-09-29,75.74
2015-09-30,76.8403
2015-10-01,84.9619
2015-10-02,88.0741
2015-10-03,101.551
2015-10-04,98.6475
2015-10-05,93.6878
2015-10-06,86.1759
2015-10-07,77.8107
2015-10-08,74.3279
2015-10-09,93.0318
2015-10-10,110.65
2015-10-11,119.571
2015-10-12,139.229
2015-10-13,140.541
2015-10-14,133.778
2015-10-15,124.898
2015-10-16,113.858
2015-10-17,104.549
2015-10-18,93.818
2015-10-19,82.8256
2015-10-20,72.5161
2015-10-21,79.5766
2015-10-22,130.17
2015-10-23,166.636
2015-10-24,162.667
2015-10-25,155.663
2015-10-26,145.575
2015-10-27,133.845
2015-10-28,120.532
2015-10-29,108.311
2015-10-30,99.8291
2015-10-31,94.572
2015-11-01,101.82
2015-11-02,98.1601
2015-11-03,96.1983
2015-11-04,97.4377
2015-11-05,115.965
2015-11-06,124.117
2015-11-07,118.455
2015-11-08,110.249
2015-11-09,104.667
2015-11-10,98.6078
2015-11-11,105.143
2015-11-12,109.558
2015-11-13,114.806
2015-11-14,110.188
2015-11-15,110.146
2015-11-16,110.519
2015-11-17,104.41
2015-11-18,103.914
2015-11-19,102.501
2015-11-20,112.655
2015-11-21,108.584
2015-11-22,110.03
2015-11-23,133.832
2015-11-24,144.317
2015-11-25,144.166
2015-11-26,136.431
2015-11-27,127.239
2015-11-28,122.14
2015-11-29,117.256
2015-11-30,115.447
2015-12-01,112.177
2015-12-02,106.214
2015-12-03,114.256
2015-12-04,113.301
2015-12-05,113.488
2015-12-06,117.779
2015-12-07,144.134
2015-12-08,136.312
2015-12-09,126.6
2015-12-10,118.911
2015-12-11,121.098
2015-12-12,111.938
2015-12-13,106.707
2015-12-14,97.1843
2015-12-15,91.9527
2015-12-16,87.0976
2015-12-17,78.8355
2015-12-18,70.6834
2015-12-19,86.3827
2015-12-20,131.147
2015-12-21,143.017
2015-12-22,140.597
2015-12-23,134.35
2015-12-24,128.423
2015-12-25,141.006
2015-12-26,188.989
2015-12-27,213.403
2015-12-28,222.555
2015-12-29,240.206
2015-12-30,240.48
2015-12-31,226.157
2016-01-01,213.367
2016-01-02,207.278
2016-01-03,195.708
2016-01-04,177.734
2016-01-05,160.078
2016-01-06,142.665
2016-01-07,126.224
2016-01-08,112.519
2016-01-09,109.121
2016-01-10,159.19
2016-01-11,225.581
2016-01-12,247.2
2016-01-13,243.534
2016-01-14,227.528
2016-01-15,207.091
2016-01-16,184.92
2016-01-17,163.653
2016-01-18,143.926
2016-01-19,126.406
2016-01-20,111.119
2016-01-21,97.9488
2016-01-22,88.2579
2016-01-23,83.8583
2016-01-24,75.8233
2016-01-25,68.6661
2016-01-26,64.9822
2016-01-27,73.4625
2016-01-28,91.399
2016-01-29,87.6068
2016-01-30,85.0247
2016-01-31,83.0549
2016-02-01,81.3777
2016-02-02,90.8021
2016-02-03,99.3575
2016-02-04,101.419
2016-02-05,113.082
2016-02-06,122.862
2016-02-07,118.215
2016-02-08,117.235
2016-02-09,111.842
2016-02-10,133.057
2016-02-11,164.282
2016-02-12,155.564
2016-02-13,144.378
2016-02-14,132.761
2016-02-15,128.153
2016-02-16,121.457
2016-02-17,121.314
2016-02-18,117.217
2016-02-19,120.718
2016-02-20,118.726
2016-02-21,126.788
2016-02-22,135.214
2016-02-23,162.075
2016-02-24,170.711
2016-02-25,163.726
2016-02-26,159.56
2016-02-27,150.613
2016-02-28,146.008
2016-02-29,155.219
2016-03-01,142.817
2016-03-02,129.424
2016-03-03,120.621
2016-03-04,124.204
2016-03-05,115.553
2016-03-06,106.196
2016-03-07,95.1987
2016-03-08,85.2026
2016-03-09,85.7262
2016-03-10,97.2261
2016-03-11,103.364
2016-03-12,96.7721
2016-03-13,89.2076
2016-03-14,82.1331
2016-03-15,74.1926
2016-03-16,67.9471
2016-03-17,64.9405
2016-03-18,59.0523
2016-03-19,53.1842
2016-03-20,52.8235
2016-03-21,48.103
2016-03-22,46.4477
2016-03-23,53.2717
2016-03-24,55.5741
2016-03-25,54.0575
2016-03-26,56.7906
2016-03-27,54.405
2016-03-28,50.7561
2016-03-29,46.3473
2016-03-30,42.6442
2016-03-31,47.9252
2016-04-01,52.529
2016-04-02,49.5589
2016-04-03,46.732
2016-04-04,43.2055
2016-04-05,39.3935
2016-04-06,35.3665
2016-04-07,31.52
2016-04-08,28.5483
2016-04-09,30.6567
2016-04-10,41.128
2016-04-11,47.4104
2016-04-12,51.1082
2016-04-13,58.2475
2016-04-14,57.0066
2016-04-15,55.1792
2016-04-16,51.6026
2016-04-17,47.6714
2016-04-18,43.1403
2016-04-19,38.7024
2016-04-20,34.386
2016-04-21,30.4177
2016-04-22,26.8727
2016-04-23,25.7765
2016-04-24,23.1482
2016-04-25,34.2818
2016-04-26,52.7098
2016-04-27,55.9475
2016-04-28,60.2788
2016-04-29,58.3313
2016-04-30,55.2619
2016-05-01,51.287
2016-05-02,46.7535
2016-05-03,42.0418
2016-05-04,37.8227
2016-05-05,33.7877
2016-05-06,31.5361
2016-05-07,37.5798
2016-05-08,35.566
2016-05-09,33.7625
2016-05-10,35.4948
2016-05-11,41.8687
2016-05-12,45.388
2016-05-13,53.2074
2016-05-14,52.3617
2016-05-15,50.8612
2016-05-16,53.9356
2016-05-17,66.4135
2016-05-18,63.6651
2016-05-19,59.9272
2016-05-20,67.2473
2016-05-21,86.2276
2016-05-22,122.37
2016-05-23,158.304
2016-05-24,157.018
2016-05-25,150.141
2016-05-26,139.751
2016-05-27,128.662
2016-05-28,124.65
2016-05-29,113.61
2016-05-30,106.351
2016-05-31,97.8111
2016-06-01,103.345
2016-06-02,122.304
2016-06-03,116.318
2016-06-04,108.132
2016-06-05,100.331
2016-06-06,98.7927
2016-06-07,91.3215
2016-06-08,82.6156
2016-06-09,74.0029
2016-06-10,65.8506
2016-06-11,58.2501
2016-06-12,51.2106
2016-06-13,44.831
2016-06-14,39.1559
2016-06-15,34.1767
2016-06-16,30.0935
2016-06-17,26.6765
2016-06-18,28.4613
2016-06-19,38.0884
2016-06-20,41.8683
2016-06-21,48.7138
2016-06-22,59.936
2016-06-23,72.2685
2016-06-24,71.8831
2016-06-25,70.7328
2016-06-26,68.6832
2016-06-27,66.6255
2016-06-28,64.484
2016-06-29,62.5041
2016-06-30,60.1416
2016-07-01,58.1079
2016-07-02,56.8472
2016-07-03,55.9094
2016-07-04,54.1938
2016-07-05,51.003
2016-07-06,48.0346
2016-07-07,47.7138
2016-07-08,44.6743
2016-07-09,40.927
2016-07-10,37.1654
2016-07-11,33.8135
2016-07-12,40.7782
2016-07-13,77.6457
2016-07-14,105.493
2016-07-15,105.56
2016-07-16,123.733
2016-07-17,154.56
2016-07-18,150.116
2016-07-19,140.66
2016-07-20,128.183
2016-07-21,114.577
2016-07-22,101.145
2016-07-23,88.6894
2016-07-24,77.4333
2016-07-25,68.0405
2016-07-26,60.4201
2016-07-27,53.3218
2016-07-28,47.4909
2016-07-29,41.7045
2016-07-30,36.4641
2016-07-31,31.9353
2016-08-01,28.1558
2016-08-02,25.057
2016-08-03,22.6731
2016-08-04,20.3403
2016-08-05,18.2964
2016-08-06,16.7942
2016-08-07,15.7523
2016-08-08,22.065
2016-08-09,38.6941
2016-08-10,39.3664
2016-08-11,40.8114
2016-08-12,39.9672
2016-08-13,38.4854
2016-08-14,36.4672
2016-08-15,35.9394
2016-08-16,43.4193
2016-08-17,50.8055
2016-08-18,71.0337
2016-08-19,81.3191
2016-08-20,119.472
2016-08-21,170.616
2016-08-22,187.484
2016-08-23,182.293
2016-08-24,170.735
2016-08-25,155.293
2016-08-26,139.059
2016-08-27,123.793
2016-08-28,110.293
2016-08-29,98.0826
2016-08-30,89.3925
2016-08-31,90.1088
2016-09-01,83.5998
2016-09-02,76.5639
2016-09-03,96.8206
2016-09-04,146.737
2016-09-05,159.216
2016-09-06,159.861
2016-09-07,154.113
2016-09-08,144.911
2016-09-09,133.025
2016-09-10,121.199
2016-09-11,109.913
2016-09-12,98.8055
2016-09-13,88.7112
2016-09-14,82.0611
2016-09-15,74.5226
2016-09-16,66.5247
2016-09-17,59.1955
2016-09-18,53.5649
2016-09-19,53.093
2016-09-20,49.1693
2016-09-21,45.1483
2016-09-22,41.0261
2016-09-23,37.7505
2016-09-24,34.9607
2016-09-25,32.3909
2016-09-26,31.3019
2016-09-27,28.9761
2016-09-28,26.8983
2016-09-29,25.4459
2016-09-30,25.4156
2016-10-01,24.0306
2016-10-02,22.4621
2016-10-03,21.1737
2016-10-04,20.4415
2016-10-05,19.6423
2016-10-06,28.208
2016-10-07,47.4755
2016-10-08,47.6265
2016-10-09,47.9358
2016-10-10,47.9161
2016-10-11,46.6014
2016-10-12,48.2921
2016-10-13,65.3338
2016-10-14,78.4244
2016-10-15,77.9046
2016-10-16,75.5439
2016-10-17,78.1174
2016-10-18,114.999
2016-10-19,141.097
2016-10-20,153.837
2016-10-21,169.598
2016-10-22,160.29
2016-10-23,147.154
2016-10-24,132.22
2016-10-25,119.647
2016-10-26,112.785
2016-10-27,105.2
2016-10-28,96.5508
2016-10-29,86.8741
2016-10-30,77.2397
2016-10-31,68.3959
2016-11-01,60.4885
2016-11-02,55.2194
2016-11-03,58.9762
2016-11-04,54.7082
2016-11-05,49.8492
2016-11-06,45.4466
2016-11-07,41.6042
2016-11-08,43.3583
2016-11-09,68.3553
2016-11-10,101.451
2016-11-11,99.8788
2016-11-12,102.774
2016-11-13,101.602
2016-11-14,94.2316
2016-11-15,86.1696
2016-11-16,82.6055
2016-11-17,86.5422
2016-11-18,80.0493
2016-11-19,73.5146
2016-11-20,66.2446
2016-11-21,59.0208
2016-11-22,52.6535
2016-11-23,47.5449
2016-11-24,42.5417
2016-11-25,38.6949
2016-11-26,40.1795
2016-11-27,37.3538
2016-11-28,40.5331
2016-11-29,42.0383
2016-11-30,41.9037
2016-12-01,39.2039
2016-12-02,36.1042
2016-12-03,35.05
2016-12-04,43.4145
2016-12-05,46.3227
2016-12-06,44.5085
2016-12-07,42.2591
2016-12-08,41.7165
2016-12-09,53.7243
2016-12-10,66.646
2016-12-11,72.3804
2016-12-12,83.549
2016-12-13,81.14
2016-12-14,76.9108
2016-12-15,72.1858
2016-12-16,66.5585
2016-12-17,60.1279
2016-12-18,54.6429
2016-12-19,54.4738
2016-12-20,54.7536
2016-12-21,62.3249
2016-12-22,60.0801
2016-12-23,57.4787
2016-12-24,59.7028
2016-12-25,66.5924
2016-12-26,66.5535
2016-12-27,66.3739
2016-12-28,74.3821
2016-12-29,85.8777
2016-12-30,94.2195
2016-12-31,92.7277
2017-01-01,90.6938
2017-01-02,91.4217
2017-01-03,97.1544
2017-01-04,96.4185
2017-01-05,111.823
2017-01-06,137.069
2017-01-07,166.316
2017-01-08,170.768
2017-01-09,177.812
2017-01-10,173.583
2017-01-11,167.091
2017-01-12,157.685
2017-01-13,144.845
2017-01-14,130.71
2017-01-15,116.744
2017-01-16,106.847
2017-01-17,115.509
2017-01-18,129.136
2017-01-19,129.084
2017-01-20,121.366
2017-01-21,112.457
2017-01-22,105.55
2017-01-23,104.771
2017-01-24,99.494
2017-01-25,101.526
2017-01-26,107.34
2017-01-27,120.067
2017-01-28,132.226
2017-01-29,131.219
2017-01-30,130.811
2017-01-31,127.384
2017-02-01,133.169
2017-02-02,133.202
2017-02-03,139.463
2017-02-04,136.874
2017-02-05,127.043
2017-02-06,119.449
2017-02-07,109.486
2017-02-08,99.6817
2017-02-09,93.9774
2017-02-10,85.768
2017-02-11,83.9002
2017-02-12,113.316
2017-02-13,152.195
2017-02-14,158.24
2017-02-15,152.426
2017-02-16,143.092
2017-02-17,138.29
2017-02-18,149.102
2017-02-19,141.016
2017-02-20,129.479
2017-02-21,116.784
2017-02-22,104.261
2017-02-23,92.7783
2017-02-24,87.3874
2017-02-25,80.6996
2017-02-26,74.295
2017-02-27,67.9396
2017-02-28,60.9072
2017-03-01,58.0299
2017-03-02,57.3776
2017-03-03,56.7416
2017-03-04,60.9295
2017-03-05,62.1561
2017-03-06,67.0226
2017-03-07,70.9291
2017-03-08,67.5054
2017-03-09,62.7818
2017-03-10,57.4631
2017-03-11,55.3864
2017-03-12,55.7773
2017-03-13,67.3081
2017-03-14,63.3693
2017-03-15,58.6891
2017-03-16,53.857
2017-03-17,52.4715
2017-03-18,57.5812
2017-03-19,63.3641
2017-03-20,60.7266
2017-03-21,57.9308
2017-03-22,54.351
2017-03-23,50.0359
2017-03-24,45.7889
2017-03-25,41.9553
2017-03-26,37.7832
2017-03-27,33.7005
2017-03-28,31.3996
2017-03-29,29.6815
2017-03-30,29.539
2017-03-31,27.4343
2017-04-01,25.6899
2017-04-02,25.3929
2017-04-03,24.199
2017-04-04,22.3459
2017-04-05,20.244
2017-04-06,33.506
2017-04-07,54.8401
2017-04-08,53.1374
2017-04-09,51.6161
2017-04-10,50.1796
2017-04-11,49.5033
2017-04-12,55.66
2017-04-13,53.5951
2017-04-14,49.6539
2017-04-15,45.3673
2017-04-16,41.0628
2017-04-17,36.9135
2017-04-18,33.171
2017-04-19,29.876
2017-04-20,26.724
2017-04-21,27.7456
2017-04-22,32.4972
2017-04-23,31.327
2017-04-24,29.4123
2017-04-25,27.2784
2017-04-26,29.3228
2017-04-27,42.6466
2017-04-28,41.7027
2017-04-29,39.8408
2017-04-30,37.5526
2017-05-01,34.8921
2017-05-02,32.0927
2017-05-03,29.3391
2017-05-04,27.1352
2017-05-05,30.7696
2017-05-06,29.3408
2017-05-07,27.5473
2017-05-08,25.3445
2017-05-09,23.1
2017-05-10,20.9521
2017-05-11,19.1049
2017-05-12,17.3567
2017-05-13,15.7164
2017-05-14,15.1733
2017-05-15,21.7433
2017-05-16,21.0553
2017-05-17,19.7828
2017-05-18,19.7301
2017-05-19,42.3514
2017-05-20,65.1518
2017-05-21,71.3624
2017-05-22,84.4677
2017-05-23,84.6919
2017-05-24,81.6168
2017-05-25,76.5253
2017-05-26,70.4953
2017-05-27,64.8896
2017-05-28,64.1828
2017-05-29,62.3053
2017-05-30,58.3253
2017-05-31,62.9466
2017-06-01,73.363
2017-06-02,70.2764
2017-06-03,65.8439
2017-06-04,61.1326
2017-06-05,66.1662
2017-06-06,138.622
2017-06-07,197.786
2017-06-08,201.05
2017-06-09,201.709
2017-06-10,188.998
2017-06-11,170.427
2017-06-12,150.712
2017-06-13,131.986
2017-06-14,115.151
2017-06-15,100.592
2017-06-16,87.5536
2017-06-17,76.3177
2017-06-18,66.5955
2017-06-19,60.4071
2017-06-20,65.867
2017-06-21,69.3851
2017-06-22,64.2304
2017-06-23,59.3727
2017-06-24,54.8757
2017-06-25,50.3543
2017-06-26,45.6714
2017-06-27,41.0698
2017-06-28,36.6115
2017-06-29,32.6884
2017-06-30,29.0354
2017-07-01,25.8087
2017-07-02,23.2478
2017-07-03,20.7779
2017-07-04,18.7055
2017-07-05,17.8527
2017-07-06,16.1855
2017-07-07,14.8231
2017-07-08,13.6171
2017-07-09,12.6562
2017-07-10,11.9327
2017-07-11,11.3736
2017-07-12,10.9674
2017-07-13,10.6152
2017-07-14,10.2624
2017-07-15,9.96405
2017-07-16,9.7522
2017-07-17,9.56662
2017-07-18,11.7001
2017-07-19,12.7583
2017-07-20,11.7422
2017-07-21,10.798
2017-07-22,10.4403
2017-07-23,10.0922
2017-07-24,9.75179
2017-07-25,9.56527
2017-07-26,9.41276
2017-07-27,9.24973
2017-07-28,9.07407
2017-07-29,8.85896
2017-07-30,8.66187
2017-07-31,8.51665
2017-08-01,8.40679
2017-08-02,8.19273
2017-08-03,9.33784
2017-08-04,16.8346
2017-08-05,16.4328
2017-08-06,15.5419
2017-08-07,14.7424
2017-08-08,14.0263
2017-08-09,13.3152
2017-08-10,12.8382
2017-08-11,12.4453
2017-08-12,11.7545
2017-08-13,12.8355
2017-08-14,22.5802
2017-08-15,23.2748
2017-08-16,25.9397
2017-08-17,25.475
2017-08-18,24.8596
2017-08-19,25.1303
2017-08-20,60.8958
2017-08-21,91.0729
2017-08-22,92.9839
2017-08-23,91.4628
2017-08-24,87.1215
2017-08-25,80.7597
2017-08-26,73.5444
2017-08-27,66.0459
2017-08-28,59.1995
2017-08-29,52.8702
2017-08-30,47.1401
2017-08-31,42.3173
2017-09-01,38.5097
2017-09-02,34.2448
2017-09-03,30.4754
2017-09-04,27.0735
2017-09-05,24.4107
2017-09-06,22.0915
2017-09-07,20.1979
2017-09-08,18.2303
2017-09-09,16.7525
2017-09-10,15.5469
2017-09-11,14.549
2017-09-12,13.8781
2017-09-13,13.4114
2017-09-14,12.9606
2017-09-15,12.6473
2017-09-16,12.6835
2017-09-17,12.5266
2017-09-18,12.5825
2017-09-19,12.2277
2017-09-20,11.8073
2017-09-21,11.485
2017-09-22,11.1148
2017-09-23,10.8469
2017-09-24,10.6757
2017-09-25,10.3212
2017-09-26,9.77364
2017-09-27,9.2446
2017-09-28,8.89327
2017-09-29,11.3992
2017-09-30,25.2702
2017-10-01,34.5937
2017-10-02,45.7069
2017-10-03,62.4705
2017-10-04,63.0405
2017-10-05,61.1665
2017-10-06,67.9463
2017-10-07,88.3549
2017-10-08,101.621
2017-10-09,105.728
2017-10-10,104.446
2017-10-11,118.442
2017-10-12,132.714
2017-10-13,132.511
2017-10-14,131.231
2017-10-15,130.613
2017-10-16,119.341
2017-10-17,107.582
2017-10-18,95.8381
2017-10-19,86.3735
2017-10-20,84.4828
2017-10-21,78.1
2017-10-22,78.0851
2017-10-23,73.5807
2017-10-24,67.7232
2017-10-25,66.6553
2017-10-26,75.7343
2017-10-27,78.2075
2017-10-28,86.5636
2017-10-29,86.8006
2017-10-30,98.1942
2017-10-31,104.612
2017-11-01,99.5447
2017-11-02,92.1868
2017-11-03,83.7143
2017-11-04,80.9152
2017-11-05,83.8251
2017-11-06,78.6303
2017-11-07,72.0542
2017-11-08,65.4492
2017-11-09,58.7931
2017-11-10,69.6042
2017-11-11,88.2501
2017-11-12,84.0822
2017-11-13,78.7552
2017-11-14,72.8149
2017-11-15,66.191
2017-11-16,59.6728
2017-11-17,61.163
2017-11-18,84.9369
2017-11-19,103.726
2017-11-20,99.1622
2017-11-21,96.2985
2017-11-22,99.4286
2017-11-23,92.9204
2017-11-24,84.8782
2017-11-25,80.2351
2017-11-26,84.779
2017-11-27,78.1993
2017-11-28,70.8799
2017-11-29,66.5943
2017-11-30,60.0092
2017-12-01,53.6361
2017-12-02,47.8433
2017-12-03,42.5465
2017-12-04,37.7449
2017-12-05,37.072
2017-12-06,33.6106
2017-12-07,30.3016
2017-12-08,31.3517
2017-12-09,28.7197
2017-12-10,26.205
2017-12-11,24.0965
2017-12-12,22.2008
2017-12-13,20.3116
2017-12-14,18.1961
2017-12-15,25.6028
2017-12-16,41.3266
2017-12-17,52.3733
2017-12-18,70.4669
2017-12-19,69.0155
2017-12-20,68.4712
2017-12-21,73.9393
2017-12-22,76.1838
2017-12-23,83.0867
2017-12-24,96.5842
2017-12-25,132.6
2017-12-26,158.764
2017-12-27,155.251
2017-12-28,156.652
2017-12-29,179.079
2017-12-30,209.566
2017-12-31,221.441
2018-01-01,228.667
2018-01-02,216.095
2018-01-03,201.679
2018-01-04,181.351
2018-01-05,161.092
2018-01-06,142.348
2018-01-07,129.755
2018-01-08,115.332
2018-01-09,104.665
2018-01-10,103.388
2018-01-11,103.205
2018-01-12,106.293
2018-01-13,109.469
2018-01-14,111.866
2018-01-15,110.09
2018-01-16,117.597
2018-01-17,145.406
2018-01-18,152.806
2018-01-19,175.548
2018-01-20,214.456
2018-01-21,217.036
2018-01-22,221.712
2018-01-23,222.02
2018-01-24,228.275
2018-01-25,224.007
2018-01-26,208.921
2018-01-27,189.287
2018-01-28,169.581
2018-01-29,171.741
2018-01-30,196.492
2018-01-31,183.683
2018-02-01,170.708
2018-02-02,155.915
2018-02-03,139.87
2018-02-04,124.769
2018-02-05,112.319
2018-02-06,101.014
2018-02-07,90.4558
2018-02-08,86.0714
2018-02-09,78.5586
2018-02-10,72.0359
2018-02-11,70.3598
2018-02-12,100.853
2018-02-13,134.173
2018-02-14,133.381
2018-02-15,128.746
2018-02-16,120.709
2018-02-17,110.436
2018-02-18,99.2778
2018-02-19,89.3106
2018-02-20,86.3968
2018-02-21,79.0322
2018-02-22,76.124
2018-02-23,68.9248
2018-02-24,61.6147
2018-02-25,54.7758
2018-02-26,48.4833
2018-02-27,42.91
2018-02-28,41.9717
2018-03-01,42.8595
2018-03-02,54.2406
2018-03-03,85.43
2018-03-04,122.249
2018-03-05,123.619
2018-03-06,127.774
2018-03-07,139.022
2018-03-08,135.273
2018-03-09,124.839
2018-03-10,114.73
2018-03-11,113.478
2018-03-12,102.883
2018-03-13,92.4984
2018-03-14,115.167
2018-03-15,158.026
2018-03-16,153.066
2018-03-17,143.706
2018-03-18,132.212
2018-03-19,124.406
2018-03-20,122.673
2018-03-21,133.654
2018-03-22,127.417
2018-03-23,116.049
2018-03-24,104.264
2018-03-25,94.1885
2018-03-26,100.914
2018-03-27,118.608
2018-03-28,132.404
2018-03-29,149.552
2018-03-30,167.077
2018-03-31,163.273
2018-04-01,152.746
2018-04-02,139.157
2018-04-03,126.042
2018-04-04,111.704
2018-04-05,98.2766
2018-04-06,90.2914
2018-04-07,79.7502
2018-04-08,70.1624
2018-04-09,61.6257
2018-04-10,54.1318
2018-04-11,47.458
2018-04-12,41.5821
2018-04-13,36.3645
2018-04-14,31.9207
2018-04-15,29.9384
2018-04-16,26.8345
2018-04-17,25.4594
2018-04-18,24.2404
2018-04-19,22.1147
2018-04-20,19.8905
2018-04-21,17.8843
2018-04-22,16.1672
2018-04-23,14.726
2018-04-24,13.6867
2018-04-25,12.8563
2018-04-26,12.1767
2018-04-27,11.5588
2018-04-28,11.053
2018-04-29,12.0268
2018-04-30,11.223
2018-05-01,10.6552
2018-05-02,10.4051
2018-05-03,10.2141
2018-05-04,9.95497
2018-05-05,9.62648
2018-05-06,9.31809
2018-05-07,9.69334
2018-05-08,10.5271
2018-05-09,10.7233
2018-05-10,10.3728
2018-05-11,9.74902
2018-05-12,9.32902
2018-05-13,9.06664
2018-05-14,8.81068
2018-05-15,8.60383
2018-05-16,8.82542
2018-05-17,8.67394
2018-05-18,8.4139
2018-05-19,12.152
2018-05-20,25.1874
2018-05-21,24.6018
2018-05-22,23.7046
2018-05-23,22.91
2018-05-24,22.0983
2018-05-25,20.9774
2018-05-26,19.6593
2018-05-27,18.1997
2018-05-28,16.7944
2018-05-29,15.5983
2018-05-30,14.3692
2018-05-31,13.2083
2018-06-01,12.1834
2018-06-02,12.0256
2018-06-03,19.77
2018-06-04,22.2423
2018-06-05,25.1839
2018-06-06,32.2852
2018-06-07,35.5867
2018-06-08,47.7532
2018-06-09,47.8851
2018-06-10,46.3833
2018-06-11,44.2626
2018-06-12,45.0108
2018-06-13,53.7812
2018-06-14,52.9537
2018-06-15,52.0128
2018-06-16,49.7881
2018-06-17,49.1087
2018-06-18,46.4106
2018-06-19,43.8225
2018-06-20,40.4593
2018-06-21,37.2561
2018-06-22,33.9547
2018-06-23,30.7606
2018-06-24,27.9404
2018-06-25,25.3737
2018-06-26,22.8798
2018-06-27,27.6526
2018-06-28,40.533
2018-06-29,39.0131
2018-06-30,37.4316
2018-07-01,35.7217
2018-07-02,34.1793
2018-07-03,31.8706
2018-07-04,30.7383
2018-07-05,28.0521
2018-07-06,25.2443
2018-07-07,22.8354
2018-07-08,20.7382
2018-07-09,18.8297
2018-07-10,17.2722
2018-07-11,15.4407
2018-07-12,13.875
2018-07-13,12.6621
2018-07-14,11.6459
2018-07-15,10.8763
2018-07-16,10.2456
2018-07-17,9.78974
2018-07-18,9.42554
2018-07-19,9.11628
2018-07-20,8.8026
2018-07-21,8.54184
2018-07-22,8.30518
2018-07-23,7.98193
2018-07-24,7.74685
2018-07-25,7.56229
2018-07-26,7.38673
2018-07-27,7.22221
2018-07-28,7.0743
2018-07-29,6.93696
2018-07-30,6.81393
2018-07-31,6.78461
2018-08-01,8.95202
2018-08-02,8.65334
2018-08-03,8.09534
2018-08-04,7.73879
2018-08-05,7.50753
2018-08-06,7.2206
2018-08-07,7.09326
2018-08-08,6.96962
2018-08-09,7.784
2018-08-10,7.72499
2018-08-11,7.23619
2018-08-12,6.88581
2018-08-13,6.75039
2018-08-14,6.62401
2018-08-15,6.49288
2018-08-16,6.36361
2018-08-17,6.23575
2018-08-18,6.13541
2018-08-19,6.02144
2018-08-20,5.9036
2018-08-21,5.79489
2018-08-22,5.818
2018-08-23,9.03033
2018-08-24,23.7182
2018-08-25,43.3701
2018-08-26,45.9992
2018-08-27,46.4629
2018-08-28,45.8615
2018-08-29,43.9674
2018-08-30,41.2
2018-08-31,38.0342
2018-09-01,34.7554
2018-09-02,33.6678
2018-09-03,38.0029
2018-09-04,44.1278
2018-09-05,45.6564
2018-09-06,43.6828
2018-09-07,40.9566
2018-09-08,37.866
2018-09-09,34.845
2018-09-10,31.676
2018-09-11,28.62
2018-09-12,25.6737
2018-09-13,23.2355
2018-09-14,20.9164
2018-09-15,20.1156
2018-09-16,23.8499
2018-09-17,22.9811
2018-09-18,22.6259
2018-09-19,21.3877
2018-09-20,23.3158
2018-09-21,28.3024
2018-09-22,27.0369
2018-09-23,25.4156
2018-09-24,23.8559
2018-09-25,25.2189
2018-09-26,25.8449
2018-09-27,33.2666
2018-09-28,32.664
2018-09-29,31.8012
2018-09-30,30.9451
2018-10-01,32.539
2018-10-02,41.34
2018-10-03,68.5879
2018-10-04,84.2737
2018-10-05,87.2459
2018-10-06,88.7007
2018-10-07,101.487
2018-10-08,109.743
2018-10-09,109.168
2018-10-10,127.664
2018-10-11,164.807
2018-10-12,166.31
2018-10-13,159.567
2018-10-14,161.552
2018-10-15,162.677
2018-10-16,166.151
2018-10-17,182.47
2018-10-18,210.324
2018-10-19,216.584
2018-10-20,203.08
2018-10-21,185.184
2018-10-22,165.208
2018-10-23,145.673
2018-10-24,134.164
2018-10-25,139.77
2018-10-26,133.623
2018-10-27,139.567
2018-10-28,130.562
2018-10-29,119.669
2018-10-30,107.53
2018-10-31,96.3135
2018-11-01,90.9908
2018-11-02,82.4607
2018-11-03,75.5228
2018-11-04,77.4071
2018-11-05,71.304
2018-11-06,64.5739
2018-11-07,58.0159
2018-11-08,52.8864
2018-11-09,49.23
2018-11-10,48.6139
2018-11-11,45.6034
2018-11-12,41.9599
2018-11-13,38.7179
2018-11-14,36.7696
2018-11-15,41.9343
2018-11-16,39.4699
2018-11-17,36.6066
2018-11-18,35.9049
2018-11-19,44.0441
2018-11-20,42.2569
2018-11-21,39.3624
2018-11-22,36.5804
2018-11-23,33.7933
2018-11-24,31.8899
2018-11-25,31.0097
2018-11-26,28.5859
2018-11-27,26.5771
2018-11-28,24.0225
2018-11-29,21.5793
2018-11-30,38.4249
2018-12-01,69.6668
2018-12-02,69.9203
2018-12-03,68.8481
2018-12-04,66.3438
2018-12-05,62.2524
2018-12-06,57.498
2018-12-07,52.4347
2018-12-08,50.6929
2018-12-09,45.4755
2018-12-10,40.421
2018-12-11,35.8401
2018-12-12,31.8735
2018-12-13,28.5655
2018-12-14,25.6065
2018-12-15,39.463
2018-12-16,64.7956
2018-12-17,64.5905
2018-12-18,72.0062
2018-12-19,90.0539
2018-12-20,86.8965
2018-12-21,84.9594
2018-12-22,89.0555
2018-12-23,88.2951
2018-12-24,83.805
2018-12-25,77.2732
2018-12-26,71.1429
2018-12-27,68.2887
2018-12-28,63.6141
2018-12-29,57.8707
2018-12-30,54.466
2018-12-31,60.3533
2019-01-01,59.9705
2019-01-02,56.1299
2019-01-03,53.1712
2019-01-04,56.6943
2019-01-05,75.5663
2019-01-06,83.495
2019-01-07,82.3178
2019-01-08,84.3914
2019-01-09,94.0582
2019-01-10,89.2017
2019-01-11,90.3368
2019-01-12,99.7832
2019-01-13,109.874
2019-01-14,128.659
2019-01-15,134.812
2019-01-16,132.127
2019-01-17,134.924
2019-01-18,138.224
2019-01-19,135.432
2019-01-20,147.718
2019-01-21,160.207
2019-01-22,152.977
2019-01-23,148.004
2019-01-24,141.912
2019-01-25,145.131
2019-01-26,133.583
2019-01-27,122.333
2019-01-28,110.252
2019-01-29,98.091
2019-01-30,87.435
2019-01-31,85.5354
2019-02-01,84.6913
2019-02-02,80.6889
2019-02-03,89.418
2019-02-04,90.8631
2019-02-05,84.7618
2019-02-06,78.9437
2019-02-07,73.597
2019-02-08,66.9908
2019-02-09,62.9508
2019-02-10,56.9025
2019-02-11,58.5216
2019-02-12,74.8606
2019-02-13,72.6295
2019-02-14,68.2648
2019-02-15,89.6872
2019-02-16,130.715
2019-02-17,135.802
2019-02-18,144.225
2019-02-19,151.042
2019-02-20,160.044
2019-02-21,168.894
2019-02-22,180.818
2019-02-23,172.263
2019-02-24,158.372
2019-02-25,148.526
2019-02-26,149.457
2019-02-27,146.949
2019-02-28,149.4
2019-03-01,140.731
2019-03-02,129.114
2019-03-03,115.241
2019-03-04,101.877
2019-03-05,89.911
2019-03-06,81.5241
2019-03-07,86.0337
2019-03-08,90.0967
2019-03-09,87.482
2019-03-10,88.4034
2019-03-11,86.0527
2019-03-12,79.7195
2019-03-13,79.4583
2019-03-14,85.7008
2019-03-15,80.118
2019-03-16,75.495
2019-03-17,73.5145
2019-03-18,71.3058
2019-03-19,78.5477
2019-03-20,73.3588
2019-03-21,67.6958
2019-03-22,61.9006
2019-03-23,56.4421
2019-03-24,50.5786
2019-03-25,45.0164
2019-03-26,39.8716
2019-03-27,38.8742
2019-03-28,35.0542
2019-03-29,32.1017
2019-03-30,29.5205
2019-03-31,26.5334
2019-04-01,23.5722
2019-04-02,20.8814
2019-04-03,18.4873
2019-04-04,16.4749
2019-04-05,15.2
2019-04-06,22.4009
2019-04-07,59.2947
2019-04-08,84.9458
2019-04-09,93.84
2019-04-10,94.2904
2019-04-11,91.5354
2019-04-12,85.9913
2019-04-13,78.8422
2019-04-14,71.1096
2019-04-15,65.2242
2019-04-16,58.5135
2019-04-17,54.8722
2019-04-18,49.1727
2019-04-19,43.7673
2019-04-20,38.842
2019-04-21,37.9904
2019-04-22,50.6205
2019-04-23,58.3335
2019-04-24,55.9826
2019-04-25,53.2822
2019-04-26,49.7704
2019-04-27,48.8814
2019-04-28,61.2542
2019-04-29,70.8555
2019-04-30,67.3909
2019-05-01,63.0026
2019-05-02,58.7126
2019-05-03,53.4894
2019-05-04,48.2723
2019-05-05,44.4846
2019-05-06,39.9547
2019-05-07,40.0774
2019-05-08,36.4422
2019-05-09,32.7231
2019-05-10,29.4079
2019-05-11,26.5213
2019-05-12,27.9034
2019-05-13,27.3529
2019-05-14,28.4212
2019-05-15,27.0325
2019-05-16,25.8588
2019-05-17,27.5415
2019-05-18,29.3901
2019-05-19,29.9467
2019-05-20,31.0231
2019-05-21,30.0693
2019-05-22,28.6214
2019-05-23,52.0914
2019-05-24,82.7364
2019-05-25,94.7668
2019-05-26,94.6853
2019-05-27,91.5831
2019-05-28,106.872
2019-05-29,128.771
2019-05-30,151.534
2019-05-31,210.501
2019-06-01,242.369
2019-06-02,247.049
2019-06-03,247.503
2019-06-04,231.901
2019-06-05,208.897
2019-06-06,184.761
2019-06-07,161.767
2019-06-08,141.122
2019-06-09,122.834
2019-06-10,106.833
2019-06-11,93.0469
2019-06-12,81.0925
2019-06-13,70.8136
2019-06-14,62.1074
2019-06-15,54.6778
2019-06-16,48.364
2019-06-17,42.8952
2019-06-18,37.9903
2019-06-19,33.5867
2019-06-20,29.7835
2019-06-21,26.5814
2019-06-22,23.691
2019-06-23,21.125
2019-06-24,19.0539
2019-06-25,17.3
2019-06-26,27.5848
2019-06-27,50.2857
2019-06-28,57.9045
2019-06-29,58.6123
2019-06-30,58.8775
2019-07-01,57.501
2019-07-02,54.8566
2019-07-03,51.8906
2019-07-04,55.6929
2019-07-05,52.1826
2019-07-06,50.6784
2019-07-07,46.2676
2019-07-08,41.9612
2019-07-09,37.8408
2019-07-10,33.8982
2019-07-11,30.3317
2019-07-12,27.1858
2019-07-13,24.2982
2019-07-14,21.7864
2019-07-15,19.9006
2019-07-16,22.4227
2019-07-17,20.8112
2019-07-18,18.7791
2019-07-19,17.0829
2019-07-20,15.9175
2019-07-21,14.8766
2019-07-22,14.0615
2019-07-23,13.3379
2019-07-24,12.8752
2019-07-25,12.4987
2019-07-26,12.1339
2019-07-27,11.7336
2019-07-28,11.4783
2019-07-29,11.2418
2019-07-30,10.73
2019-07-31,11.1711
2019-08-01,10.7507
2019-08-02,10.4735
2019-08-03,12.9539
2019-08-04,12.2038
2019-08-05,11.0919
2019-08-06,10.2455
2019-08-07,9.69562
2019-08-08,9.61386
2019-08-09,9.74612
2019-08-10,9.7848
2019-08-11,9.97817
2019-08-12,10.1567
2019-08-13,9.86825
2019-08-14,11.3756
2019-08-15,10.7546
2019-08-16,9.82872
2019-08-17,9.27388
2019-08-18,9.02753
2019-08-19,17.3708
2019-08-20,33.3564
2019-08-21,32.4668
2019-08-22,31.9167
2019-08-23,31.5086
2019-08-24,33.8549
2019-08-25,32.6548
2019-08-26,30.8896
2019-08-27,28.6562
2019-08-28,26.323
2019-08-29,24.1215
2019-08-30,22.0207
2019-08-31,23.8929
2019-09-01,54.3005
2019-09-02,80.7492
2019-09-03,80.6524
2019-09-04,81.8977
2019-09-05,80.8411
2019-09-06,76.1998
2019-09-07,70.4375
2019-09-08,64.6738
2019-09-09,58.5282
2019-09-10,52.9946
2019-09-11,48.0412
2019-09-12,43.5066
2019-09-13,39.6006
2019-09-14,36.169
2019-09-15,31.935
2019-09-16,28.2081
2019-09-17,25.5423
2019-09-18,39.413
2019-09-19,77.6103
2019-09-20,102.423
2019-09-21,114.985
2019-09-22,118.373
2019-09-23,113.924
2019-09-24,106.111
2019-09-25,96.2592
2019-09-26,86.3302
2019-09-27,76.7579
2019-09-28,67.8488
2019-09-29,59.6952
2019-09-30,52.1646
2019-10-01,45.853
2019-10-02,40.4003
2019-10-03,35.9783
2019-10-04,32.8275
2019-10-05,29.5311
2019-10-06,42.3569
2019-10-07,58.889
2019-10-08,60.1787
2019-10-09,58.5166
2019-10-10,56.2661
2019-10-11,53.0804
2019-10-12,49.1904
2019-10-13,45.3196
2019-10-14,51.6668
2019-10-15,65.5487
2019-10-16,62.0175
2019-10-17,57.4768
2019-10-18,53.3238
2019-10-19,51.7498
2019-10-20,47.7183
2019-10-21,43.849
2019-10-22,45.5322
2019-10-23,42.2269
2019-10-24,39.3523
2019-10-25,36.2262
2019-10-26,38.574
2019-10-27,39.3584
2019-10-28,50.0345
2019-10-29,49.6486
2019-10-30,47.1028
2019-10-31,46.9432
2019-11-01,44.1555
2019-11-02,41.2331
2019-11-03,38.0092
2019-11-04,37.258
2019-11-05,39.5085
2019-11-06,46.701
2019-11-07,44.2628
2019-11-08,41.5331
2019-11-09,38.5259
2019-11-10,52.1138
2019-11-11,75.5834
2019-11-12,74.5577
2019-11-13,72.2241
2019-11-14,74.1291
2019-11-15,80.6948
2019-11-16,76.6263
2019-11-17,71.4022
2019-11-18,65.0861
2019-11-19,58.4679
2019-11-20,52.0515
2019-11-21,46.2074
2019-11-22,41.2723
2019-11-23,38.3196
2019-11-24,43.8897
2019-11-25,40.4088
2019-11-26,36.8011
2019-11-27,49.1999
2019-11-28,69.959
2019-11-29,74.0373
2019-11-30,72.5026
2019-12-01,71.359
2019-12-02,75.9972
2019-12-03,71.8173
2019-12-04,66.1544
2019-12-05,65.3671
2019-12-06,75.4145
2019-12-07,71.6668
2019-12-08,66.8002
2019-12-09,61.7103
2019-12-10,58.7861
2019-12-11,53.7973
2019-12-12,52.1251
2019-12-13,48.6464
2019-12-14,44.1111
2019-12-15,39.6246
2019-12-16,38.8868
2019-12-17,49.0402
2019-12-18,49.6845
2019-12-19,47.786
2019-12-20,44.8346
2019-12-21,45.5602
2019-12-22,47.6311
2019-12-23,45.0618
2019-12-24,42.2667
2019-12-25,40.0735
2019-12-26,37.0105
2019-12-27,34.197
2019-12-28,31.5962
2019-12-29,29.0312
2019-12-30,26.7756
2019-12-31,24.9308
2020-01-01,26.2794
2020-01-02,39.6488
2020-01-03,48.5095
2020-01-04,48.1573
2020-01-05,54.4263
2020-01-06,54.6807
2020-01-07,53.9176
2020-01-08,59.4087
2020-01-09,64.7805
2020-01-10,84.4341
2020-01-11,97.6033
2020-01-12,108.858
2020-01-13,105.246
2020-01-14,99.3029
2020-01-15,91.4142
2020-01-16,91.7897
2020-01-17,104.102
2020-01-18,96.7991
2020-01-19,88.638
2020-01-20,80.5921
2020-01-21,72.7656
2020-01-22,64.8677
2020-01-23,57.5448
2020-01-24,51.4976
2020-01-25,46.4096
2020-01-26,41.3297
2020-01-27,36.7738
2020-01-28,36.4973
2020-01-29,44.1106
2020-01-30,43.3444
2020-01-31,45.3257
2020-02-01,47.6468
2020-02-02,47.5184
2020-02-03,55.1568
2020-02-04,54.3172
2020-02-05,52.0046
2020-02-06,52.8445
2020-02-07,60.4179
2020-02-08,64.0093
2020-02-09,68.6722
2020-02-10,85.3936
2020-02-11,83.7886
2020-02-12,78.9439
2020-02-13,73.0254
2020-02-14,66.502
2020-02-15,59.9746
2020-02-16,53.6138
2020-02-17,47.7301
2020-02-18,42.4609
2020-02-19,42.4142
2020-02-20,52.3947
2020-02-21,51.5784
2020-02-22,59.2666
2020-02-23,55.7991
2020-02-24,51.9278
2020-02-25,49.5406
2020-02-26,65.4091
2020-02-27,84.9659
2020-02-28,82.6371
2020-02-29,78.8035
2020-03-01,73.5347
2020-03-02,67.8706
2020-03-03,63.3263
2020-03-04,59.8984
2020-03-05,56.9405
2020-03-06,51.9757
2020-03-07,46.4512
2020-03-08,41.2823
2020-03-09,36.5084
2020-03-10,32.1653
2020-03-11,28.332
2020-03-12,24.8972
2020-03-13,21.8256
2020-03-14,19.2403
2020-03-15,17.1363
2020-03-16,16.9141
2020-03-17,24.9676
2020-03-18,24.1154
2020-03-19,30.0049
2020-03-20,29.1444
2020-03-21,27.8275
2020-03-22,26.1006
2020-03-23,24.1717
2020-03-24,22.2335
2020-03-25,21.3427
2020-03-26,19.9771
2020-03-27,18.1032
2020-03-28,16.3462
2020-03-29,14.8242
2020-03-30,13.9657
2020-03-31,13.0174
2020-04-01,12.6171
2020-04-02,11.8668
2020-04-03,11.3408
2020-04-04,10.8867
2020-04-05,10.3959
2020-04-06,14.063
2020-04-07,27.2479
2020-04-08,27.4592
2020-04-09,27.2117
2020-04-10,26.7067
2020-04-11,25.7442
2020-04-12,24.4402
2020-04-13,22.6036
2020-04-14,21.0826
2020-04-15,26.0573
2020-04-16,25.131
2020-04-17,23.4453
2020-04-18,21.7429
2020-04-19,20.0342
2020-04-20,18.3265
2020-04-21,16.5918
2020-04-22,15.0793
2020-04-23,13.7626
2020-04-24,12.7664
2020-04-25,11.9352
2020-04-26,11.234
2020-04-27,10.6765
2020-04-28,10.1746
2020-04-29,9.73464
2020-04-30,9.34541
2020-05-01,9.0036
2020-05-02,8.70828
2020-05-03,8.43645
2020-05-04,8.19198
2020-05-05,7.97054
2020-05-06,7.94691
2020-05-07,12.3198
2020-05-08,12.1067
2020-05-09,11.3568
2020-05-10,10.8402
2020-05-11,10.4907
2020-05-12,10.0998
2020-05-13,9.56632
2020-05-14,10.5166
2020-05-15,11.3023
2020-05-16,10.6227
2020-05-17,9.725
2020-05-18,9.06057
2020-05-19,8.7024
2020-05-20,8.45368
2020-05-21,8.21009
2020-05-22,10.3143
2020-05-23,21.3792
2020-05-24,21.4067
2020-05-25,20.7912
2020-05-26,20.0468
2020-05-27,19.1007
2020-05-28,17.8735
2020-05-29,16.5265
2020-05-30,15.1924
2020-05-31,13.9355
2020-06-01,12.8429
2020-06-02,13.9785
2020-06-03,23.0514
2020-06-04,22.5831
2020-06-05,23.0193
2020-06-06,27.5646
2020-06-07,38.6917
2020-06-08,38.7687
2020-06-09,42.1282
2020-06-10,65.0476
2020-06-11,89.3115
2020-06-12,91.2484
2020-06-13,89.6538
2020-06-14,85.3895
2020-06-15,79.1752
2020-06-16,71.2344
2020-06-17,63.4496
2020-06-18,56.3641
2020-06-19,49.8994
2020-06-20,44.1202
2020-06-21,39.1286
2020-06-22,34.7028
2020-06-23,30.8026
2020-06-24,27.3824
2020-06-25,26.435
2020-06-26,36.1643
2020-06-27,46.1521
2020-06-28,56.9954
2020-06-29,55.4036
2020-06-30,57.8335
2020-07-01,69.9643
2020-07-02,68.4142
2020-07-03,64.7164
2020-07-04,59.9143
2020-07-05,54.4946
2020-07-06,49.2555
2020-07-07,46.3856
2020-07-08,44.3354
2020-07-09,41.3947
2020-07-10,37.9864
2020-07-11,33.9199
2020-07-12,30.2453
2020-07-13,27.4794
2020-07-14,27.8548
2020-07-15,28.5718
2020-07-16,26.1246
2020-07-17,23.6101
2020-07-18,22.2267
2020-07-19,20.6184
2020-07-20,19.2086
2020-07-21,17.8344
2020-07-22,16.4817
2020-07-23,15.2411
2020-07-24,14.1266
2020-07-25,13.1759
2020-07-26,12.447
2020-07-27,11.7064
2020-07-28,13.5775
2020-07-29,25.5743
2020-07-30,32.2378
2020-07-31,31.5819
2020-08-01,30.7977
2020-08-02,29.9751
2020-08-03,28.7827
2020-08-04,27.105
2020-08-05,25.0174
2020-08-06,22.9648
2020-08-07,21.0198
2020-08-08,19.0963
2020-08-09,17.3342
2020-08-10,15.7271
2020-08-11,14.5376
2020-08-12,13.5187
2020-08-13,13.3244
2020-08-14,19.9299
2020-08-15,42.5151
2020-08-16,80.4954
2020-08-17,96.6987
2020-08-18,118.655
2020-08-19,150.911
2020-08-20,177.883
2020-08-21,191.365
2020-08-22,183.011
2020-08-23,168.434
2020-08-24,152.174
2020-08-25,134.841
2020-08-26,118.768
2020-08-27,104.141
2020-08-28,91.4334
2020-08-29,80.4591
2020-08-30,71.1071
2020-08-31,63.3881
2020-09-01,56.7196
2020-09-02,50.3944
2020-09-03,44.9029
2020-09-04,40.1235
2020-09-05,36.5689
2020-09-06,33.2576
2020-09-07,30.104
2020-09-08,27.3697
2020-09-09,24.8092
2020-09-10,22.5861
2020-09-11,20.91
2020-09-12,19.9077
2020-09-13,18.8701
2020-09-14,18.0943
2020-09-15,17.3906
2020-09-16,16.7074
2020-09-17,15.0535
2020-09-18,14.6597
2020-09-19,13.9419
2020-09-20,13.4627
2020-09-21,13.1614
2020-09-22,12.1756
2020-09-23,11.2098
2020-09-24,10.4418
2020-09-25,10.071
2020-09-26,10.0363
2020-09-27,10.6371
2020-09-28,31.5102
2020-09-29,59.5172
2020-09-30,58.5165
2020-10-01,60.1627
2020-10-02,59.9358
2020-10-03,58.5059
2020-10-04,60.7322
2020-10-05,57.1722
2020-10-06,52.214
2020-10-07,47.8953
2020-10-08,57.1981
2020-10-09,80.5212
2020-10-10,93.4454
2020-10-11,90.5094
2020-10-12,86.0048
2020-10-13,79.851
2020-10-14,73.0517
2020-10-15,66.296
2020-10-16,59.1872
2020-10-17,52.0672
2020-10-18,45.5307
2020-10-19,39.8471
2020-10-20,34.848
2020-10-21,30.8046
2020-10-22,27.2762
2020-10-23,25.5795
2020-10-24,26.2553
2020-10-25,36.5833
2020-10-26,35.3998
2020-10-27,33.9415
2020-10-28,32.3881
2020-10-29,34.8455
2020-10-30,55.0476
2020-10-31,70.5319
2020-11-01,68.2825
2020-11-02,65.5182
2020-11-03,61.8315
2020-11-04,62.9486
2020-11-05,59.4875
2020-11-06,54.8004
2020-11-07,49.7224
2020-11-08,44.3993
2020-11-09,40.0835
2020-11-10,42.8105
2020-11-11,59.8836
2020-11-12,96.4018
2020-11-13,96.694
2020-11-14,102.698
2020-11-15,101.643
2020-11-16,103.621
2020-11-17,98.5937
2020-11-18,99.1727
2020-11-19,114.922
2020-11-20,112.697
2020-11-21,105.538
2020-11-22,99.604
2020-11-23,92.6965
2020-11-24,83.8056
2020-11-25,75.0079
2020-11-26,73.5078
2020-11-27,93.5926
2020-11-28,105.075
2020-11-29,98.7919
2020-11-30,94.7213
2020-12-01,87.3448
2020-12-02,79.5625
2020-12-03,75.5755
2020-12-04,92.3098
2020-12-05,117.613
2020-12-06,142.662
2020-12-07,152.414
2020-12-08,149.328
2020-12-09,142.891
2020-12-10,139.862
2020-12-11,127.495
2020-12-12,119.905
2020-12-13,126.992
2020-12-14,121.882
2020-12-15,125.985
2020-12-16,137.75
2020-12-17,140.714
2020-12-18,136.622
2020-12-19,137.653
2020-12-20,135.26
2020-12-21,131.915
2020-12-22,120.871
2020-12-23,109.13
2020-12-24,97.6619
2020-12-25,86.9069
2020-12-26,76.9313
2020-12-27,68.0697
2020-12-28,60.5876
2020-12-29,58.2023
2020-12-30,58.1824
2020-12-31,57.6982
