hordatahora,4.990193729166015
2013-01-01,106.317
2013-01-02,94.8196
2013-01-03,84.1079
2013-01-04,71.0797
2013-01-05,60.3481
2013-01-06,52.4008
2013-01-07,50.2568
2013-01-08,48.1749
2013-01-09,52.9688
2013-01-10,55.1784
2013-01-11,53.2216
2013-01-12,50.7818
2013-01-13,48.07
2013-01-14,49.7474
2013-01-15,55.9727
2013-01-16,58.389
2013-01-17,60.8642
2013-01-18,63.136
2013-01-19,68.7383
2013-01-20,67.754
2013-01-21,67.7525
2013-01-22,68.967
2013-01-23,67.5443
2013-01-24,64.214
2013-01-25,60.2436
2013-01-26,57.6373
2013-01-27,54.132
2013-01-28,50.6207
2013-01-29,46.9162
2013-01-30,43.2964
2013-01-31,39.9183
2013-02-01,36.7499
2013-02-02,54.7918
2013-02-03,81.7389
2013-02-04,90.1674
2013-02-05,89.4482
2013-02-06,87.9116
2013-02-07,98.6714
2013-02-08,113.174
2013-02-09,118.249
2013-02-10,122.556
2013-02-11,127.332
2013-02-12,129.298
2013-02-13,127.849
2013-02-14,124.15
2013-02-15,121.822
2013-02-16,118.256
2013-02-17,120.903
2013-02-18,136.265
2013-02-19,152.816
2013-02-20,157.076
2013-02-21,156.349
2013-02-22,149.166
2013-02-23,141.131
2013-02-24,131.167
2013-02-25,121.047
2013-02-26,127.291
2013-02-27,137.99
2013-02-28,131.635
2013-03-01,125.414
2013-03-02,117.554
2013-03-03,108.83
2013-03-04,100.051
2013-03-05,99.5376
2013-03-06,107.673
2013-03-07,109.616
2013-03-08,108.326
2013-03-09,105.77
2013-03-10,105.747
2013-03-11,102.076
2013-03-12,100.172
2013-03-13,123.546
2013-03-14,147.374
2013-03-15,144.766
2013-03-16,145.469
2013-03-17,147.831
2013-03-18,142.176
2013-03-19,134.386
2013-03-20,128.092
2013-03-21,123.493
2013-03-22,115.617
2013-03-23,107.72
2013-03-24,106.425
2013-03-25,111.6
2013-03-26,106.56
2013-03-27,103.973
2013-03-28,98.7778
2013-03-29,93.4023
2013-03-30,89.3369
2013-03-31,83.8447
2013-04-01,78.0235
2013-04-02,73.2402
2013-04-03,72.6258
2013-04-04,72.2744
2013-04-05,82.9842
2013-04-06,91.3352
2013-04-07,88.3554
2013-04-08,84.5866
2013-04-09,80.2442
2013-04-10,75.1631
2013-04-11,69.8296
2013-04-12,72.236
2013-04-13,81.1935
2013-04-14,81.6215
2013-04-15,78.1228
2013-04-16,73.9482
2013-04-17,69.3796
2013-04-18,64.5651
2013-04-19,59.857
2013-04-20,55.2452
2013-04-21,50.8992
2013-04-22,46.7682
2013-04-23,42.9249
2013-04-24,40.1559
2013-04-25,37.6109
2013-04-26,34.9381
2013-04-27,32.3038
2013-04-28,29.8638
2013-04-29,27.589
2013-04-30,25.5223
2013-05-01,23.6449
2013-05-02,21.9458
2013-05-03,20.3695
2013-05-04,19.0179
2013-05-05,22.0187
2013-05-06,29.4101
2013-05-07,29.6425
2013-05-08,28.9979
2013-05-09,28.2123
2013-05-10,27.2263
2013-05-11,26.0803
2013-05-12,24.7869
2013-05-13,23.4799
2013-05-14,22.444
2013-05-15,21.367
2013-05-16,23.8078
2013-05-17,30.3241
2013-05-18,31.3668
2013-05-19,30.9208
2013-05-20,30.4369
2013-05-21,29.8464
2013-05-22,30.0211
2013-05-23,34.2603
2013-05-24,34.8353
2013-05-25,34.1119
2013-05-26,33.1085
2013-05-27,32.1283
2013-05-28,42.8972
2013-05-29,61.0352
2013-05-30,70.933
2013-05-31,72.7866
2013-06-01,72.6367
2013-06-02,89.3431
2013-06-03,104.93
2013-06-04,103.271
2013-06-05,99.9806
2013-06-06,95.1055
2013-06-07,89.0801
2013-06-08,82.6824
2013-06-09,76.4544
2013-06-10,70.4875
2013-06-11,65.4771
2013-06-12,64.099
2013-06-13,59.9583
2013-06-14,55.975
2013-06-15,52.0963
2013-06-16,61.9604
2013-06-17,73.0378
2013-06-18,74.505
2013-06-19,73.9693
2013-06-20,113.125
2013-06-21,208.012
2013-06-22,246.797
2013-06-23,247.025
2013-06-24,247.294
2013-06-25,245.805
2013-06-26,235.44
2013-06-27,223.522
2013-06-28,212.249
2013-06-29,205.086
2013-06-30,214.477
2013-07-01,218.489
2013-07-02,209.486
2013-07-03,196.028
2013-07-04,181.57
2013-07-05,167.221
2013-07-06,153.626
2013-07-07,140.906
2013-07-08,129.279
2013-07-09,118.929
2013-07-10,109.22
2013-07-11,100.23
2013-07-12,92.0451
2013-07-13,84.6294
2013-07-14,77.838
2013-07-15,71.6637
2013-07-16,66.3424
2013-07-17,61.3803
2013-07-18,56.5681
2013-07-19,60.2887
2013-07-20,93.4627
2013-07-21,147.231
2013-07-22,190.792
2013-07-23,208.223
2013-07-24,206.431
2013-07-25,197.371
2013-07-26,185.03
2013-07-27,171.469
2013-07-28,157.323
2013-07-29,143.931
2013-07-30,131.765
2013-07-31,120.678
2013-08-01,110.71
2013-08-02,102.136
2013-08-03,94.4845
2013-08-04,87.8351
2013-08-05,82.4726
2013-08-06,76.8271
2013-08-07,71.4462
2013-08-08,66.3038
2013-08-09,61.7338
2013-08-10,57.7793
2013-08-11,54.4195
2013-08-12,50.541
2013-08-13,46.6709
2013-08-14,46.0963
2013-08-15,49.3852
2013-08-16,47.2755
2013-08-17,45.1157
2013-08-18,44.0857
2013-08-19,43.5045
2013-08-20,41.489
2013-08-21,39.4633
2013-08-22,37.554
2013-08-23,35.8467
2013-08-24,34.4888
2013-08-25,32.7625
2013-08-26,37.2197
2013-08-27,45.2889
2013-08-28,44.7532
2013-08-29,43.3746
2013-08-30,41.7403
2013-08-31,39.9725
2013-09-01,38.6399
2013-09-02,40.2689
2013-09-03,39.9549
2013-09-04,40.154
2013-09-05,38.9317
2013-09-06,36.9914
2013-09-07,35.2198
2013-09-08,33.4475
2013-09-09,31.8276
2013-09-10,30.574
2013-09-11,29.3313
2013-09-12,28.0544
2013-09-13,26.6882
2013-09-14,25.7243
2013-09-15,24.9571
2013-09-16,55.8648
2013-09-17,82.8245
2013-09-18,90.1954
2013-09-19,91.1494
2013-09-20,90.2223
2013-09-21,106.907
2013-09-22,166.777
2013-09-23,193.149
2013-09-24,190.589
2013-09-25,184.139
2013-09-26,173.079
2013-09-27,160.109
2013-09-28,147.253
2013-09-29,138.867
2013-09-30,128.645
2013-10-01,121.682
2013-10-02,118.658
2013-10-03,133.488
2013-10-04,145.717
2013-10-05,141.993
2013-10-06,135.862
2013-10-07,128.378
2013-10-08,120.816
2013-10-09,111.865
2013-10-10,103.072
2013-10-11,94.8895
2013-10-12,87.3837
2013-10-13,80.6613
2013-10-14,75.0932
2013-10-15,72.8563
2013-10-16,71.2307
2013-10-17,73.7291
2013-10-18,70.4187
2013-10-19,67.0219
2013-10-20,63.7356
2013-10-21,68.112
2013-10-22,76.9115
2013-10-23,74.5363
2013-10-24,74.3861
2013-10-25,77.9546
2013-10-26,75.5168
2013-10-27,72.4908
2013-10-28,71.0163
2013-10-29,67.6461
2013-10-30,63.4797
2013-10-31,59.3068
2013-11-01,56.1456
2013-11-02,52.7528
2013-11-03,51.9834
2013-11-04,56.6157
2013-11-05,56.2094
2013-11-06,54.5724
2013-11-07,53.4132
2013-11-08,51.9751
2013-11-09,49.748
2013-11-10,47.5601
2013-11-11,45.8844
2013-11-12,45.9583
2013-11-13,45.0236
2013-11-14,43.2368
2013-11-15,41.127
2013-11-16,49.463
2013-11-17,63.1909
2013-11-18,63.8392
2013-11-19,62.5597
2013-11-20,62.6702
2013-11-21,64.4018
2013-11-22,64.3886
2013-11-23,63.7534
2013-11-24,61.7313
2013-11-25,60.9581
2013-11-26,59.7248
2013-11-27,59.4657
2013-11-28,61.7585
2013-11-29,70.6402
2013-11-30,73.378
2013-12-01,71.6893
2013-12-02,68.9978
2013-12-03,66.516
2013-12-04,63.4991
2013-12-05,65.7985
2013-12-06,72.8743
2013-12-07,70.3946
2013-12-08,70.4486
2013-12-09,67.6214
2013-12-10,66.2117
2013-12-11,63.7146
2013-12-12,62.7445
2013-12-13,60.0575
2013-12-14,56.6689
2013-12-15,55.9093
2013-12-16,55.1193
2013-12-17,52.9236
2013-12-18,51.2271
2013-12-19,50.114
2013-12-20,49.1652
2013-12-21,49.1591
2013-12-22,51.0676
2013-12-23,53.4746
2013-12-24,53.1775
2013-12-25,52.131
2013-12-26,51.118
2013-12-27,50.6807
2013-12-28,54.7077
2013-12-29,61.287
2013-12-30,61.5731
2013-12-31,62.0268
2014-01-01,74.081
2014-01-02,88.7937
2014-01-03,92.5725
2014-01-04,99.7157
2014-01-05,101.281
2014-01-06,99.0811
2014-01-07,98.1121
2014-01-08,98.6229
2014-01-09,103.122
2014-01-10,99.6023
2014-01-11,96.1717
2014-01-12,113.968
2014-01-13,134.437
2014-01-14,135.897
2014-01-15,140.033
2014-01-16,153.716
2014-01-17,160.992
2014-01-18,155.415
2014-01-19,148.096
2014-01-20,139.431
2014-01-21,130.092
2014-01-22,122.67
2014-01-23,115.421
2014-01-24,108.11
2014-01-25,103.703
2014-01-26,98.1809
2014-01-27,92.902
2014-01-28,87.0712
2014-01-29,81.9429
2014-01-30,79.0756
2014-01-31,74.6977
2014-02-01,70.4208
2014-02-02,66.5957
2014-02-03,63.0512
2014-02-04,61.4283
2014-02-05,62.3437
2014-02-06,59.9911
2014-02-07,57.3773
2014-02-08,56.1064
2014-02-09,58.5256
2014-02-10,56.1002
2014-02-11,53.2521
2014-02-12,50.4902
2014-02-13,49.1368
2014-02-14,60.6572
2014-02-15,69.5019
2014-02-16,71.5919
2014-02-17,76.3615
2014-02-18,81.4165
2014-02-19,84.9288
2014-02-20,83.474
2014-02-21,79.7795
2014-02-22,75.7931
2014-02-23,75.3274
2014-02-24,74.6123
2014-02-25,72.8531
2014-02-26,69.8645
2014-02-27,71.4387
2014-02-28,78.4114
2014-03-01,78.5459
2014-03-02,75.3768
2014-03-03,71.4428
2014-03-04,70.7895
2014-03-05,76.1996
2014-03-06,77.5456
2014-03-07,75.166
2014-03-08,74.5999
2014-03-09,79.8845
2014-03-10,87.0649
2014-03-11,89.7135
2014-03-12,99.7378
2014-03-13,111.938
2014-03-14,122.74
2014-03-15,120.347
2014-03-16,116.98
2014-03-17,111.479
2014-03-18,108.598
2014-03-19,107.822
2014-03-20,105.208
2014-03-21,105.237
2014-03-22,104.762
2014-03-23,99.5052
2014-03-24,93.3479
2014-03-25,86.7314
2014-03-26,80.6746
2014-03-27,74.7416
2014-03-28,69.0514
2014-03-29,63.5822
2014-03-30,59.6018
2014-03-31,61.1115
2014-04-01,60.2041
2014-04-02,57.231
2014-04-03,59.0814
2014-04-04,64.6017
2014-04-05,64.4174
2014-04-06,62.2843
2014-04-07,59.6585
2014-04-08,56.7044
2014-04-09,54.7211
2014-04-10,56.6572
2014-04-11,53.6498
2014-04-12,56.509
2014-04-13,65.4138
2014-04-14,63.4098
2014-04-15,64.0242
2014-04-16,69.3982
2014-04-17,67.7793
2014-04-18,65.7335
2014-04-19,64.5207
2014-04-20,64.445
2014-04-21,61.1584
2014-04-22,57.3836
2014-04-23,54.2536
2014-04-24,51.4054
2014-04-25,47.934
2014-04-26,44.5474
2014-04-27,41.2269
2014-04-28,38.3192
2014-04-29,36.7542
2014-04-30,34.5
2014-05-01,32.21
2014-05-02,30.6097
2014-05-03,28.7966
2014-05-04,26.8086
2014-05-05,24.9643
2014-05-06,23.3099
2014-05-07,21.7466
2014-05-08,20.3129
2014-05-09,19.0925
2014-05-10,17.8464
2014-05-11,17.0121
2014-05-12,16.6785
2014-05-13,15.8935
2014-05-14,14.9857
2014-05-15,16.4624
2014-05-16,16.2804
2014-05-17,16.9204
2014-05-18,16.5972
2014-05-19,15.9369
2014-05-20,15.2371
2014-05-21,14.5559
2014-05-22,15.3864
2014-05-23,28.5457
2014-05-24,38.4998
2014-05-25,41.8874
2014-05-26,53.8995
2014-05-27,63.8412
2014-05-28,64.6804
2014-05-29,64.3074
2014-05-30,62.8852
2014-05-31,60.9981
2014-06-01,62.3697
2014-06-02,61.3289
2014-06-03,59.075
2014-06-04,55.9404
2014-06-05,52.6324
2014-06-06,66.8731
2014-06-07,148.512
2014-06-08,199.975
2014-06-09,216.629
2014-06-10,216.922
2014-06-11,208.563
2014-06-12,195.601
2014-06-13,180.748
2014-06-14,165.917
2014-06-15,151.838
2014-06-16,139.347
2014-06-17,127.358
2014-06-18,122.363
2014-06-19,122.908
2014-06-20,115.053
2014-06-21,106.85
2014-06-22,98.8329
2014-06-23,91.0905
2014-06-24,83.9085
2014-06-25,77.5631
2014-06-26,71.9391
2014-06-27,66.5021
2014-06-28,63.2281
2014-06-29,65.9134
2014-06-30,66.8347
2014-07-01,64.1375
2014-07-02,61.074
2014-07-03,57.6693
2014-07-04,54.638
2014-07-05,51.6366
2014-07-06,48.9932
2014-07-07,46.3694
2014-07-08,45.4292
2014-07-09,43.377
2014-07-10,41.0073
2014-07-11,39.3826
2014-07-12,37.1665
2014-07-13,35.1421
2014-07-14,33.0438
2014-07-15,31.0109
2014-07-16,29.0245
2014-07-17,27.1887
2014-07-18,28.7891
2014-07-19,32.7341
2014-07-20,31.8735
2014-07-21,30.6352
2014-07-22,29.3469
2014-07-23,28.1372
2014-07-24,31.535
2014-07-25,39.0122
2014-07-26,38.488
2014-07-27,37.3788
2014-07-28,36.2273
2014-07-29,34.828
2014-07-30,33.4145
2014-07-31,32.231
2014-08-01,30.865
2014-08-02,29.28
2014-08-03,28.0608
2014-08-04,26.7044
2014-08-05,25.5907
2014-08-06,24.4027
2014-08-07,22.7237
2014-08-08,21.1653
2014-08-09,20.0347
2014-08-10,18.716
2014-08-11,17.5259
2014-08-12,16.8226
2014-08-13,22.5988
2014-08-14,29.7735
2014-08-15,29.2412
2014-08-16,31.1388
2014-08-17,37.3995
2014-08-18,37.4862
2014-08-19,37.4489
2014-08-20,37.3054
2014-08-21,36.5918
2014-08-22,35.2888
2014-08-23,33.783
2014-08-24,32.3106
2014-08-25,30.8498
2014-08-26,30.9199
2014-08-27,31.9728
2014-08-28,30.3272
2014-08-29,28.5315
2014-08-30,26.8568
2014-08-31,30.2891
2014-09-01,38.4512
2014-09-02,51.5603
2014-09-03,64.8583
2014-09-04,65.4119
2014-09-05,66.5854
2014-09-06,66.1388
2014-09-07,63.8355
2014-09-08,62.5335
2014-09-09,59.4769
2014-09-10,56.2111
2014-09-11,52.9859
2014-09-12,49.9863
2014-09-13,46.8536
2014-09-14,43.6997
2014-09-15,40.9349
2014-09-16,38.5024
2014-09-17,36.1235
2014-09-18,33.8649
2014-09-19,47.0423
2014-09-20,61.385
2014-09-21,65.1952
2014-09-22,66.0554
2014-09-23,65.4006
2014-09-24,70.933
2014-09-25,80.2041
2014-09-26,83.4251
2014-09-27,87.3934
2014-09-28,86.4917
2014-09-29,89.464
2014-09-30,100.595
2014-10-01,114.074
2014-10-02,122.399
2014-10-03,120.291
2014-10-04,115.656
2014-10-05,109.188
2014-10-06,101.948
2014-10-07,94.4001
2014-10-08,87.1039
2014-10-09,80.3823
2014-10-10,74.2395
2014-10-11,68.8009
2014-10-12,63.9928
2014-10-13,59.5479
2014-10-14,55.7278
2014-10-15,52.605
2014-10-16,49.3102
2014-10-17,53.197
2014-10-18,64.4478
2014-10-19,73.1021
2014-10-20,81.8432
2014-10-21,81.0367
2014-10-22,78.9506
2014-10-23,75.6114
2014-10-24,71.646
2014-10-25,67.4026
2014-10-26,63.8569
2014-10-27,61.4045
2014-10-28,57.6167
2014-10-29,53.9441
2014-10-30,50.4496
2014-10-31,47.2513
2014-11-01,45.2197
2014-11-02,47.057
2014-11-03,45.1418
2014-11-04,60.8345
2014-11-05,79.681
2014-11-06,79.661
2014-11-07,92.9402
2014-11-08,109.481
2014-11-09,111.166
2014-11-10,108.818
2014-11-11,104.377
2014-11-12,98.6366
2014-11-13,92.6979
2014-11-14,90.7934
2014-11-15,89.2982
2014-11-16,83.8641
2014-11-17,78.3764
2014-11-18,73.0033
2014-11-19,67.8106
2014-11-20,72.4003
2014-11-21,82.3872
2014-11-22,85.2151
2014-11-23,90.2868
2014-11-24,87.9427
2014-11-25,92.8738
2014-11-26,103.487
2014-11-27,100.498
2014-11-28,96.5708
2014-11-29,91.519
2014-11-30,85.8574
2014-12-01,80.0239
2014-12-02,74.23
2014-12-03,70.1073
2014-12-04,71.2051
2014-12-05,70.2371
2014-12-06,66.5777
2014-12-07,62.5479
2014-12-08,58.601
2014-12-09,57.8347
2014-12-10,60.2799
2014-12-11,62.2026
2014-12-12,61.3457
2014-12-13,61.8912
2014-12-14,62.9866
2014-12-15,60.5954
2014-12-16,57.7169
2014-12-17,54.5086
2014-12-18,51.4963
2014-12-19,54.1297
2014-12-20,58.7418
2014-12-21,60.9545
2014-12-22,113.044
2014-12-23,154.868
2014-12-24,157.663
2014-12-25,162.007
2014-12-26,167.893
2014-12-27,168.4
2014-12-28,162.534
2014-12-29,160.892
2014-12-30,157.932
2014-12-31,150.907
2015-01-01,148.06
2015-01-02,143.012
2015-01-03,137.228
2015-01-04,131.349
2015-01-05,132.483
2015-01-06,137.08
2015-01-07,137.7
2015-01-08,134.921
2015-01-09,132.205
2015-01-10,126.192
2015-01-11,123.45
2015-01-12,118.799
2015-01-13,114.918
2015-01-14,115.438
2015-01-15,116.476
2015-01-16,111.197
2015-01-17,105.908
2015-01-18,100.643
2015-01-19,98.3766
2015-01-20,106.447
2015-01-21,112.401
2015-01-22,107.437
2015-01-23,103.222
2015-01-24,97.6348
2015-01-25,92.5356
2015-01-26,91.8779
2015-01-27,95.0213
2015-01-28,101.591
2015-01-29,101.521
2015-01-30,104.828
2015-01-31,111.493
2015-02-01,107.605
2015-02-02,102.737
2015-02-03,104.661
2015-02-04,122.965
2015-02-05,138.688
2015-02-06,144.336
2015-02-07,142.331
2015-02-08,136.496
2015-02-09,130.576
2015-02-10,122.164
2015-02-11,113.381
2015-02-12,107.867
2015-02-13,112.717
2015-02-14,136.242
2015-02-15,155.365
2015-02-16,159.625
2015-02-17,158.634
2015-02-18,159.944
2015-02-19,158.768
2015-02-20,154.284
2015-02-21,152.079
2015-02-22,143.713
2015-02-23,133.649
2015-02-24,127.623
2015-02-25,128.794
2015-02-26,126.509
2015-02-27,126.064
2015-02-28,120.195
2015-03-01,114.951
2015-03-02,107.457
2015-03-03,99.5291
2015-03-04,91.731
2015-03-05,99.4974
2015-03-06,110.532
2015-03-07,112.646
2015-03-08,112.627
2015-03-09,113.629
2015-03-10,111.217
2015-03-11,108.828
2015-03-12,110.18
2015-03-13,109.644
2015-03-14,104.556
2015-03-15,101.549
2015-03-16,101.181
2015-03-17,102.819
2015-03-18,98.6569
2015-03-19,92.8463
2015-03-20,86.6737
2015-03-21,81.7331
2015-03-22,78.7258
2015-03-23,74.1721
2015-03-24,69.0389
2015-03-25,63.9772
2015-03-26,59.1112
2015-03-27,61.7824
2015-03-28,71.3683
2015-03-29,77.6107
2015-03-30,80.6896
2015-03-31,81.4407
2015-04-01,78.7267
2015-04-02,74.9259
2015-04-03,70.4675
2015-04-04,65.5279
2015-04-05,60.5519
2015-04-06,57.1582
2015-04-07,53.3032
2015-04-08,49.1982
2015-04-09,45.2451
2015-04-10,41.6037
2015-04-11,38.2614
2015-04-12,35.1946
2015-04-13,32.4212
2015-04-14,29.8501
2015-04-15,27.4823
2015-04-16,25.7155
2015-04-17,24.39
2015-04-18,23.701
2015-04-19,22.5352
2015-04-20,22.1245
2015-04-21,27.7991
2015-04-22,44.1002
2015-04-23,51.4212
2015-04-24,51.4713
2015-04-25,51.2725
2015-04-26,50.2028
2015-04-27,48.3921
2015-04-28,46.1182
2015-04-29,43.6702
2015-04-30,41.1041
2015-05-01,38.2931
2015-05-02,35.4666
2015-05-03,36.991
2015-05-04,45.4978
2015-05-05,49.8248
2015-05-06,49.3111
2015-05-07,48.1683
2015-05-08,46.5416
2015-05-09,44.2171
2015-05-10,51.1748
2015-05-11,57.9978
2015-05-12,56.5002
2015-05-13,55.8194
2015-05-14,53.8549
2015-05-15,51.6082
2015-05-16,48.9598
2015-05-17,46.1667
2015-05-18,43.2856
2015-05-19,41.0127
2015-05-20,39.1676
2015-05-21,37.0592
2015-05-22,34.8278
2015-05-23,32.6503
2015-05-24,30.672
2015-05-25,35.0788
2015-05-26,56.0484
2015-05-27,81.2761
2015-05-28,91.3174
2015-05-29,91.7698
2015-05-30,90.3575
2015-05-31,86.747
2015-06-01,81.6122
2015-06-02,76.0107
2015-06-03,70.2386
2015-06-04,64.5866
2015-06-05,59.4285
2015-06-06,54.6415
2015-06-07,50.2647
2015-06-08,46.2949
2015-06-09,42.7574
2015-06-10,39.527
2015-06-11,36.9601
2015-06-12,48.1641
2015-06-13,56.2793
2015-06-14,62.451
2015-06-15,72.4416
2015-06-16,77.2441
2015-06-17,75.8109
2015-06-18,74.1986
2015-06-19,75.8941
2015-06-20,72.8723
2015-06-21,68.6663
2015-06-22,64.3768
2015-06-23,60.1763
2015-06-24,56.0952
2015-06-25,52.01
2015-06-26,47.982
2015-06-27,44.9989
2015-06-28,41.8677
2015-06-29,38.7951
2015-06-30,36.0344
2015-07-01,35.8984
2015-07-02,34.2093
2015-07-03,34.8261
2015-07-04,37.4608
2015-07-05,36.7239
2015-07-06,35.3607
2015-07-07,36.2185
2015-07-08,48.1109
2015-07-09,56.4921
2015-07-10,66.5448
2015-07-11,76.7032
2015-07-12,85.9221
2015-07-13,96.1153
2015-07-14,102.957
2015-07-15,107.617
2015-07-16,117.607
2015-07-17,135.255
2015-07-18,142.028
2015-07-19,137.495
2015-07-20,131.469
2015-07-21,129.979
2015-07-22,129.045
2015-07-23,121.251
2015-07-24,120.252
2015-07-25,123.21
2015-07-26,116.558
2015-07-27,109.404
2015-07-28,101.903
2015-07-29,94.4255
2015-07-30,87.1967
2015-07-31,80.4701
2015-08-01,74.1832
2015-08-02,68.3273
2015-08-03,63.11
2015-08-04,58.2309
2015-08-05,53.9015
2015-08-06,49.9551
2015-08-07,46.4317
2015-08-08,43.2315
2015-08-09,40.4071
2015-08-10,37.8106
2015-08-11,35.3466
2015-08-12,33.2078
2015-08-13,31.2814
2015-08-14,29.5273
2015-08-15,27.8661
2015-08-16,26.3296
2015-08-17,24.9976
2015-08-18,23.7
2015-08-19,23.642
2015-08-20,22.9845
2015-08-21,21.8272
2015-08-22,20.6295
2015-08-23,19.8304
2015-08-24,22.7154
2015-08-25,22.6139
2015-08-26,22.7209
2015-08-27,25.0548
2015-08-28,31.8216
2015-08-29,31.9156
2015-08-30,31.6023
2015-08-31,31.2728
2015-09-01,30.7619
2015-09-02,30.1022
2015-09-03,35.0872
2015-09-04,42.6254
2015-09-05,43.9016
2015-09-06,43.7892
2015-09-07,45.1065
2015-09-08,66.587
2015-09-09,81.9924
2015-09-10,89.7041
2015-09-11,99.1748
2015-09-12,99.1207
2015-09-13,96.1908
2015-09-14,91.2113
2015-09-15,85.3657
2015-09-16,79.3005
2015-09-17,73.5539
2015-09-18,69.1873
2015-09-19,67.8625
2015-09-20,65.0813
2015-09-21,61.2581
2015-09-22,57.3511
2015-09-23,53.6723
2015-09-24,50.2383
2015-09-25,48.5307
2015-09-26,51.1978
2015-09-27,62.5076
2015-09-28,75.0573
2015-09-29,74.5298
2015-09-30,76.3902
2015-10-01,81.3751
2015-10-02,85.9489
2015-10-03,94.0971
2015-10-04,92.5888
2015-10-05,89.795
2015-10-06,85.2169
2015-10-07,79.8425
2015-10-08,79.0139
2015-10-09,93.9186
2015-10-10,103.967
2015-10-11,113.247
2015-10-12,125.548
2015-10-13,126.911
2015-10-14,123.417
2015-10-15,118.406
2015-10-16,111.744
2015-10-17,105.79
2015-10-18,98.622
2015-10-19,90.9679
2015-10-20,83.4612
2015-10-21,92.7689
2015-10-22,130.956
2015-10-23,150.604
2015-10-24,147.985
2015-10-25,143.881
2015-10-26,137.797
2015-10-27,130.449
2015-10-28,121.789
2015-10-29,113.542
2015-10-30,107.375
2015-10-31,104.809
2015-11-01,108.284
2015-11-02,105.401
2015-11-03,103.432
2015-11-04,106.14
2015-11-05,118.248
2015-11-06,122.654
2015-11-07,118.789
2015-11-08,113.277
2015-11-09,109.191
2015-11-10,105.88
2015-11-11,109.795
2015-11-12,113.145
2015-11-13,115.748
2015-11-14,112.787
2015-11-15,112.933
2015-11-16,112.68
2015-11-17,108.894
2015-11-18,108.07
2015-11-19,108.472
2015-11-20,114.137
2015-11-21,111.165
2015-11-22,114.981
2015-11-23,130.692
2015-11-24,137.267
2015-11-25,137.289
2015-11-26,132.602
2015-11-27,127.022
2015-11-28,123.72
2015-11-29,120.697
2015-11-30,119.363
2015-12-01,116.746
2015-12-02,113.855
2015-12-03,118.334
2015-12-04,117.699
2015-12-05,117.23
2015-12-06,123.866
2015-12-07,138.9
2015-12-08,133.741
2015-12-09,127.367
2015-12-10,123.2
2015-12-11,123.758
2015-12-12,117.511
2015-12-13,113.409
2015-12-14,106.595
2015-12-15,102.345
2015-12-16,98.1936
2015-12-17,91.7854
2015-12-18,85.3108
2015-12-19,101.862
2015-12-20,129.186
2015-12-21,135.422
2015-12-22,133.789
2015-12-23,129.978
2015-12-24,126.249
2015-12-25,141.449
2015-12-26,174.565
2015-12-27,189.178
2015-12-28,198.997
2015-12-29,211.948
2015-12-30,213.114
2015-12-31,205.677
2016-01-01,199.779
2016-01-02,196.87
2016-01-03,189.682
2016-01-04,178.184
2016-01-05,166.376
2016-01-06,154.218
2016-01-07,142.264
2016-01-08,131.705
2016-01-09,130.939
2016-01-10,173.361
2016-01-11,214.038
2016-01-12,225.411
2016-01-13,222.899
2016-01-14,213.122
2016-01-15,200.287
2016-01-16,185.863
2016-01-17,171.414
2016-01-18,157.429
2016-01-19,144.426
2016-01-20,132.525
2016-01-21,121.768
2016-01-22,113.272
2016-01-23,108.039
2016-01-24,100.58
2016-01-25,93.7146
2016-01-26,89.2042
2016-01-27,96.3422
2016-01-28,105.083
2016-01-29,101.305
2016-01-30,98.4305
2016-01-31,95.857
2016-02-01,94.2464
2016-02-02,100.396
2016-02-03,104.76
2016-02-04,106.57
2016-02-05,115.0
2016-02-06,120.43
2016-02-07,117.605
2016-02-08,116.784
2016-02-09,114.1
2016-02-10,133.768
2016-02-11,151.097
2016-02-12,145.644
2016-02-13,138.825
2016-02-14,131.883
2016-02-15,128.744
2016-02-16,124.931
2016-02-17,124.261
2016-02-18,122.307
2016-02-19,123.773
2016-02-20,123.678
2016-02-21,128.115
2016-02-22,137.171
2016-02-23,154.604
2016-02-24,159.606
2016-02-25,155.913
2016-02-26,153.572
2016-02-27,148.031
2016-02-28,147.35
2016-02-29,152.332
2016-03-01,144.158
2016-03-02,135.101
2016-03-03,130.016
2016-03-04,131.135
2016-03-05,124.673
2016-03-06,117.594
2016-03-07,109.251
2016-03-08,101.471
2016-03-09,101.744
2016-03-10,108.649
2016-03-11,111.244
2016-03-12,106.105
2016-03-13,100.22
2016-03-14,94.499
2016-03-15,88.096
2016-03-16,82.7376
2016-03-17,79.4209
2016-03-18,74.2766
2016-03-19,69.1744
2016-03-20,67.5909
2016-03-21,63.2731
2016-03-22,61.554
2016-03-23,64.9374
2016-03-24,65.6146
2016-03-25,64.1005
2016-03-26,65.1792
2016-03-27,63.0192
2016-03-28,59.9738
2016-03-29,56.3462
2016-03-30,53.3828
2016-03-31,56.3052
2016-04-01,58.7195
2016-04-02,56.4182
2016-04-03,54.1269
2016-04-04,51.2924
2016-04-05,48.1807
2016-04-06,44.8472
2016-04-07,41.56
2016-04-08,38.8228
2016-04-09,40.0993
2016-04-10,46.6626
2016-04-11,50.5797
2016-04-12,53.4572
2016-04-13,58.0275
2016-04-14,57.3971
2016-04-15,56.3216
2016-04-16,54.028
2016-04-17,51.3765
2016-04-18,48.2053
2016-04-19,44.9596
2016-04-20,41.6756
2016-04-21,38.5004
2016-04-22,35.4867
2016-04-23,34.118
2016-04-24,31.7353
2016-04-25,43.285
2016-04-26,53.0968
2016-04-27,55.1461
2016-04-28,57.9831
2016-04-29,56.9008
2016-04-30,55.0137
2016-05-01,52.448
2016-05-02,49.4077
2016-05-03,46.127
2016-05-04,43.0475
2016-05-05,39.9944
2016-05-06,38.4946
2016-05-07,41.9394
2016-05-08,40.4277
2016-05-09,39.0413
2016-05-10,40.2773
2016-05-11,44.2679
2016-05-12,47.0243
2016-05-13,52.1851
2016-05-14,51.9419
2016-05-15,51.1956
2016-05-16,55.2549
2016-05-17,62.8685
2016-05-18,61.3711
2016-05-19,59.2147
2016-05-20,68.2107
2016-05-21,79.7429
2016-05-22,113.394
2016-05-23,132.555
2016-05-24,132.351
2016-05-25,129.347
2016-05-26,124.059
2016-05-27,118.406
2016-05-28,116.476
2016-05-29,109.949
2016-05-30,105.437
2016-05-31,99.8912
2016-06-01,107.782
2016-06-02,118.186
2016-06-03,114.144
2016-06-04,108.741
2016-06-05,103.731
2016-06-06,102.228
2016-06-07,96.9358
2016-06-08,90.6805
2016-06-09,84.28
2016-06-10,77.9857
2016-06-11,71.8898
2016-06-12,66.0317
2016-06-13,60.5068
2016-06-14,55.3772
2016-06-15,50.6691
2016-06-16,46.5422
2016-06-17,42.8599
2016-06-18,43.5967
2016-06-19,48.9342
2016-06-20,51.0913
2016-06-21,55.5161
2016-06-22,63.9775
2016-06-23,71.24
2016-06-24,70.9819
2016-06-25,70.3164
2016-06-26,69.0793
2016-06-27,67.808
2016-06-28,66.4492
2016-06-29,65.1449
2016-06-30,63.5477
2016-07-01,62.1175
2016-07-02,61.1528
2016-07-03,60.367
2016-07-04,59.0529
2016-07-05,56.7302
2016-07-06,54.4921
2016-07-07,53.9063
2016-07-08,51.5591
2016-07-09,48.6685
2016-07-10,45.6699
2016-07-11,42.855
2016-07-12,50.1529
2016-07-13,77.8214
2016-07-14,93.4053
2016-07-15,93.8451
2016-07-16,111.898
2016-07-17,130.314
2016-07-18,128.725
2016-07-19,124.225
2016-07-20,117.511
2016-07-21,109.566
2016-07-22,101.193
2016-07-23,92.9724
2016-07-24,85.1395
2016-07-25,78.2212
2016-07-26,72.263
2016-07-27,66.5213
2016-07-28,61.5097
2016-07-29,56.4725
2016-07-30,51.7424
2016-07-31,47.4473
2016-08-01,43.6322
2016-08-02,40.2647
2016-08-03,37.4008
2016-08-04,34.5807
2016-08-05,31.9475
2016-08-06,29.6921
2016-08-07,27.8191
2016-08-08,33.5221
2016-08-09,43.1271
2016-08-10,43.4028
2016-08-11,44.2371
2016-08-12,43.5099
2016-08-13,42.2912
2016-08-14,40.687
2016-08-15,40.5707
2016-08-16,45.0959
2016-08-17,53.0535
2016-08-18,65.4572
2016-08-19,73.6626
2016-08-20,107.501
2016-08-21,139.6
2016-08-22,150.592
2016-08-23,149.69
2016-08-24,144.939
2016-08-25,137.234
2016-08-26,128.3
2016-08-27,119.282
2016-08-28,110.815
2016-08-29,102.729
2016-08-30,97.1712
2016-08-31,96.8829
2016-09-01,92.0526
2016-09-02,86.7425
2016-09-03,108.696
2016-09-04,138.302
2016-09-05,145.53
2016-09-06,146.242
2016-09-07,143.144
2016-09-08,137.758
2016-09-09,130.411
2016-09-10,122.76
2016-09-11,115.129
2016-09-12,107.316
2016-09-13,99.9195
2016-09-14,94.5288
2016-09-15,88.4665
2016-09-16,81.9822
2016-09-17,75.8058
2016-09-18,70.7596
2016-09-19,69.0245
2016-09-20,65.1655
2016-09-21,61.2338
2016-09-22,57.2101
2016-09-23,53.7301
2016-09-24,50.5941
2016-09-25,47.6452
2016-09-26,45.7355
2016-09-27,43.0899
2016-09-28,40.6251
2016-09-29,38.6125
2016-09-30,37.6141
2016-10-01,35.8114
2016-10-02,33.9308
2016-10-03,32.2538
2016-10-04,31.0066
2016-10-05,29.7498
2016-10-06,38.2033
2016-10-07,49.5472
2016-10-08,49.6385
2016-10-09,49.8012
2016-10-10,49.648
2016-10-11,48.6229
2016-10-12,50.924
2016-10-13,63.4812
2016-10-14,71.7029
2016-10-15,71.844
2016-10-16,70.8083
2016-10-17,74.6925
2016-10-18,107.697
2016-10-19,120.838
2016-10-20,135.183
2016-10-21,143.916
2016-10-22,138.946
2016-10-23,131.645
2016-10-24,122.858
2016-10-25,115.338
2016-10-26,111.004
2016-10-27,105.991
2016-10-28,100.131
2016-10-29,93.4168
2016-10-30,86.4974
2016-10-31,79.8652
2016-11-01,73.6533
2016-11-02,69.5438
2016-11-03,70.7073
2016-11-04,66.9605
2016-11-05,62.8044
2016-11-06,58.8636
2016-11-07,55.3498
2016-11-08,55.504
2016-11-09,79.5555
2016-11-10,97.2235
2016-11-11,96.0359
2016-11-12,97.7718
2016-11-13,97.0028
2016-11-14,92.3141
2016-11-15,87.0558
2016-11-16,85.3464
2016-11-17,87.4428
2016-11-18,83.0675
2016-11-19,78.5228
2016-11-20,73.3277
2016-11-21,67.9731
2016-11-22,63.0089
2016-11-23,58.746
2016-11-24,54.4866
2016-11-25,51.0519
2016-11-26,51.0424
2016-11-27,48.5479
2016-11-28,49.9176
2016-11-29,50.3284
2016-11-30,49.7379
2016-12-01,47.4908
2016-12-02,44.9096
2016-12-03,44.2612
2016-12-04,49.1732
2016-12-05,50.771
2016-12-06,49.4164
2016-12-07,47.7002
2016-12-08,47.6016
2016-12-09,56.6813
2016-12-10,64.486
2016-12-11,69.7694
2016-12-12,76.8363
2016-12-13,75.7887
2016-12-14,73.5668
2016-12-15,70.8791
2016-12-16,67.4251
2016-12-17,63.2422
2016-12-18,59.5656
2016-12-19,59.1302
2016-12-20,59.9288
2016-12-21,64.317
2016-12-22,62.7714
2016-12-23,61.0943
2016-12-24,63.1155
2016-12-25,67.346
2016-12-26,67.3445
2016-12-27,67.9004
2016-12-28,74.0747
2016-12-29,82.4551
2016-12-30,87.8036
2016-12-31,87.3979
2017-01-01,86.7455
2017-01-02,88.5692
2017-01-03,92.3269
2017-01-04,93.8335
2017-01-05,105.591
2017-01-06,126.123
2017-01-07,144.265
2017-01-08,149.622
2017-01-09,155.54
2017-01-10,154.734
2017-01-11,152.204
2017-01-12,147.365
2017-01-13,139.866
2017-01-14,131.05
2017-01-15,121.903
2017-01-16,115.908
2017-01-17,122.76
2017-01-18,130.747
2017-01-19,130.197
2017-01-20,124.894
2017-01-21,118.673
2017-01-22,113.962
2017-01-23,112.58
2017-01-24,108.829
2017-01-25,109.871
2017-01-26,113.977
2017-01-27,123.092
2017-01-28,130.159
2017-01-29,129.747
2017-01-30,129.41
2017-01-31,128.286
2017-02-01,131.85
2017-02-02,132.912
2017-02-03,136.932
2017-02-04,135.192
2017-02-05,128.912
2017-02-06,123.754
2017-02-07,116.836
2017-02-08,109.818
2017-02-09,105.122
2017-02-10,98.7508
2017-02-11,98.1965
2017-02-12,121.549
2017-02-13,144.682
2017-02-14,148.202
2017-02-15,144.806
2017-02-16,139.13
2017-02-17,138.496
2017-02-18,144.631
2017-02-19,139.329
2017-02-20,131.734
2017-02-21,123.09
2017-02-22,114.21
2017-02-23,105.805
2017-02-24,101.039
2017-02-25,95.4074
2017-02-26,89.8973
2017-02-27,84.3425
2017-02-28,78.3196
2017-03-01,75.0149
2017-03-02,73.2187
2017-03-03,71.9248
2017-03-04,73.5543
2017-03-05,73.7716
2017-03-06,76.4147
2017-03-07,78.223
2017-03-08,75.4446
2017-03-09,71.7377
2017-03-10,67.5529
2017-03-11,65.3652
2017-03-12,66.082
2017-03-13,72.5067
2017-03-14,69.5219
2017-03-15,66.0134
2017-03-16,62.2946
2017-03-17,61.0243
2017-03-18,64.2178
2017-03-19,67.4555
2017-03-20,65.5026
2017-03-21,63.384
2017-03-22,60.6748
2017-03-23,57.3902
2017-03-24,54.0475
2017-03-25,50.8916
2017-03-26,47.4504
2017-03-27,44.0005
2017-03-28,41.6802
2017-03-29,39.7788
2017-03-30,38.9629
2017-03-31,36.931
2017-04-01,35.1412
2017-04-02,34.3215
2017-04-03,32.9591
2017-04-04,31.1708
2017-04-05,29.1988
2017-04-06,42.3568
2017-04-07,53.9599
2017-04-08,52.6642
2017-04-09,51.6982
2017-04-10,50.7476
2017-04-11,50.6238
2017-04-12,54.4934
2017-04-13,53.2933
2017-04-14,50.8323
2017-04-15,48.0279
2017-04-16,45.0807
2017-04-17,42.1089
2017-04-18,39.2936
2017-04-19,36.6899
2017-04-20,34.1421
2017-04-21,34.4937
2017-04-22,37.2105
2017-04-23,36.2714
2017-04-24,34.8226
2017-04-25,33.1633
2017-04-26,35.7502
2017-04-27,43.7956
2017-04-28,43.2326
2017-04-29,42.0672
2017-04-30,40.5271
2017-05-01,38.6478
2017-05-02,36.5904
2017-05-03,34.4862
2017-05-04,32.8134
2017-05-05,34.8308
2017-05-06,33.7123
2017-05-07,32.34
2017-05-08,30.6548
2017-05-09,28.8762
2017-05-10,27.089
2017-05-11,25.4475
2017-05-12,23.7889
2017-05-13,22.1235
2017-05-14,21.4757
2017-05-15,25.4449
2017-05-16,24.9301
2017-05-17,24.0314
2017-05-18,24.2767
2017-05-19,43.8467
2017-05-20,57.096
2017-05-21,62.6547
2017-05-22,71.3765
2017-05-23,72.5093
2017-05-24,71.6051
2017-05-25,69.2782
2017-05-26,66.1085
2017-05-27,63.0757
2017-05-28,62.8953
2017-05-29,61.8527
2017-05-30,59.5332
2017-05-31,64.082
2017-06-01,70.5665
2017-06-02,68.8638
2017-06-03,66.213
2017-06-04,63.2173
2017-06-05,70.0319
2017-06-06,134.702
2017-06-07,164.304
2017-06-08,166.899
2017-06-09,168.592
2017-06-10,162.333
2017-06-11,152.063
2017-06-12,140.459
2017-06-13,128.836
2017-06-14,117.845
2017-06-15,107.851
2017-06-16,98.4781
2017-06-17,89.9884
2017-06-18,82.2753
2017-06-19,77.549
2017-06-20,80.1605
2017-06-21,81.2707
2017-06-22,76.9553
2017-06-23,72.69
2017-06-24,68.5518
2017-06-25,64.3386
2017-06-26,59.9886
2017-06-27,55.672
2017-06-28,51.4389
2017-06-29,47.5554
2017-06-30,43.8584
2017-07-01,40.4521
2017-07-02,37.51
2017-07-03,34.6337
2017-07-04,32.0865
2017-07-05,30.4885
2017-07-06,28.3925
2017-07-07,26.4417
2017-07-08,24.5955
2017-07-09,22.878
2017-07-10,21.3477
2017-07-11,19.9955
2017-07-12,18.7974
2017-07-13,17.688
2017-07-14,16.6086
2017-07-15,15.6251
2017-07-16,14.7904
2017-07-17,14.0152
2017-07-18,15.0774
2017-07-19,15.5794
2017-07-20,14.8075
2017-07-21,14.0578
2017-07-22,13.6562
2017-07-23,13.1644
2017-07-24,12.6124
2017-07-25,12.1448
2017-07-26,11.729
2017-07-27,11.3091
2017-07-28,10.8808
2017-07-29,10.4055
2017-07-30,9.95934
2017-07-31,9.58825
2017-08-01,9.26364
2017-08-02,8.81537
2017-08-03,9.87261
2017-08-04,14.7444
2017-08-05,14.7956
2017-08-06,14.5351
2017-08-07,14.3262
2017-08-08,14.1493
2017-08-09,13.931
2017-08-10,13.8285
2017-08-11,13.7305
2017-08-12,13.2946
2017-08-13,14.5055
2017-08-14,20.952
2017-08-15,21.9103
2017-08-16,24.1039
2017-08-17,24.3109
2017-08-18,24.3639
2017-08-19,25.4258
2017-08-20,58.4588
2017-08-21,74.7522
2017-08-22,76.5844
2017-08-23,76.8426
2017-08-24,75.3177
2017-08-25,72.303
2017-08-26,68.4481
2017-08-27,64.1031
2017-08-28,59.8966
2017-08-29,55.7952
2017-08-30,51.896
2017-08-31,48.4411
2017-09-01,45.5465
2017-09-02,42.2907
2017-09-03,39.2817
2017-09-04,36.4494
2017-09-05,34.0635
2017-09-06,31.8784
2017-09-07,29.9611
2017-09-08,27.9511
2017-09-09,26.2385
2017-09-10,24.7041
2017-09-11,23.2855
2017-09-12,22.0669
2017-09-13,21.0051
2017-09-14,19.969
2017-09-15,19.0668
2017-09-16,18.4471
2017-09-17,17.752
2017-09-18,17.3374
2017-09-19,16.6235
2017-09-20,15.9146
2017-09-21,15.2844
2017-09-22,14.643
2017-09-23,14.0949
2017-09-24,13.6621
2017-09-25,13.1731
2017-09-26,12.5624
2017-09-27,11.9188
2017-09-28,11.4058
2017-09-29,13.741
2017-09-30,23.2834
2017-10-01,29.4569
2017-10-02,40.5131
2017-10-03,50.8102
2017-10-04,52.1559
2017-10-05,52.174
2017-10-06,61.0708
2017-10-07,76.8129
2017-10-08,86.5879
2017-10-09,90.2677
2017-10-10,90.574
2017-10-11,107.83
2017-10-12,116.5
2017-10-13,116.989
2017-10-14,117.905
2017-10-15,117.785
2017-10-16,111.127
2017-10-17,103.932
2017-10-18,96.4455
2017-10-19,90.6908
2017-10-20,88.8977
2017-10-21,84.9221
2017-10-22,84.3595
2017-10-23,81.0067
2017-10-24,76.679
2017-10-25,77.4257
2017-10-26,82.4721
2017-10-27,85.8046
2017-10-28,90.1757
2017-10-29,91.5201
2017-10-30,99.7387
2017-10-31,103.035
2017-11-01,99.5098
2017-11-02,94.4487
2017-11-03,88.5421
2017-11-04,87.0257
2017-11-05,88.2977
2017-11-06,84.5281
2017-11-07,79.7429
2017-11-08,74.7752
2017-11-09,69.6296
2017-11-10,82.0548
2017-11-11,91.247
2017-11-12,87.7733
2017-11-13,83.7093
2017-11-14,79.1558
2017-11-15,74.0654
2017-11-16,69.0033
2017-11-17,70.6921
2017-11-18,90.8908
2017-11-19,100.319
2017-11-20,96.9946
2017-11-21,95.8914
2017-11-22,97.4888
2017-11-23,93.1663
2017-11-24,87.7449
2017-11-25,85.7493
2017-11-26,87.7792
2017-11-27,83.1094
2017-11-28,77.9035
2017-11-29,74.4999
2017-11-30,69.5386
2017-12-01,64.5816
2017-12-02,59.8868
2017-12-03,55.4285
2017-12-04,51.2643
2017-12-05,49.7718
2017-12-06,46.5456
2017-12-07,43.466
2017-12-08,43.2232
2017-12-09,40.682
2017-12-10,38.2074
2017-12-11,35.9703
2017-12-12,33.8696
2017-12-13,31.7737
2017-12-14,29.4818
2017-12-15,36.8164
2017-12-16,45.3151
2017-12-17,56.949
2017-12-18,66.6147
2017-12-19,65.5508
2017-12-20,65.8548
2017-12-21,69.4335
2017-12-22,72.0373
2017-12-23,77.0511
2017-12-24,89.8557
2017-12-25,118.893
2017-12-26,133.528
2017-12-27,132.655
2017-12-28,136.747
2017-12-29,158.732
2017-12-30,179.164
2017-12-31,190.509
2018-01-01,196.042
2018-01-02,190.158
2018-01-03,182.606
2018-01-04,170.825
2018-01-05,158.366
2018-01-06,146.342
2018-01-07,137.595
2018-01-08,127.335
2018-01-09,119.744
2018-01-10,117.884
2018-01-11,117.166
2018-01-12,118.493
2018-01-13,120.02
2018-01-14,120.69
2018-01-15,118.687
2018-01-16,127.098
2018-01-17,143.951
2018-01-18,148.948
2018-01-19,170.111
2018-01-20,193.174
2018-01-21,196.793
2018-01-22,201.168
2018-01-23,204.338
2018-01-24,209.902
2018-01-25,207.908
2018-01-26,199.02
2018-01-27,186.792
2018-01-28,174.221
2018-01-29,180.155
2018-01-30,193.577
2018-01-31,184.795
2018-02-01,175.793
2018-02-02,165.327
2018-02-03,153.718
2018-02-04,142.367
2018-02-05,132.429
2018-02-06,123.043
2018-02-07,114.198
2018-02-08,109.151
2018-02-09,102.177
2018-02-10,95.7952
2018-02-11,94.4581
2018-02-12,119.016
2018-02-13,136.751
2018-02-14,135.185
2018-02-15,131.422
2018-02-16,125.459
2018-02-17,117.955
2018-02-18,109.712
2018-02-19,102.278
2018-02-20,99.0788
2018-02-21,93.1857
2018-02-22,90.0131
2018-02-23,84.0852
2018-02-24,77.9663
2018-02-25,72.0378
2018-02-26,66.3793
2018-02-27,61.1857
2018-02-28,59.0294
2018-03-01,59.2414
2018-03-02,66.21
2018-03-03,93.9136
2018-03-04,113.818
2018-03-05,114.406
2018-03-06,119.379
2018-03-07,126.384
2018-03-08,124.53
2018-03-09,118.465
2018-03-10,112.989
2018-03-11,112.104
2018-03-12,105.228
2018-03-13,98.1877
2018-03-14,123.963
2018-03-15,146.179
2018-03-16,142.493
2018-03-17,136.576
2018-03-18,129.328
2018-03-19,124.106
2018-03-20,125.733
2018-03-21,131.461
2018-03-22,127.063
2018-03-23,119.412
2018-03-24,111.227
2018-03-25,104.349
2018-03-26,110.378
2018-03-27,122.221
2018-03-28,131.44
2018-03-29,145.054
2018-03-30,155.212
2018-03-31,152.922
2018-04-01,146.514
2018-04-02,137.924
2018-04-03,129.252
2018-04-04,119.42
2018-04-05,109.843
2018-04-06,103.467
2018-04-07,95.3087
2018-04-08,87.5747
2018-04-09,80.37
2018-04-10,73.7386
2018-04-11,67.5794
2018-04-12,61.9122
2018-04-13,56.6748
2018-04-14,51.9693
2018-04-15,48.9657
2018-04-16,45.3424
2018-04-17,42.9667
2018-04-18,40.8144
2018-04-19,38.1461
2018-04-20,35.4469
2018-04-21,32.9115
2018-04-22,30.5249
2018-04-23,28.284
2018-04-24,26.2038
2018-04-25,24.2977
2018-04-26,22.566
2018-04-27,20.9303
2018-04-28,19.4477
2018-04-29,19.3879
2018-04-30,18.2729
2018-05-01,17.184
2018-05-02,16.265
2018-05-03,15.5311
2018-05-04,14.8665
2018-05-05,14.0251
2018-05-06,13.2133
2018-05-07,13.2138
2018-05-08,13.5944
2018-05-09,13.626
2018-05-10,13.3394
2018-05-11,12.8204
2018-05-12,12.4093
2018-05-13,11.9325
2018-05-14,11.3426
2018-05-15,10.7821
2018-05-16,10.8979
2018-05-17,10.7699
2018-05-18,10.392
2018-05-19,14.1319
2018-05-20,22.2689
2018-05-21,22.2723
2018-05-22,22.1332
2018-05-23,22.043
2018-05-24,21.9116
2018-05-25,21.5361
2018-05-26,20.9684
2018-05-27,20.2249
2018-05-28,19.4118
2018-05-29,18.6165
2018-05-30,17.7092
2018-05-31,16.6954
2018-06-01,15.6761
2018-06-02,15.4667
2018-06-03,20.5073
2018-06-04,22.3817
2018-06-05,24.8372
2018-06-06,29.7789
2018-06-07,33.5863
2018-06-08,41.6186
2018-06-09,42.4498
2018-06-10,42.2745
2018-06-11,41.6372
2018-06-12,43.664
2018-06-13,49.5788
2018-06-14,49.6915
2018-06-15,49.6943
2018-06-16,48.8104
2018-06-17,48.788
2018-06-18,47.3876
2018-06-19,45.9336
2018-06-20,43.8616
2018-06-21,41.7623
2018-06-22,39.4816
2018-06-23,37.1617
2018-06-24,34.9931
2018-06-25,32.9128
2018-06-26,30.8371
2018-06-27,35.1803
2018-06-28,42.9401
2018-06-29,42.0393
2018-06-30,41.0729
2018-07-01,39.9128
2018-07-02,38.7705
2018-07-03,37.0659
2018-07-04,36.0716
2018-07-05,34.0456
2018-07-06,31.8761
2018-07-07,29.8969
2018-07-08,28.0682
2018-07-09,26.2939
2018-07-10,24.7338
2018-07-11,22.927
2018-07-12,21.186
2018-07-13,19.6014
2018-07-14,18.1286
2018-07-15,16.8159
2018-07-16,15.6277
2018-07-17,14.6011
2018-07-18,13.6905
2018-07-19,12.8798
2018-07-20,12.0749
2018-07-21,11.3603
2018-07-22,10.7153
2018-07-23,9.98498
2018-07-24,9.27344
2018-07-25,8.73166
2018-07-26,8.18854
2018-07-27,7.67827
2018-07-28,7.25095
2018-07-29,6.86828
2018-07-30,6.54202
2018-07-31,6.43358
2018-08-01,7.99502
2018-08-02,8.05284
2018-08-03,7.86034
2018-08-04,7.76552
2018-08-05,7.69027
2018-08-06,7.49605
2018-08-07,7.23619
2018-08-08,6.96552
2018-08-09,7.75336
2018-08-10,7.9806
2018-08-11,7.81964
2018-08-12,7.5411
2018-08-13,7.26036
2018-08-14,6.98796
2018-08-15,6.7126
2018-08-16,6.46594
2018-08-17,6.22682
2018-08-18,6.16889
2018-08-19,5.98165
2018-08-20,5.74236
2018-08-21,5.54709
2018-08-22,5.64196
2018-08-23,8.01158
2018-08-24,23.0641
2018-08-25,33.8631
2018-08-26,35.9201
2018-08-27,37.2256
2018-08-28,38.0695
2018-08-29,38.1017
2018-08-30,37.4353
2018-08-31,36.2947
2018-09-01,34.8512
2018-09-02,34.8241
2018-09-03,38.3906
2018-09-04,42.8564
2018-09-05,44.4658
2018-09-06,43.7964
2018-09-07,42.5032
2018-09-08,40.8187
2018-09-09,39.0237
2018-09-10,36.9899
2018-09-11,34.8942
2018-09-12,32.7576
2018-09-13,30.8673
2018-09-14,28.9909
2018-09-15,28.2431
2018-09-16,30.4562
2018-09-17,29.8063
2018-09-18,29.4803
2018-09-19,28.5591
2018-09-20,29.8267
2018-09-21,33.0032
2018-09-22,32.249
2018-09-23,31.1975
2018-09-24,30.1255
2018-09-25,30.8901
2018-09-26,31.6034
2018-09-27,36.4082
2018-09-28,36.2274
2018-09-29,35.8222
2018-09-30,35.3818
2018-10-01,36.4489
2018-10-02,45.9179
2018-10-03,65.2714
2018-10-04,74.542
2018-10-05,77.0519
2018-10-06,80.2337
2018-10-07,90.2654
2018-10-08,96.3929
2018-10-09,97.2188
2018-10-10,118.546
2018-10-11,140.632
2018-10-12,142.493
2018-10-13,140.93
2018-10-14,144.403
2018-10-15,147.345
2018-10-16,152.076
2018-10-17,167.951
2018-10-18,187.255
2018-10-19,191.821
2018-10-20,184.68
2018-10-21,174.436
2018-10-22,162.239
2018-10-23,149.639
2018-10-24,143.845
2018-10-25,146.04
2018-10-26,143.138
2018-10-27,145.612
2018-10-28,138.957
2018-10-29,130.922
2018-10-30,121.832
2018-10-31,113.233
2018-11-01,108.171
2018-11-02,101.046
2018-11-03,95.4424
2018-11-04,94.9662
2018-11-05,89.5282
2018-11-06,83.602
2018-11-07,77.6813
2018-11-08,72.6405
2018-11-09,68.6521
2018-11-10,66.7292
2018-11-11,63.3695
2018-11-12,59.6056
2018-11-13,56.0875
2018-11-14,53.8109
2018-11-15,55.8746
2018-11-16,53.2668
2018-11-17,50.4228
2018-11-18,49.7399
2018-11-19,54.0339
2018-11-20,52.2652
2018-11-21,49.7671
2018-11-22,47.2532
2018-11-23,44.6724
2018-11-24,42.6435
2018-11-25,41.2955
2018-11-26,38.9858
2018-11-27,36.9536
2018-11-28,34.5685
2018-11-29,32.2402
2018-11-30,49.2444
2018-12-01,66.5338
2018-12-02,66.6144
2018-12-03,66.1493
2018-12-04,64.7329
2018-12-05,62.2244
2018-12-06,59.1771
2018-12-07,55.834
2018-12-08,54.4808
2018-12-09,50.8479
2018-12-10,47.1902
2018-12-11,43.721
2018-12-12,40.5575
2018-12-13,37.7574
2018-12-14,35.1475
2018-12-15,49.2883
2018-12-16,63.0295
2018-12-17,62.6973
2018-12-18,71.1009
2018-12-19,81.5455
2018-12-20,79.8207
2018-12-21,79.6013
2018-12-22,82.6803
2018-12-23,82.7075
2018-12-24,80.3288
2018-12-25,76.4889
2018-12-26,72.7457
2018-12-27,70.8721
2018-12-28,67.7328
2018-12-29,63.7678
2018-12-30,61.8378
2018-12-31,65.1811
2019-01-01,64.6426
2019-01-02,61.9315
2019-01-03,59.7073
2019-01-04,63.9027
2019-01-05,76.1828
2019-01-06,80.8442
2019-01-07,80.2954
2019-01-08,83.2326
2019-01-09,89.2569
2019-01-10,86.5664
2019-01-11,88.8485
2019-01-12,95.3683
2019-01-13,104.701
2019-01-14,117.386
2019-01-15,121.719
2019-01-16,121.459
2019-01-17,125.052
2019-01-18,127.773
2019-01-19,128.194
2019-01-20,138.677
2019-01-21,146.579
2019-01-22,143.082
2019-01-23,140.6
2019-01-24,138.494
2019-01-25,140.495
2019-01-26,133.276
2019-01-27,125.935
2019-01-28,117.712
2019-01-29,109.087
2019-01-30,101.323
2019-01-31,99.0996
2019-02-01,97.3453
2019-02-02,94.8944
2019-02-03,99.5301
2019-02-04,99.5059
2019-02-05,94.7797
2019-02-06,90.1114
2019-02-07,85.6311
2019-02-08,80.2673
2019-02-09,76.4666
2019-02-10,71.344
2019-02-11,73.8692
2019-02-12,82.5044
2019-02-13,80.2856
2019-02-14,76.7796
2019-02-15,99.5209
2019-02-16,121.731
2019-02-17,125.512
2019-02-18,131.418
2019-02-19,137.862
2019-02-20,144.717
2019-02-21,153.912
2019-02-22,161.563
2019-02-23,157.135
2019-02-24,149.23
2019-02-25,144.749
2019-02-26,145.58
2019-02-27,145.29
2019-02-28,146.575
2019-03-01,140.948
2019-03-02,133.212
2019-03-03,123.677
2019-03-04,114.077
2019-03-05,105.048
2019-03-06,98.8114
2019-03-07,100.988
2019-03-08,102.188
2019-03-09,99.7279
2019-03-10,99.2956
2019-03-11,96.7918
2019-03-12,91.7769
2019-03-13,91.4434
2019-03-14,94.3199
2019-03-15,89.9148
2019-03-16,86.1237
2019-03-17,83.9198
2019-03-18,82.5274
2019-03-19,86.1663
2019-03-20,82.1381
2019-03-21,77.7099
2019-03-22,73.0658
2019-03-23,68.5305
2019-03-24,63.6404
2019-03-25,58.8592
2019-03-26,54.3121
2019-03-27,52.4581
2019-03-28,48.8498
2019-03-29,45.8161
2019-03-30,43.0431
2019-03-31,40.0167
2019-04-01,37.0046
2019-04-02,34.1687
2019-04-03,31.525
2019-04-04,29.0502
2019-04-05,27.0577
2019-04-06,32.243
2019-04-07,64.0814
2019-04-08,78.2367
2019-04-09,83.6472
2019-04-10,84.2317
2019-04-11,82.8684
2019-04-12,79.7156
2019-04-13,75.4146
2019-04-14,70.5536
2019-04-15,66.6755
2019-04-16,62.1511
2019-04-17,59.4388
2019-04-18,55.339
2019-04-19,51.3114
2019-04-20,47.4873
2019-04-21,47.5666
2019-04-22,56.028
2019-04-23,60.5439
2019-04-24,58.9745
2019-04-25,57.06
2019-04-26,54.4828
2019-04-27,54.6302
2019-04-28,63.3933
2019-04-29,69.1665
2019-04-30,67.0555
2019-05-01,64.2368
2019-05-02,61.3205
2019-05-03,57.6632
2019-05-04,53.8716
2019-05-05,50.9024
2019-05-06,47.4729
2019-05-07,46.9439
2019-05-08,44.0509
2019-05-09,41.0519
2019-05-10,38.2405
2019-05-11,35.6879
2019-05-12,35.9518
2019-05-13,35.1097
2019-05-14,35.3684
2019-05-15,34.0919
2019-05-16,32.9787
2019-05-17,33.7535
2019-05-18,34.6998
2019-05-19,34.893
2019-05-20,35.4465
2019-05-21,34.6971
2019-05-22,33.5854
2019-05-23,57.7874
2019-05-24,75.3647
2019-05-25,82.3354
2019-05-26,82.8085
2019-05-27,81.5312
2019-05-28,99.2835
2019-05-29,111.203
2019-05-30,136.086
2019-05-31,181.537
2019-06-01,198.54
2019-06-02,204.915
2019-06-03,206.668
2019-06-04,198.796
2019-06-05,185.949
2019-06-06,171.687
2019-06-07,157.395
2019-06-08,143.923
2019-06-09,131.398
2019-06-10,119.898
2019-06-11,109.485
2019-06-12,100.008
2019-06-13,91.443
2019-06-14,83.7887
2019-06-15,76.908
2019-06-16,70.7383
2019-06-17,65.1342
2019-06-18,59.9338
2019-06-19,55.109
2019-06-20,50.7298
2019-06-21,46.8085
2019-06-22,43.1496
2019-06-23,39.758
2019-06-24,36.7474
2019-06-25,33.9677
2019-06-26,43.8131
2019-06-27,57.1217
2019-06-28,61.5394
2019-06-29,61.7071
2019-06-30,61.4348
2019-07-01,60.0901
2019-07-02,57.9596
2019-07-03,55.983
2019-07-04,58.0517
2019-07-05,55.6062
2019-07-06,54.3984
2019-07-07,51.2885
2019-07-08,48.1358
2019-07-09,45.0022
2019-07-10,41.8958
2019-07-11,38.9607
2019-07-12,36.2449
2019-07-13,33.6523
2019-07-14,31.2612
2019-07-15,29.2919
2019-07-16,30.3208
2019-07-17,28.7916
2019-07-18,26.9935
2019-07-19,25.3754
2019-07-20,24.0409
2019-07-21,22.7209
2019-07-22,21.5455
2019-07-23,20.368
2019-07-24,19.4209
2019-07-25,18.5517
2019-07-26,17.698
2019-07-27,16.8202
2019-07-28,16.0934
2019-07-29,15.4172
2019-07-30,14.4968
2019-07-31,14.4729
2019-08-01,13.9088
2019-08-02,13.3716
2019-08-03,14.8407
2019-08-04,14.3211
2019-08-05,13.5496
2019-08-06,12.8212
2019-08-07,12.153
2019-08-08,11.8544
2019-08-09,11.7678
2019-08-10,11.6078
2019-08-11,11.5788
2019-08-12,11.5446
2019-08-13,11.1554
2019-08-14,12.1086
2019-08-15,11.7271
2019-08-16,11.0244
2019-08-17,10.459
2019-08-18,10.1199
2019-08-19,17.9494
2019-08-20,27.4446
2019-08-21,27.1774
2019-08-22,27.3356
2019-08-23,27.7231
2019-08-24,29.8883
2019-08-25,29.8349
2019-08-26,29.3371
2019-08-27,28.4243
2019-08-28,27.312
2019-08-29,26.1451
2019-08-30,24.9154
2019-08-31,27.5223
2019-09-01,53.751
2019-09-02,68.276
2019-09-03,68.7239
2019-09-04,70.4879
2019-09-05,70.8873
2019-09-06,68.9273
2019-09-07,66.0322
2019-09-08,62.8746
2019-09-09,59.2235
2019-09-10,55.7325
2019-09-11,52.425
2019-09-12,49.2382
2019-09-13,46.3429
2019-09-14,43.6738
2019-09-15,40.4182
2019-09-16,37.4122
2019-09-17,35.0406
2019-09-18,49.2619
2019-09-19,77.548
2019-09-20,92.7248
2019-09-21,100.372
2019-09-22,103.077
2019-09-23,101.102
2019-09-24,96.9442
2019-09-25,91.2546
2019-09-26,85.192
2019-09-27,79.0367
2019-09-28,73.0204
2019-09-29,67.2502
2019-09-30,61.6862
2019-10-01,56.7573
2019-10-02,52.2824
2019-10-03,48.4138
2019-10-04,45.3514
2019-10-05,42.288
2019-10-06,54.0092
2019-10-07,62.8897
2019-10-08,63.3864
2019-10-09,62.1578
2019-10-10,60.4256
2019-10-11,57.9914
2019-10-12,55.0256
2019-10-13,52.0088
2019-10-14,59.0097
2019-10-15,66.268
2019-10-16,63.69
2019-10-17,60.5972
2019-10-18,57.6965
2019-10-19,56.327
2019-10-20,53.3533
2019-10-21,50.5721
2019-10-22,51.2259
2019-10-23,48.7393
2019-10-24,46.463
2019-10-25,44.0886
2019-10-26,45.1226
2019-10-27,46.5597
2019-10-28,52.8905
2019-10-29,52.5727
2019-10-30,50.8994
2019-10-31,50.6461
2019-11-01,48.6704
2019-11-02,46.5249
2019-11-03,44.1244
2019-11-04,43.3061
2019-11-05,45.0148
2019-11-06,49.3217
2019-11-07,47.7262
2019-11-08,45.885
2019-11-09,43.7628
2019-11-10,58.2221
2019-11-11,70.9209
2019-11-12,70.1674
2019-11-13,68.9671
2019-11-14,71.2912
2019-11-15,75.5839
2019-11-16,73.3637
2019-11-17,70.3052
2019-11-18,66.3664
2019-11-19,62.0159
2019-11-20,57.5841
2019-11-21,53.3401
2019-11-22,49.5474
2019-11-23,47.4649
2019-11-24,50.3386
2019-11-25,47.6469
2019-11-26,44.9597
2019-11-27,56.3008
2019-11-28,68.5097
2019-11-29,71.1086
2019-11-30,70.3473
2019-12-01,70.3622
2019-12-02,73.3178
2019-12-03,70.8301
2019-12-04,67.2828
2019-12-05,68.4769
2019-12-06,74.3752
2019-12-07,71.9908
2019-12-08,68.8444
2019-12-09,65.431
2019-12-10,63.2593
2019-12-11,59.7214
2019-12-12,58.2015
2019-12-13,55.5034
2019-12-14,52.0521
2019-12-15,48.5327
2019-12-16,48.6086
2019-12-17,54.3389
2019-12-18,54.4241
2019-12-19,52.9661
2019-12-20,50.8111
2019-12-21,51.022
2019-12-22,52.0612
2019-12-23,50.1716
2019-12-24,48.0686
2019-12-25,46.2877
2019-12-26,43.8967
2019-12-27,41.6007
2019-12-28,39.3859
2019-12-29,37.157
2019-12-30,35.0907
2019-12-31,33.2225
2020-01-01,34.4328
2020-01-02,43.4338
2020-01-03,48.7725
2020-01-04,49.2278
2020-01-05,53.3758
2020-01-06,53.8092
2020-01-07,53.9569
2020-01-08,57.6325
2020-01-09,63.9173
2020-01-10,77.1246
2020-01-11,87.2758
2020-01-12,94.7156
2020-01-13,93.4596
2020-01-14,90.6883
2020-01-15,86.4827
2020-01-16,89.6601
2020-01-17,97.1129
2020-01-18,92.7807
2020-01-19,87.8248
2020-01-20,82.6952
2020-01-21,77.449
2020-01-22,71.9095
2020-01-23,66.5208
2020-01-24,61.7985
2020-01-25,57.597
2020-01-26,53.3371
2020-01-27,49.3699
2020-01-28,48.8463
2020-01-29,52.8177
2020-01-30,51.8559
2020-01-31,52.762
2020-02-01,53.8729
2020-02-02,54.1415
2020-02-03,58.6125
2020-02-04,57.9021
2020-02-05,56.2567
2020-02-06,57.2353
2020-02-07,62.048
2020-02-08,64.3214
2020-02-09,69.8554
2020-02-10,79.9417
2020-02-11,79.2122
2020-02-12,76.5044
2020-02-13,72.9739
2020-02-14,68.8462
2020-02-15,64.4871
2020-02-16,60.0254
2020-02-17,55.6873
2020-02-18,51.607
2020-02-19,52.0441
2020-02-20,57.5365
2020-02-21,57.5513
2020-02-22,61.9364
2020-02-23,59.5164
2020-02-24,56.7725
2020-02-25,55.5125
2020-02-26,68.7237
2020-02-27,79.9545
2020-02-28,78.5574
2020-02-29,76.3444
2020-03-01,73.1358
2020-03-02,69.5158
2020-03-03,66.4603
2020-03-04,64.0162
2020-03-05,61.7983
2020-03-06,58.2187
2020-03-07,54.151
2020-03-08,50.18
2020-03-09,46.3536
2020-03-10,42.7201
2020-03-11,39.3568
2020-03-12,36.2154
2020-03-13,33.2787
2020-03-14,30.5712
2020-03-15,28.1062
2020-03-16,27.4402
2020-03-17,31.9703
2020-03-18,31.3179
2020-03-19,34.8678
2020-03-20,34.2024
2020-03-21,33.1774
2020-03-22,31.8018
2020-03-23,30.2232
2020-03-24,28.5844
2020-03-25,27.6038
2020-03-26,26.3202
2020-03-27,24.697
2020-03-28,23.0506
2020-03-29,21.4775
2020-03-30,20.4179
2020-03-31,19.0965
2020-04-01,18.4277
2020-04-02,17.3196
2020-04-03,16.3375
2020-04-04,15.3526
2020-04-05,14.3198
2020-04-06,17.5557
2020-04-07,25.5491
2020-04-08,25.8459
2020-04-09,25.9257
2020-04-10,25.8343
2020-04-11,25.4363
2020-04-12,24.7938
2020-04-13,23.7657
2020-04-14,23.0481
2020-04-15,26.3492
2020-04-16,25.9853
2020-04-17,25.0898
2020-04-18,24.1113
2020-04-19,23.0564
2020-04-20,21.9297
2020-04-21,20.6816
2020-04-22,19.4528
2020-04-23,18.2515
2020-04-24,17.1066
2020-04-25,15.9684
2020-04-26,14.8892
2020-04-27,13.9604
2020-04-28,13.1316
2020-04-29,12.3863
2020-04-30,11.6115
2020-05-01,10.8441
2020-05-02,10.1608
2020-05-03,9.49322
2020-05-04,8.85907
2020-05-05,8.27193
2020-05-06,7.91375
2020-05-07,10.8249
2020-05-08,10.9468
2020-05-09,10.7099
2020-05-10,10.6054
2020-05-11,10.5792
2020-05-12,10.4856
2020-05-13,10.2245
2020-05-14,11.0725
2020-05-15,11.8577
2020-05-16,11.7068
2020-05-17,11.2815
2020-05-18,10.8732
2020-05-19,10.4395
2020-05-20,10.0062
2020-05-21,9.54969
2020-05-22,11.4922
2020-05-23,18.6433
2020-05-24,19.1296
2020-05-25,19.2089
2020-05-26,19.1725
2020-05-27,18.9697
2020-05-28,18.5385
2020-05-29,17.9544
2020-05-30,17.2725
2020-05-31,16.4844
2020-06-01,15.6758
2020-06-02,16.9825
2020-06-03,23.0261
2020-06-04,23.1814
2020-06-05,23.8944
2020-06-06,28.1504
2020-06-07,35.6049
2020-06-08,36.3207
2020-06-09,39.6975
2020-06-10,59.8109
2020-06-11,74.388
2020-06-12,76.681
2020-06-13,77.0993
2020-06-14,75.764
2020-06-15,72.9216
2020-06-16,68.6172
2020-06-17,64.0356
2020-06-18,59.5801
2020-06-19,55.266
2020-06-20,51.1922
2020-06-21,47.476
2020-06-22,44.0182
2020-06-23,40.8243
2020-06-24,37.8906
2020-06-25,37.3582
2020-06-26,43.5455
2020-06-27,51.0994
2020-06-28,57.8678
2020-06-29,57.012
2020-06-30,60.2167
2020-07-01,67.6913
2020-07-02,66.9211
2020-07-03,64.7634
2020-07-04,61.7752
2020-07-05,58.2273
2020-07-06,54.6312
2020-07-07,52.4472
2020-07-08,50.7587
2020-07-09,48.4749
2020-07-10,45.8325
2020-07-11,42.6878
2020-07-12,39.7123
2020-07-13,37.2833
2020-07-14,36.924
2020-07-15,36.8836
2020-07-16,34.8514
2020-07-17,32.7319
2020-07-18,31.311
2020-07-19,29.7215
2020-07-20,28.251
2020-07-21,26.7802
2020-07-22,25.2795
2020-07-23,23.8245
2020-07-24,22.3958
2020-07-25,21.0522
2020-07-26,19.87
2020-07-27,18.6522
2020-07-28,20.1236
2020-07-29,27.7261
2020-07-30,32.0496
2020-07-31,31.8809
2020-08-01,31.5588
2020-08-02,31.1646
2020-08-03,30.5054
2020-08-04,29.4973
2020-08-05,28.1699
2020-08-06,26.796
2020-08-07,25.4202
2020-08-08,23.9801
2020-08-09,22.5386
2020-08-10,21.1291
2020-08-11,19.9121
2020-08-12,18.7635
2020-08-13,18.3742
2020-08-14,22.4799
2020-08-15,45.352
2020-08-16,68.2056
2020-08-17,78.8636
2020-08-18,97.154
2020-08-19,121.219
2020-08-20,141.939
2020-08-21,152.444
2020-08-22,150.257
2020-08-23,143.833
2020-08-24,135.609
2020-08-25,125.907
2020-08-26,116.276
2020-08-27,106.969
2020-08-28,98.4181
2020-08-29,90.628
2020-08-30,83.6262
2020-08-31,77.4966
2020-09-01,71.9291
2020-09-02,66.5108
2020-09-03,61.5803
2020-09-04,57.0831
2020-09-05,53.3785
2020-09-06,49.8611
2020-09-07,46.4817
2020-09-08,43.4124
2020-09-09,40.495
2020-09-10,37.8327
2020-09-11,35.5629
2020-09-12,33.7654
2020-09-13,31.9829
2020-09-14,30.4035
2020-09-15,28.902
2020-09-16,27.4912
2020-09-17,25.4655
2020-09-18,24.386
2020-09-19,23.1196
2020-09-20,22.0282
2020-09-21,21.0908
2020-09-22,19.6886
2020-09-23,18.2753
2020-09-24,16.9776
2020-09-25,15.9815
2020-09-26,15.3577
2020-09-27,15.3998
2020-09-28,33.8536
2020-09-29,49.7406
2020-09-30,49.4072
2020-10-01,51.1136
2020-10-02,51.8458
2020-10-03,52.0457
2020-10-04,54.3382
2020-10-05,52.9361
2020-10-06,50.4464
2020-10-07,48.2979
2020-10-08,57.3143
2020-10-09,73.7937
2020-10-10,82.0115
2020-10-11,81.0605
2020-10-12,79.1336
2020-10-13,75.9761
2020-10-14,72.1305
2020-10-15,68.0201
2020-10-16,63.4111
2020-10-17,58.5453
2020-10-18,53.8416
2020-10-19,49.5248
2020-10-20,45.5333
2020-10-21,42.0847
2020-10-22,38.9293
2020-10-23,36.9749
2020-10-24,37.7459
2020-10-25,43.7073
2020-10-26,42.6729
2020-10-27,41.4504
2020-10-28,40.073
2020-10-29,42.9908
2020-10-30,57.6719
2020-10-31,66.7959
2020-11-01,65.5719
2020-11-02,64.0528
2020-11-03,61.9933
2020-11-04,62.817
2020-11-05,60.7201
2020-11-06,57.717
2020-11-07,54.3087
2020-11-08,50.5839
2020-11-09,47.5524
2020-11-10,48.8578
2020-11-11,67.0899
2020-11-12,87.6578
2020-11-13,88.6129
2020-11-14,92.7816
2020-11-15,93.2362
2020-11-16,95.102
2020-11-17,92.5803
2020-11-18,96.2953
2020-11-19,106.148
2020-11-20,105.262
2020-11-21,101.271
2020-11-22,97.8299
2020-11-23,93.5444
2020-11-24,87.7396
2020-11-25,81.7114
2020-11-26,82.5592
2020-11-27,96.3684
2020-11-28,102.696
2020-11-29,98.636
2020-11-30,95.921
2020-12-01,90.9816
2020-12-02,85.5763
2020-12-03,84.0351
2020-12-04,96.5201
2020-12-05,115.247
2020-12-06,131.537
2020-12-07,137.734
2020-12-08,136.51
2020-12-09,133.745
2020-12-10,132.29
2020-12-11,124.805
2020-12-12,121.847
2020-12-13,125.807
2020-12-14,122.988
2020-12-15,127.146
2020-12-16,134.992
2020-12-17,136.703
2020-12-18,134.862
2020-12-19,135.766
2020-12-20,134.554
2020-12-21,132.239
2020-12-22,124.941
2020-12-23,116.876
2020-12-24,108.656
2020-12-25,100.6
2020-12-26,92.8057
2020-12-27,85.5498
2020-12-28,79.135
2020-12-29,76.1088
2020-12-30,74.6792
2020-12-31,73.5766
