time,pr
2018-01-01,2.6622351904046484
2018-01-02,4.505613484702374
2018-01-03,0.21585175436055118
2018-01-04,0.0
2018-01-05,0.0
2018-01-06,2.579204829682238
2018-01-07,0.0847192595443753
2018-01-08,0.9773670450892662
2018-01-09,5.81260093453689
2018-01-10,7.385820313416136
2018-01-11,5.255847229292641
2018-01-12,7.429650948953647
2018-01-13,4.53424491378228
2018-01-14,6.967534348438507
2018-01-15,2.3566251822788407
2018-01-16,9.177913584998848
2018-01-17,22.71778646921919
2018-01-18,6.962231575868694
2018-01-19,56.269644382086796
2018-01-20,10.071610137807632
2018-01-21,26.908892558608596
2018-01-22,4.157991973522834
2018-01-23,5.666615180223245
2018-01-24,21.99679012652255
2018-01-25,3.9417067507667087
2018-01-26,0.3353317026533726
2018-01-27,0.4533781977261531
2018-01-28,0.5873134754590941
2018-01-29,41.60160132220277
2018-01-30,0.7332824539112175
2018-01-31,1.161721291686153
2018-02-01,0.9709272664313076
2018-02-02,0.0
2018-02-03,0.0
2018-02-04,1.2150734426799437
2018-02-05,0.6271708806361578
2018-02-06,0.0
2018-02-07,5.064226109917762
2018-02-08,1.980682319538774
2018-02-09,2.1127369900848585
2018-02-10,0.3391318767581198
2018-02-11,12.368400512657082
2018-02-12,35.17801495755679
2018-02-13,4.150811739240202
2018-02-14,0.3593009873753361
2018-02-15,0.1629093979314369
2018-02-16,0.12451276193314201
2018-02-17,0.1978235527025553
2018-02-18,0.5948322068949341
2018-02-19,6.464649921156209
2018-02-20,0.9253827338308148
2018-02-21,0.9947151069668111
2018-02-22,0.0
2018-02-23,0.0
2018-02-24,0.0
2018-02-25,0.0
2018-02-26,0.0747076571598852
2018-02-27,3.51127909046135
2018-02-28,0.6880285189645872
2018-03-01,2.411510669089233
2018-03-02,7.875812601486373
2018-03-03,39.82450765743581
2018-03-04,13.621216498287234
2018-03-05,0.9070751368212224
2018-03-06,10.496721505523203
2018-03-07,7.9867880709276795
2018-03-08,0.0249025523866284
2018-03-09,0.0
2018-03-10,14.676378897180246
2018-03-11,0.1467124139995667
2018-03-12,0.1694385190887506
2018-03-13,0.0498051047732568
2018-03-14,55.516289720232166
2018-03-15,1.82661313842431
2018-03-16,0.0297541425755086
2018-03-17,0.0
2018-03-18,0.194776912772418
2018-03-19,0.0283850336138047
2018-03-20,25.97925096330142
2018-03-21,4.4313383578142265
2018-03-22,0.0498051047732568
2018-03-23,0.0
2018-03-24,0.0
2018-03-25,3.4078069561882374
2018-03-26,20.73285091694707
2018-03-27,8.576500163481873
2018-03-28,15.463356524306374
2018-03-29,14.29700619851528
2018-03-30,13.799347617648317
2018-03-31,0.9774078258842159
2018-04-01,0.5380594356633293
2018-04-02,0.1428584357336887
2018-04-03,0.0
2018-04-04,0.0
2018-04-05,2.1428840409960115
2018-04-06,1.016631114532504
2018-04-07,0.0
2018-04-08,0.0
2018-04-09,0.0
2018-04-10,0.0
2018-04-11,0.0
2018-04-12,0.0
2018-04-13,0.0
2018-04-14,0.5096230811573687
2018-04-15,0.6179022723290712
2018-04-16,1.7514567821524694
2018-04-17,1.9013079377692788
2018-04-18,0.0747076571598852
2018-04-19,0.0
2018-04-20,0.0
2018-04-21,0.0
2018-04-22,0.0
2018-04-23,0.0
2018-04-24,0.0249025523866284
2018-04-25,0.0
2018-04-26,0.0
2018-04-27,0.0
2018-04-28,4.659112176157582
2018-04-29,0.0595082851510172
2018-04-30,0.0
2018-05-01,0.0249025523866284
2018-05-02,0.2774105574800888
2018-05-03,0.0
2018-05-04,0.0
2018-05-05,0.0
2018-05-06,0.0
2018-05-07,2.313034927178137
2018-05-08,0.5787626422533728
2018-05-09,0.4866425789576061
2018-05-10,0.0
2018-05-11,0.0
2018-05-12,0.3926004654749734
2018-05-13,0.0
2018-05-14,0.0
2018-05-15,0.0249025523866284
2018-05-16,1.254400642338908
2018-05-17,0.1594269167042605
2018-05-18,0.2083971464480284
2018-05-19,17.633891489423345
2018-05-20,0.0
2018-05-21,0.0
2018-05-22,0.0
2018-05-23,0.0
2018-05-24,0.0
2018-05-25,0.0498051047732568
2018-05-26,0.0249025523866284
2018-05-27,0.0
2018-05-28,0.0
2018-05-29,0.0
2018-05-30,0.1978235527025553
2018-05-31,0.0
2018-06-01,0.0
2018-06-02,9.185665412615835
2018-06-03,3.6254025172069837
2018-06-04,2.995881967466417
2018-06-05,10.276193038293387
2018-06-06,0.1961460217341219
2018-06-07,14.729330303745185
2018-06-08,0.2283850336138046
2018-06-09,0.0847192595443753
2018-06-10,0.0
2018-06-11,0.0
2018-06-12,11.14220290790797
2018-06-13,1.4116801384008568
2018-06-14,1.5964260241070232
2018-06-15,6.711035730101772
2018-06-16,4.84508220310105
2018-06-17,0.2544664213748755
2018-06-18,0.0249025523866284
2018-06-19,0.0498051047732568
2018-06-20,0.0
2018-06-21,0.0322390118796828
2018-06-22,0.0249025523866284
2018-06-23,0.0
2018-06-24,0.0
2018-06-25,0.0
2018-06-26,3.3951072427298845
2018-06-27,28.33269242920269
2018-06-28,0.1467124139995667
2018-06-29,0.0
2018-06-30,0.0644780237593656
2018-07-01,0.0
2018-07-02,0.0
2018-07-03,1.457952986199922
2018-07-04,0.1640882333058793
2018-07-05,0.0
2018-07-06,0.0
2018-07-07,0.0
2018-07-08,0.0
2018-07-09,0.42714207471604493
2018-07-10,0.0
2018-07-11,0.0283850336138047
2018-07-12,0.0
2018-07-13,0.0
2018-07-14,0.0
2018-07-15,0.0
2018-07-16,0.0
2018-07-17,0.0
2018-07-18,0.0
2018-07-19,0.0
2018-07-20,0.0
2018-07-21,0.0
2018-07-22,0.0747076571598852
2018-07-23,0.0
2018-07-24,0.0996102095465136
2018-07-25,0.0747076571598852
2018-07-26,0.0
2018-07-27,0.0
2018-07-28,0.0
2018-07-29,0.0
2018-07-30,0.0747076571598852
2018-07-31,3.2885039270139655
2018-08-01,0.0498051047732568
2018-08-02,0.17431786670639882
2018-08-03,0.2241229714796556
2018-08-04,0.0
2018-08-05,0.0
2018-08-06,0.0
2018-08-07,0.0967170356390485
2018-08-08,1.0782347268611066
2018-08-09,0.854657964188502
2018-08-10,2.288969843457483
2018-08-11,0.0
2018-08-12,12.831126728113777
2018-08-13,0.0
2018-08-14,0.0
2018-08-15,0.1611950593984142
2018-08-16,0.1245127619331421
2018-08-17,0.38339620142622377
2018-08-18,0.0
2018-08-19,0.0249025523866284
2018-08-20,0.0
2018-08-21,0.1889907856925077
2018-08-22,6.071307565278933
2018-08-23,0.0
2018-08-24,11.105246236812807
2018-08-25,22.08677546143966
2018-08-26,0.0
2018-08-27,0.0
2018-08-28,0.0
2018-08-29,0.0
2018-08-30,0.0
2018-08-31,0.0
2018-09-01,0.3228352309647085
2018-09-02,4.730612994946547
2018-09-03,12.990796177421291
2018-09-04,4.14648340141629
2018-09-05,2.6478722937541646
2018-09-06,0.0
2018-09-07,0.0
2018-09-08,0.0249025523866284
2018-09-09,0.0
2018-09-10,0.0567700672276094
2018-09-11,0.0249025523866284
2018-09-12,0.5935892479971742
2018-09-13,0.7228627676584564
2018-09-14,1.6454168925751633
2018-09-15,5.143694966275827
2018-09-16,0.1878119503180653
2018-09-17,1.1103372693146587
2018-09-18,0.10694666903956801
2018-09-19,0.194341071475379
2018-09-20,5.4726487512606035
2018-09-21,0.1961460217341218
2018-09-22,0.0
2018-09-23,0.0
2018-09-24,0.0
2018-09-25,5.4270173594297315
2018-09-26,8.739686970149727
2018-09-27,0.8988041404371379
2018-09-28,0.0498051047732568
2018-09-29,1.1649260882581385
2018-09-30,1.49308340610691
2018-10-01,0.1947769127724178
2018-10-02,25.44299322205529
2018-10-03,21.006587229651334
2018-10-04,3.758819398745397
2018-10-05,0.17431786670639882
2018-10-06,13.094437173984721
2018-10-07,24.148061711993222
2018-10-08,2.9608616391506666
2018-10-09,0.0
2018-10-10,32.24555170648864
2018-10-11,8.244505091391195
2018-10-12,0.6963104417321626
2018-10-13,9.82812219338871
2018-10-14,5.481206979089496
2018-10-15,18.33716810765247
2018-10-16,17.4941657802776
2018-10-17,14.209709195407058
2018-10-18,38.786980827783914
2018-10-19,0.4650688210404617
2018-10-20,0.0747076571598852
2018-10-21,0.0747076571598852
2018-10-22,0.0249025523866284
2018-10-23,0.0
2018-10-24,16.94571860975566
2018-10-25,3.7310263212715435
2018-10-26,6.154073375079843
2018-10-27,10.357657725518761
2018-10-28,0.0
2018-10-29,0.0
2018-10-30,0.0249025523866284
2018-10-31,5.497381448049323
2018-11-01,1.0867960449802783
2018-11-02,0.3984408381860544
2018-11-03,9.445231640709608
2018-11-04,0.3380068455448082
2018-11-05,0.9532619531462327
2018-11-06,0.0249025523866284
2018-11-07,0.88698609783252
2018-11-08,1.1129066801315022
2018-11-09,3.908493469692391
2018-11-10,0.6779370105028477
2018-11-11,0.0747076571598852
2018-11-12,0.0
2018-11-13,0.0
2018-11-14,6.154544754715106
2018-11-15,0.1144734021198839
2018-11-16,0.0
2018-11-17,0.0249025523866284
2018-11-18,9.096539454315439
2018-11-19,0.4097322070328931
2018-11-20,0.053287586000433096
2018-11-21,0.053287586000433096
2018-11-22,0.4980510477325682
2018-11-23,3.4614547817413506
2018-11-24,0.8689856536032919
2018-11-25,0.2310879339340084
2018-11-26,0.7893915301213627
2018-11-27,0.17780034793357521
2018-11-28,0.2241229714796556
2018-11-29,0.28860099523902133
2018-11-30,25.215342849771883
2018-12-01,5.361023989757895
2018-12-02,0.0249025523866284
2018-12-03,0.1079442809625701
2018-12-04,0.0249025523866284
2018-12-05,0.0
2018-12-06,0.0
2018-12-07,1.9303092083752382
2018-12-08,0.053287586000433096
2018-12-09,0.0
2018-12-10,0.0
2018-12-11,0.0297541425755086
2018-12-12,0.0
2018-12-13,0.0
2018-12-14,0.5569147314413582
2018-12-15,14.384875015692879
2018-12-16,9.771500294543292
2018-12-17,0.6398643583301945
2018-12-18,5.697750958472843
2018-12-19,15.105063137113692
2018-12-20,0.0
2018-12-21,8.763234982085974
2018-12-22,6.838366064198022
2018-12-23,2.23235175229116
2018-12-24,0.2874221598645789
2018-12-25,0.6634175575394111
2018-12-26,1.1136728513860088
2018-12-27,1.5387215303558937
2018-12-28,0.1488888612970113
2018-12-29,0.0
2018-12-30,1.4524827861174225
2018-12-31,4.623704844167973
2019-01-01,0.0747076571598852
2019-01-02,0.0498051047732568
2019-01-03,0.4712146910192576
2019-01-04,20.701617463451107
2019-01-05,16.56539217025292
2019-01-06,0.6199878871657757
2019-01-07,7.149358861338398
2019-01-08,7.215096233570762
2019-01-09,2.0794250956403455
2019-01-10,11.188845155763048
2019-01-11,11.345306497473274
2019-01-12,14.965687292974694
2019-01-13,9.94215947829278
2019-01-14,17.19941389333808
2019-01-15,4.355588776176069
2019-01-16,3.3650959438560473
2019-01-17,11.015337772866424
2019-01-18,2.709224047424919
2019-01-19,4.741204799331173
2019-01-20,11.853918612238928
2019-01-21,8.44573662725167
2019-01-22,5.314585314775036
2019-01-23,0.0571415642663112
2019-01-24,9.156380166406613
2019-01-25,0.3094315383437421
2019-01-26,0.6893150178450467
2019-01-27,0.37037327671480036
2019-01-28,0.15000462163948158
2019-01-29,0.17431786670639882
2019-01-30,2.71030498681798
2019-01-31,10.482388076997893
2019-02-01,1.1320199047804305
2019-02-02,13.856620684802808
2019-02-03,6.325522293547225
2019-02-04,1.3930062316255338
2019-02-05,1.8819655901695658
2019-02-06,0.5742547916744266
2019-02-07,0.0847192595443753
2019-02-08,0.0
2019-02-09,0.0
2019-02-10,0.0
2019-02-11,6.426618601616056
2019-02-12,2.629355329578078
2019-02-13,0.6751432777219039
2019-02-14,0.12451276193314201
2019-02-15,48.26571938232823
2019-02-16,4.07150606124569
2019-02-17,6.32374101711938
2019-02-18,0.11416498011315421
2019-02-19,15.514583659262385
2019-02-20,2.7833096732983735
2019-02-21,57.23614260034131
2019-02-22,1.024911768073714
2019-02-23,1.854818272996795
2019-02-24,1.582354883969257
2019-02-25,11.102078247805409
2019-02-26,8.16552091395335
2019-02-27,13.862363216716263
2019-02-28,4.895957651986408
2019-03-01,0.0
2019-03-02,0.0
2019-03-03,0.0
2019-03-04,2.117981488609383
2019-03-05,0.2590371262507742
2019-03-06,3.0378148336692643
2019-03-07,15.004475016244719
2019-03-08,1.9564026261949004
2019-03-09,5.383599056909627
2019-03-10,7.710155880311952
2019-03-11,0.3481996713807388
2019-03-12,4.98006310262385
2019-03-13,9.065741952484027
2019-03-14,0.4699098711321359
2019-03-15,0.1044617997353938
2019-03-16,1.5721618373983062
2019-03-17,1.3910410829260076
2019-03-18,5.154279100118507
2019-03-19,0.11310429315818
2019-03-20,0.0595082851510172
2019-03-21,0.265656859133808
2019-03-22,0.6468768339976074
2019-03-23,0.0498051047732568
2019-03-24,0.2270802689104381
2019-03-25,0.0567700672276094
2019-03-26,1.5956514097380012
2019-03-27,0.0498051047732568
2019-03-28,0.6057508094767058
2019-03-29,1.238697718565608
2019-03-30,0.0249025523866284
2019-03-31,0.0
2019-04-01,0.0
2019-04-02,0.0
2019-04-03,0.0
2019-04-04,0.0
2019-04-05,1.1805633985467356
2019-04-06,7.142505645987933
2019-04-07,30.486316387781763
2019-04-08,24.752178971954233
2019-04-09,0.307881205930598
2019-04-10,0.0
2019-04-11,0.12451276193314201
2019-04-12,0.0
2019-04-13,0.0
2019-04-14,1.6943851908875065
2019-04-15,0.0847192595443753
2019-04-16,4.362995539773001
2019-04-17,0.0644780237593656
2019-04-18,0.0297541425755086
2019-04-19,0.0
2019-04-20,0.0
2019-04-21,5.643234706167198
2019-04-22,21.7572161451112
2019-04-23,0.768756116774344
2019-04-24,0.31369382121291123
2019-04-25,0.0249025523866284
2019-04-26,0.0
2019-04-27,3.230187335052307
2019-04-28,17.300473449026075
2019-04-29,0.0595082851510172
2019-04-30,0.0498051047732568
2019-05-01,0.6109541409199957
2019-05-02,0.1289560475187312
2019-05-03,0.0
2019-05-04,13.781290113416414
2019-05-05,0.11310429315818
2019-05-06,0.215733605941083
2019-05-07,4.553036251588257
2019-05-08,0.12451276193314201
2019-05-09,0.1878119503180653
2019-05-10,0.0747076571598852
2019-05-11,4.059595972137722
2019-05-12,0.8151981027825026
2019-05-13,1.7572216083029475
2019-05-14,5.072591636074172
2019-05-15,0.3082527029692997
2019-05-16,2.1345357321711624
2019-05-17,3.39106381863307
2019-05-18,1.9441861568791372
2019-05-19,0.7338368850977646
2019-05-20,0.0
2019-05-21,0.0283850336138047
2019-05-22,0.0498051047732568
2019-05-23,33.9571213394201
2019-05-24,22.56364565959073
2019-05-25,0.0
2019-05-26,0.0
2019-05-27,0.0
2019-05-28,35.41827912219201
2019-05-29,0.5770205462915823
2019-05-30,34.51484992088029
2019-05-31,54.12966681428322
2019-06-01,1.9128839444244403
2019-06-02,9.161091700225287
2019-06-03,13.756140779277397
2019-06-04,0.4703547625649959
2019-06-05,0.10694666903956801
2019-06-06,0.1992204190930272
2019-06-07,0.0
2019-06-08,0.0
2019-06-09,0.0
2019-06-10,0.0
2019-06-11,0.0
2019-06-12,0.0
2019-06-13,0.0
2019-06-14,0.0
2019-06-15,0.0
2019-06-16,0.0
2019-06-17,0.0
2019-06-18,0.0
2019-06-19,0.0
2019-06-20,0.0
2019-06-21,0.0
2019-06-22,0.0
2019-06-23,0.0
2019-06-24,0.0
2019-06-25,0.0
2019-06-26,23.63746502384628
2019-06-27,29.98375108815467
2019-06-28,0.0249025523866284
2019-06-29,0.0
2019-06-30,0.0
2019-07-01,0.1245127619331421
2019-07-02,1.0031191513842153
2019-07-03,5.292988986702094
2019-07-04,0.2283850336138046
2019-07-05,3.1695394501766567
2019-07-06,0.0
2019-07-07,0.0
2019-07-08,0.0
2019-07-09,0.0
2019-07-10,0.0
2019-07-11,0.0
2019-07-12,0.0
2019-07-13,0.0
2019-07-14,0.0
2019-07-15,4.7277870900364345
2019-07-16,0.0249025523866284
2019-07-17,0.0
2019-07-18,0.1992204190930272
2019-07-19,0.38354988818391633
2019-07-20,0.0
2019-07-21,0.0
2019-07-22,0.0249025523866284
2019-07-23,0.0
2019-07-24,0.0
2019-07-25,0.0
2019-07-26,0.0
2019-07-27,0.0249025523866284
2019-07-28,0.0498051047732568
2019-07-29,0.0249025523866284
2019-07-30,0.8924364869469722
2019-07-31,0.0581391761893133
2019-08-01,0.0
2019-08-02,4.065741786932763
2019-08-03,0.14751975233530729
2019-08-04,0.0249025523866284
2019-08-05,0.0
2019-08-06,0.0747076571598852
2019-08-07,0.0
2019-08-08,0.0
2019-08-09,0.0
2019-08-10,0.0322390118796828
2019-08-11,0.1787611522919881
2019-08-12,0.0249025523866284
2019-08-13,1.6095133482605388
2019-08-14,0.0498051047732568
2019-08-15,0.0996102095465136
2019-08-16,0.0
2019-08-17,0.0
2019-08-18,0.71938028643128
2019-08-19,21.33416804281156
2019-08-20,0.3042715261481322
2019-08-21,0.0249025523866284
2019-08-22,0.0249025523866284
2019-08-23,4.047992208053794
2019-08-24,0.0
2019-08-25,0.0
2019-08-26,0.0249025523866284
2019-08-27,0.0498051047732568
2019-08-28,0.0
2019-08-29,0.0
2019-08-30,0.0
2019-08-31,12.144937373336038
2019-09-01,37.48106007993367
2019-09-02,4.049581610565481
2019-09-03,1.0098213287972282
2019-09-04,4.905329895385396
2019-09-05,0.3136938212129111
2019-09-06,4.595071483656641
2019-09-07,0.37052696347249287
2019-09-08,0.0
2019-09-09,0.0249025523866284
2019-09-10,0.0
2019-09-11,0.0
2019-09-12,1.0961264039092171
2019-09-13,0.3633086523989064
2019-09-14,0.3237331810261692
2019-09-15,0.0498051047732568
2019-09-16,0.0
2019-09-17,0.0
2019-09-18,22.643019434338918
2019-09-19,34.676631086940624
2019-09-20,20.066604198656
2019-09-21,4.900289300835619
2019-09-22,0.106946669039568
2019-09-23,0.0249025523866284
2019-09-24,0.12451276193314201
2019-09-25,0.33374478341065933
2019-09-26,0.0
2019-09-27,0.0
2019-09-28,0.0
2019-09-29,0.0498051047732568
2019-09-30,0.0249025523866284
2019-10-01,0.0
2019-10-02,0.0
2019-10-03,1.6046141344910883
2019-10-04,0.0
2019-10-05,3.692227450883009
2019-10-06,21.979313707230865
2019-10-07,11.436676006517201
2019-10-08,0.0249025523866284
2019-10-09,0.0
2019-10-10,0.0
2019-10-11,0.0
2019-10-12,0.0
2019-10-13,0.0
2019-10-14,6.617065631419422
2019-10-15,16.067051683725342
2019-10-16,0.1563802767741231
2019-10-17,0.2065568785860816
2019-10-18,1.7883760386617384
2019-10-19,0.0820441166529396
2019-10-20,0.0996102095465136
2019-10-21,6.736853284330159
2019-10-22,0.0
2019-10-23,0.0
2019-10-24,0.0
2019-10-25,0.8222942922062604
2019-10-26,0.5219032325264087
2019-10-27,0.0249025523866284
2019-10-28,16.213727234976567
2019-10-29,0.0
2019-10-30,0.36863118075300993
2019-10-31,0.0
2019-11-01,0.0498051047732568
2019-11-02,0.671779386384236
2019-11-03,4.175657452359174
2019-11-04,2.878565443104858
2019-11-05,12.01538843155352
2019-11-06,0.3624107023374456
2019-11-07,1.8997679799020766
2019-11-08,0.32256212656118277
2019-11-09,0.0781901383870615
2019-11-10,26.642190850257503
2019-11-11,1.5993125207801322
2019-11-12,1.0204151197970335
2019-11-13,0.17431786670639882
2019-11-14,10.407849502863348
2019-11-15,0.0581391761893133
2019-11-16,0.0
2019-11-17,0.0
2019-11-18,0.0
2019-11-19,0.0
2019-11-20,0.0
2019-11-21,0.3604154784914414
2019-11-22,0.0249025523866284
2019-11-23,12.759804318404747
2019-11-24,0.1096218119310037
2019-11-25,0.0
2019-11-26,0.0
2019-11-27,33.28789596758506
2019-11-28,9.796223334174885
2019-11-29,0.0
2019-11-30,0.0
2019-12-01,10.043764028745219
2019-12-02,0.0283850336138047
2019-12-03,0.0747076571598852
2019-12-04,0.41706717656456277
2019-12-05,11.28693196256886
2019-12-06,4.965930322231741
2019-12-07,0.0
2019-12-08,0.0
2019-12-09,5.1016701087533844
2019-12-10,0.1703102016828286
2019-12-11,0.5133393207707513
2019-12-12,0.2557173819171111
2019-12-13,0.0297541425755086
2019-12-14,0.24902552386628402
2019-12-15,0.0249025523866284
2019-12-16,8.051771136412862
2019-12-17,3.3825774952369514
2019-12-18,1.632594947099472
2019-12-19,0.2065568785860816
2019-12-20,3.1530402800023722
2019-12-21,2.4287342364154836
2019-12-22,1.4711513400685103
2019-12-23,0.0
2019-12-24,0.0
2019-12-25,0.0
2019-12-26,0.0
2019-12-27,0.0
2019-12-28,0.0
2019-12-29,0.0
2019-12-30,0.0
2019-12-31,0.0
2020-01-01,2.0284551169826623
2020-01-02,14.854350480305607
2020-01-03,0.3034641878123917
2020-01-04,9.37467711295149
2020-01-05,0.1474016039158391
2020-01-06,2.93375008105114
2020-01-07,2.712455718485592
2020-01-08,0.2633269458136912
2020-01-09,23.67203615639628
2020-01-10,13.617643239783074
2020-01-11,9.432274550217906
2020-01-12,0.1797587642149901
2020-01-13,0.0
2020-01-14,0.0
2020-01-15,0.6397462099107263
2020-01-16,24.61979507512578
2020-01-17,0.3030926907736899
2020-01-18,0.12451276193314201
2020-01-19,0.0249025523866284
2020-01-20,0.4233433905726828
2020-01-21,0.0
2020-01-22,0.3865059163883334
2020-01-23,0.5880209311982735
2020-01-24,0.3296727741287518
2020-01-25,0.0
2020-01-26,0.0
2020-01-27,0.0
2020-01-28,17.73802483544894
2020-01-29,6.143692648558117
2020-01-30,2.1654209209892787
2020-01-31,4.4921895948270745
2020-02-01,0.2988306286395411
2020-02-02,4.739921556292258
2020-02-03,5.084746078849308
2020-02-04,0.9186545096854386
2020-02-05,3.5008574727771635
2020-02-06,0.4533504402973852
2020-02-07,1.8576003620054324
2020-02-08,3.78651833273321
2020-02-09,13.500683864683914
2020-02-10,2.1067049090088856
2020-02-11,0.053287586000433096
2020-02-12,0.1494153143197704
2020-02-13,0.0
2020-02-14,0.1030926907736899
2020-02-15,0.0
2020-02-16,0.0
2020-02-17,0.508315557266252
2020-02-18,0.0
2020-02-19,12.95413473941541
2020-02-20,0.605376773985274
2020-02-21,4.53834076244635
2020-02-22,4.419454315438622
2020-02-23,0.1992204190930272
2020-02-24,0.0
2020-02-25,7.572839549093538
2020-02-26,21.25166143110791
2020-02-27,2.4206495955720553
2020-02-28,0.0
2020-02-29,0.0
2020-03-01,0.7606055313436828
2020-03-02,2.3730846201495197
2020-03-03,3.6877412875197795
2020-03-04,0.3103923427021552
2020-03-05,0.0
2020-03-06,0.0
2020-03-07,0.0
2020-03-08,0.0
2020-03-09,0.0
2020-03-10,0.0
2020-03-11,0.0
2020-03-12,0.0
2020-03-13,0.0
2020-03-14,0.0
2020-03-15,0.0
2020-03-16,5.711755878104603
2020-03-17,0.0249025523866284
2020-03-18,8.71448802581496
2020-03-19,0.20485159018888
2020-03-20,0.1694385190887506
2020-03-21,0.0
2020-03-22,0.0
2020-03-23,0.0498051047732568
2020-03-24,0.3441922270921884
2020-03-25,0.1992204190930272
2020-03-26,0.0
2020-03-27,0.0
2020-03-28,0.2490255238662841
2020-03-29,0.5307780495577709
2020-03-30,0.0249025523866284
2020-03-31,0.0967170356390485
2020-04-01,0.0
2020-04-02,0.386803853481612
2020-04-03,0.0322390118796828
2020-04-04,0.0
2020-04-05,0.0
2020-04-06,10.776935342573852
2020-04-07,0.4843477625056734
2020-04-08,0.0498051047732568
2020-04-09,0.0
2020-04-10,0.0
2020-04-11,0.0
2020-04-12,0.0
2020-04-13,0.0
2020-04-14,7.840251858657848
2020-04-15,0.0
2020-04-16,0.0
2020-04-17,0.0
2020-04-18,0.0
2020-04-19,0.0498051047732568
2020-04-20,0.0
2020-04-21,0.0
2020-04-22,0.0
2020-04-23,0.0
2020-04-24,0.0283850336138047
2020-04-25,0.0
2020-04-26,0.0
2020-04-27,0.1494153143197704
2020-04-28,0.6932638018020252
2020-04-29,0.0
2020-04-30,0.0
2020-05-01,0.4980510477325685
2020-05-02,0.0
2020-05-03,0.0
2020-05-04,0.0
2020-05-05,0.0
2020-05-06,5.550637082655608
2020-05-07,0.1201323306445047
2020-05-08,0.0498051047732568
2020-05-09,0.0
2020-05-10,0.0
2020-05-11,0.0
2020-05-12,0.0
2020-05-13,2.504322791856533
2020-05-14,0.9104331786808596
2020-05-15,0.053287586000433096
2020-05-16,0.0
2020-05-17,0.0
2020-05-18,0.0
2020-05-19,0.0
2020-05-20,0.0
2020-05-21,0.0249025523866284
2020-05-22,12.28850475477029
2020-05-23,3.293925841310835
2020-05-24,0.0
2020-05-25,0.0
2020-05-26,0.0
2020-05-27,0.0
2020-05-28,0.0
2020-05-29,0.0
2020-05-30,0.0
2020-05-31,0.0
2020-06-01,2.414879526964852
2020-06-02,10.890162916240717
2020-06-03,0.3160880787913653
2020-06-04,1.8300234944836935
2020-06-05,2.3591553022621197
2020-06-06,13.141215118693358
2020-06-07,0.0
2020-06-08,0.9198974685831982
2020-06-09,17.599915734406103
2020-06-10,47.78432461292045
2020-06-11,1.018852591774033
2020-06-12,0.0571415642663112
2020-06-13,0.0967170356390485
2020-06-14,0.4765388748860107
2020-06-15,0.1567517738128248
2020-06-16,0.0498051047732568
2020-06-17,0.1494153143197704
2020-06-18,0.0
2020-06-19,0.0
2020-06-20,0.0
2020-06-21,0.0
2020-06-22,0.0
2020-06-23,0.0
2020-06-24,0.0249025523866284
2020-06-25,9.24458483191718
2020-06-26,0.8026030177236421
2020-06-27,21.865952202590602
2020-06-28,0.44974202974128463
2020-06-29,0.0747076571598852
2020-06-30,13.588243376914704
2020-07-01,0.7121722947198801
2020-07-02,0.0
2020-07-03,0.0
2020-07-04,0.0
2020-07-05,0.0
2020-07-06,0.8734016232301529
2020-07-07,2.9145087749068423
2020-07-08,0.2777267603962744
2020-07-09,0.0
2020-07-10,0.0
2020-07-11,0.0
2020-07-12,0.0
2020-07-13,0.3660481395486796
2020-07-14,3.670504255357307
2020-07-15,0.0
2020-07-16,0.0249025523866284
2020-07-17,0.9953023173038317
2020-07-18,0.0
2020-07-19,0.0
2020-07-20,0.0
2020-07-21,0.0
2020-07-22,0.0
2020-07-23,0.0
2020-07-24,0.0
2020-07-25,0.0
2020-07-26,0.0498051047732568
2020-07-27,0.0
2020-07-28,4.65378953743597
2020-07-29,16.660886554616052
2020-07-30,0.1494153143197704
2020-07-31,0.373538285799426
2020-08-01,0.0996102095465136
2020-08-02,0.0
2020-08-03,0.0
2020-08-04,0.0
2020-08-05,0.0
2020-08-06,0.0
2020-08-07,0.0
2020-08-08,0.0
2020-08-09,0.0
2020-08-10,0.0
2020-08-11,0.0
2020-08-12,0.0
2020-08-13,12.809284225309753
2020-08-14,0.6012419104064143
2020-08-15,36.0056670405366
2020-08-16,20.523164512430828
2020-08-17,5.7802817406611835
2020-08-18,22.054595385810323
2020-08-19,18.91176884628703
2020-08-20,20.312831685408447
2020-08-21,5.464451756291982
2020-08-22,0.0
2020-08-23,0.0
2020-08-24,0.0
2020-08-25,0.0
2020-08-26,0.0
2020-08-27,0.0
2020-08-28,0.0
2020-08-29,0.0
2020-08-30,0.0
2020-08-31,0.0498051047732568
2020-09-01,0.3237331810261692
2020-09-02,0.530290059612251
2020-09-03,0.0
2020-09-04,0.0
2020-09-05,0.0
2020-09-06,0.0
2020-09-07,0.0
2020-09-08,0.0
2020-09-09,0.0
2020-09-10,0.0
2020-09-11,0.0
2020-09-12,0.0
2020-09-13,0.0
2020-09-14,0.0
2020-09-15,0.0498051047732568
2020-09-16,0.0
2020-09-17,0.2073364594930542
2020-09-18,0.0297541425755086
2020-09-19,0.0322390118796828
2020-09-20,0.0
2020-09-21,0.0747076571598852
2020-09-22,0.0
2020-09-23,0.0249025523866284
2020-09-24,0.0249025523866284
2020-09-25,0.0
2020-09-26,0.0
2020-09-27,1.281859361441179
2020-09-28,31.34246238192401
2020-09-29,0.0249025523866284
2020-09-30,2.8018580922148133
2020-10-01,0.0249025523866284
2020-10-02,0.0
2020-10-03,0.5059385722031147
2020-10-04,3.8612991635522325
2020-10-05,0.3237331810261692
2020-10-06,0.0249025523866284
2020-10-07,0.1714246927989337
2020-10-08,26.687566851670205
2020-10-09,16.21455267358395
2020-10-10,0.177273894910816
2020-10-11,0.0
2020-10-12,0.0
2020-10-13,0.0
2020-10-14,0.054656694962137
2020-10-15,0.8444350632060932
2020-10-16,0.0
2020-10-17,0.0
2020-10-18,0.0747076571598852
2020-10-19,0.1030926907736899
2020-10-20,0.0
2020-10-21,0.0
2020-10-22,1.1281792257995087
2020-10-23,1.994795620065365
2020-10-24,22.050364943967793
2020-10-25,0.7387511088485769
2020-10-26,0.0249025523866284
2020-10-27,0.0
2020-10-28,0.0
2020-10-29,3.377033293738989
2020-10-30,29.369835786941042
2020-10-31,0.1629093979314369
2020-11-01,0.0781901383870615
2020-11-02,0.0249025523866284
2020-11-03,6.973434209237484
2020-11-04,0.1951484098111197
2020-11-05,0.0249025523866284
2020-11-06,0.0
2020-11-07,0.0
2020-11-08,0.0
2020-11-09,4.3737964905891
2020-11-10,1.809070553810369
2020-11-11,38.857840245788445
2020-11-12,0.27936897376150394
2020-11-13,1.926699804511548
2020-11-14,0.053287586000433096
2020-11-15,5.0265414547265586
2020-11-16,0.4358566933066243
2020-11-17,1.1637076861313564
2020-11-18,21.39093308831746
2020-11-19,5.33460868509528
2020-11-20,0.10694666903956801
2020-11-21,4.1591037606349435
2020-11-22,0.6135874545251367
2020-11-23,0.0
2020-11-24,0.0
2020-11-25,0.0
2020-11-26,0.2975414257550862
2020-11-27,50.283721040600064
2020-11-28,2.89356764355709
2020-11-29,6.177142336838882
2020-11-30,3.2543714501325103
2020-12-01,0.7320920851319785
2020-12-02,0.1440372711081311
2020-12-03,14.512723249329861
2020-12-04,18.215272600851762
2020-12-05,33.46250261088141
2020-12-06,18.00224410258108
2020-12-07,2.200363053924185
2020-12-08,0.0747076571598852
2020-12-09,3.377819000042768
2020-12-10,0.0781901383870615
2020-12-11,0.0
2020-12-12,5.382365148147688
2020-12-13,10.475270089990907
2020-12-14,5.098845859355923
2020-12-15,17.59975857107185
2020-12-16,0.1629093979314368
2020-12-17,13.075300661791182
2020-12-18,0.2938055959086761
2020-12-19,2.746070626928845
2020-12-20,14.073067982247384
2020-12-21,0.1991926616642592
2020-12-22,0.2441461762486358
2020-12-23,0.12451276193314201
2020-12-24,0.9632735555307227
2020-12-25,0.0249025523866284
2020-12-26,0.0
2020-12-27,0.0498051047732568
2020-12-28,0.7455010202096707
2020-12-29,4.100811008055448
2020-12-30,0.6595608752695381
2020-12-31,14.938056235005538
2021-01-01,3.416115367158216
2021-01-02,6.669239222957546
2021-01-03,0.08552659788011589
2021-01-04,0.0498051047732568
2021-01-05,8.936758257904039
2021-01-06,5.02491623795787
2021-01-07,1.123376031763769
2021-01-08,12.311437136735687
2021-01-09,0.2705452568872773
2021-01-10,3.566267550158584
2021-01-11,1.3288858537823631
2021-01-12,0.0996102095465136
2021-01-13,2.5679869104133117
2021-01-14,0.6454549693661176
2021-01-15,0.7853994269167038
2021-01-16,0.6040442518531393
2021-01-17,3.5152979577871863
2021-01-18,56.26356467743025
2021-01-19,22.39361419105444
2021-01-20,15.105530764253617
2021-01-21,3.076398818515805
2021-01-22,0.2089235994707876
2021-01-23,2.338625510622183
2021-01-24,2.8151991512738475
2021-01-25,6.8570378188069
2021-01-26,3.9262376957471252
2021-01-27,4.28560622803859
2021-01-28,9.591043786930005
2021-01-29,7.631638667808969
2021-01-30,6.79685082865306
2021-01-31,3.3462743653523273
2021-02-01,2.014599690143215
2021-02-02,6.71131976088879
2021-02-03,0.21619698393187
2021-02-04,8.15747175626439
2021-02-05,0.1393759545065123
2021-02-06,0.0498051047732568
2021-02-07,0.0
2021-02-08,0.0
2021-02-09,0.0498051047732568
2021-02-10,0.0
2021-02-11,4.946474516831735
2021-02-12,1.201836515366606
2021-02-13,2.9897066293624484
2021-02-14,6.101278580011616
2021-02-15,3.650471558982467
2021-02-16,0.0567700672276094
2021-02-17,0.254157778633126
2021-02-18,0.22620858631636
2021-02-19,0.1694385190887506
2021-02-20,0.0
2021-02-21,0.0
2021-02-22,0.0
2021-02-23,1.496082312088967
2021-02-24,15.287109047238673
2021-02-25,3.5899649445196316
2021-02-26,0.9946877910080825
2021-02-27,17.621524754742698
2021-02-28,17.874948313515468
2021-03-01,26.178362284110804
2021-03-02,25.869874719080197
2021-03-03,20.27901496997314
2021-03-04,1.7942204397869352
2021-03-05,4.09636860540994
2021-03-06,1.4738074445644689
2021-03-07,0.6739175913394612
2021-03-08,0.3521182146399739
2021-03-09,1.4923803650681309
2021-03-10,0.0747076571598852
2021-03-11,0.12451276193314201
2021-03-12,0.0498051047732568
2021-03-13,0.0249025523866284
2021-03-14,0.0
2021-03-15,6.683987854055522
2021-03-16,1.618398374286577
2021-03-17,0.1169582714240581
2021-03-18,3.1626241531018104
2021-03-19,0.053287586000433096
2021-03-20,0.0498051047732568
2021-03-21,0.2975414257550862
2021-03-22,2.043224938642562
2021-03-23,3.503451440364985
2021-03-24,1.8620888430863722
2021-03-25,3.4219758267561198
2021-03-26,1.0564246169212705
2021-03-27,1.3809166297625304
2021-03-28,2.0464382335128177
2021-03-29,2.2512415930998224
2021-03-30,4.414336849918121
2021-03-31,0.0795592473487654
2021-04-01,0.1279952431603184
2021-04-02,0.0781901383870615
2021-04-03,0.0249025523866284
2021-04-04,0.2235977876832616
2021-04-05,0.1663918791586131
2021-04-06,0.5077542281103287
2021-04-07,1.258096519146693
2021-04-08,1.1659764558509265
2021-04-09,0.0
2021-04-10,0.0
2021-04-11,0.0
2021-04-12,0.0
2021-04-13,0.0
2021-04-14,0.0249025523866284
2021-04-15,0.0747076571598852
2021-04-16,0.1528977955469467
2021-04-17,2.813980142125761
2021-04-18,1.1931822678040034
2021-04-19,0.0781901383870615
2021-04-20,0.0747076571598852
2021-04-21,1.2625249051184309
2021-04-22,0.33069814348052207
2021-04-23,0.0
2021-04-24,0.0249025523866284
2021-04-25,0.2677872831795776
2021-04-26,3.73393395332282
2021-04-27,0.0
2021-04-28,0.0
2021-04-29,0.0851551008414143
2021-04-30,0.48655323645825127
2021-05-01,0.0283850336138047
2021-05-02,0.0
2021-05-03,0.0
2021-05-04,0.0
2021-05-05,0.0
2021-05-06,14.115613608865822
2021-05-07,5.663230429426186
2021-05-08,0.1096218119310037
2021-05-09,0.2988306286395409
2021-05-10,0.0747076571598852
2021-05-11,0.0
2021-05-12,44.1201588188469
2021-05-13,0.3367008116150765
2021-05-14,0.0249025523866284
2021-05-15,0.19922041909302732
2021-05-16,0.0
2021-05-17,0.0
2021-05-18,0.0
2021-05-19,0.0
2021-05-20,0.0
2021-05-21,0.0249025523866284
2021-05-22,11.307184014369849
2021-05-23,7.346412931761148
2021-05-24,0.0322390118796828
2021-05-25,0.0
2021-05-26,0.0
2021-05-27,0.0
2021-05-28,0.0
2021-05-29,3.6933562897754166
2021-05-30,8.645151955367378
2021-05-31,0.1542669045086506
2021-06-01,0.0
2021-06-02,0.456580014375368
2021-06-03,0.0297541425755086
2021-06-04,0.0249025523866284
2021-06-05,0.0
2021-06-06,0.0644780237593657
2021-06-07,14.788168547742915
2021-06-08,0.9534520059984735
2021-06-09,0.0249025523866284
2021-06-10,0.579631565659701
2021-06-11,0.0644780237593656
2021-06-12,0.0
2021-06-13,0.0
2021-06-14,0.0283850336138047
2021-06-15,0.0
2021-06-16,0.0283850336138047
2021-06-17,0.0996102095465136
2021-06-18,1.4962000742221506
2021-06-19,44.125821720601884
2021-06-20,3.4321118133243935
2021-06-21,5.017968768753854
2021-06-22,7.367799009727516
2021-06-23,0.47663097657311604
2021-06-24,0.0996102095465136
2021-06-25,0.0
2021-06-26,0.0249025523866284
2021-06-27,0.0
2021-06-28,9.84193082440391
2021-06-29,10.344700800578327
2021-06-30,0.0
2021-07-01,0.0
2021-07-02,0.0
2021-07-03,0.0
2021-07-04,0.0
2021-07-05,0.0
2021-07-06,0.17431786670639882
2021-07-07,0.4517284241864878
2021-07-08,0.0
2021-07-09,0.0
2021-07-10,0.0
2021-07-11,0.0
2021-07-12,0.0
2021-07-13,0.0
2021-07-14,0.0
2021-07-15,0.1289560475187314
2021-07-16,11.65018443790517
2021-07-17,2.569320370669282
2021-07-18,0.0781901383870615
2021-07-19,0.0
2021-07-20,0.0
2021-07-21,0.0
2021-07-22,0.0
2021-07-23,0.0
2021-07-24,0.0
2021-07-25,0.0
2021-07-26,0.0249025523866284
2021-07-27,4.2922254090840735
2021-07-28,0.06199315445519139
2021-07-29,0.0
2021-07-30,0.0
2021-07-31,0.0
2021-08-01,0.0
2021-08-02,0.0
2021-08-03,0.0
2021-08-04,0.0
2021-08-05,0.12451276193314201
2021-08-06,0.0
2021-08-07,0.0
2021-08-08,0.0
2021-08-09,0.0
2021-08-10,0.0
2021-08-11,0.5652042143833695
2021-08-12,10.548947356077319
2021-08-13,46.175642442377814
2021-08-14,8.39003282053829
2021-08-15,0.0747076571598852
2021-08-16,21.278999684073003
2021-08-17,0.0
2021-08-18,0.0249025523866284
2021-08-19,0.0
2021-08-20,0.0249025523866284
2021-08-21,0.0
2021-08-22,0.0
2021-08-23,0.0
2021-08-24,0.0
2021-08-25,0.0
2021-08-26,2.4859149259640945
2021-08-27,0.17372833865166748
2021-08-28,3.1326822202080145
2021-08-29,0.2241229714796556
2021-08-30,0.5669183321813721
2021-08-31,1.230746732776805
2021-09-01,0.1778003479335752
2021-09-02,0.0
2021-09-03,0.0
2021-09-04,0.0249025523866284
2021-09-05,2.496152726560355
2021-09-06,0.0249025523866284
2021-09-07,0.0498051047732568
2021-09-08,3.5274658653985433
2021-09-09,4.481852187553027
2021-09-10,0.0
2021-09-11,0.200997611923002
2021-09-12,0.0
2021-09-13,0.0
2021-09-14,5.807379999475754
2021-09-15,3.715750464578237
2021-09-16,21.76665322942232
2021-09-17,8.508952212247758
2021-09-18,0.0747076571598852
2021-09-19,0.1487707128775431
2021-09-20,1.7034407347165141
2021-09-21,0.8322316724402669
2021-09-22,0.2276054527068319
2021-09-23,0.0781901383870616
2021-09-24,0.0
2021-09-25,0.0498051047732568
2021-09-26,0.0249025523866284
2021-09-27,0.0
2021-09-28,0.924991867294106
2021-09-29,13.14981269253957
2021-09-30,0.12451276193314201
2021-10-01,13.919701400701662
2021-10-02,0.0283850336138047
2021-10-03,21.413586240482527
2021-10-04,20.057528402388904
2021-10-05,0.3210302807059655
2021-10-06,1.023550660756486
2021-10-07,4.6583016923478064
2021-10-08,0.1494153143197704
2021-10-09,6.111276883111149
2021-10-10,2.971944854873622
2021-10-11,4.418746804515686
2021-10-12,2.1824732531237445
2021-10-13,0.0747076571598852
2021-10-14,0.0
2021-10-15,18.448530028930083
2021-10-16,2.6013010122080256
2021-10-17,15.346843640968972
2021-10-18,6.380475214906235
2021-10-19,0.7416720401848098
2021-10-20,0.1591184946975308
2021-10-21,0.1494153143197704
2021-10-22,0.0
2021-10-23,7.157850813477529
2021-10-24,15.253193056228108
2021-10-25,0.0249025523866284
2021-10-26,0.0
2021-10-27,0.0
2021-10-28,0.3586473357972877
2021-10-29,1.1804315645560257
2021-10-30,0.8217842287587374
2021-10-31,13.45104756701722
2021-11-01,27.027443433202134
2021-11-02,1.3387437694091608
2021-11-03,0.0498051047732568
2021-11-04,5.205881429424805
2021-11-05,0.2161969839318699
2021-11-06,0.0996102095465136
2021-11-07,0.4233433905726829
2021-11-08,0.4555824024523658
2021-11-09,0.47314849534593983
2021-11-10,0.24414617624863583
2021-11-11,1.0484008989433684
2021-11-12,0.3537679881796395
2021-11-13,1.0977979198483543
2021-11-14,0.1992204190930272
2021-11-15,0.0
2021-11-16,0.0996102095465137
2021-11-17,1.2250824514279486
2021-11-18,19.627839100725527
2021-11-19,0.2629554487749893
2021-11-20,0.1065751720008663
2021-11-21,0.0498051047732568
2021-11-22,0.0
2021-11-23,0.0
2021-11-24,0.0747076571598852
2021-11-25,0.0747076571598852
2021-11-26,5.419825922844832
2021-11-27,0.0
2021-11-28,0.0
2021-11-29,0.0
2021-11-30,0.0
2021-12-01,0.0
2021-12-02,0.17431786670639882
2021-12-03,0.17431786670639882
2021-12-04,0.0498051047732568
2021-12-05,7.459271602025796
2021-12-06,9.414766841737128
2021-12-07,3.088359455943359
2021-12-08,0.2192436238620074
2021-12-09,0.0
2021-12-10,0.0498051047732568
2021-12-11,0.0498051047732568
2021-12-12,1.6635624700800578
2021-12-13,0.053287586000433096
2021-12-14,5.785302910529198
2021-12-15,4.903775589741891
2021-12-16,0.0747076571598852
2021-12-17,0.2201153064560852
2021-12-18,0.8040995459756552
2021-12-19,0.9563085930763697
2021-12-20,0.0249025523866284
2021-12-21,5.440760763246516
2021-12-22,12.598768905609568
2021-12-23,0.1878119503180652
2021-12-24,0.0
2021-12-25,0.0
2021-12-26,0.0
2021-12-27,0.0
2021-12-28,0.0
2021-12-29,0.0
2021-12-30,0.0
2021-12-31,0.0
2022-01-01,0.0
2022-01-02,0.0
2022-01-03,0.0
2022-01-04,17.639895150865488
2022-01-05,6.876871688112454
2022-01-06,15.026638688502878
2022-01-07,0.0283850336138047
2022-01-08,0.2794961723167931
2022-01-09,0.37702076702660253
2022-01-10,2.0403376142131275
2022-01-11,5.472667403369796
2022-01-12,2.114109961909413
2022-01-13,1.2284836469840004
2022-01-14,3.4563310804565344
2022-01-15,45.621513938726714
2022-01-16,7.902407142985248
2022-01-17,16.357616172151243
2022-01-18,5.224640595101613
2022-01-19,0.14155240180395678
2022-01-20,0.719369746334074
2022-01-21,0.0747076571598852
2022-01-22,0.2331815504151887
2022-01-23,0.0249025523866284
2022-01-24,0.0
2022-01-25,0.0996102095465137
2022-01-26,3.9647520386948485
2022-01-27,17.00041912061927
2022-01-28,13.623140259170505
2022-01-29,28.7985901654271
2022-01-30,0.1663918791586132
2022-01-31,0.0498051047732568
2022-02-01,0.0
2022-02-02,0.0996102095465136
2022-02-03,0.0249025523866284
2022-02-04,7.0341692292622895
2022-02-05,3.505419900089811
2022-02-06,0.089380576145994
2022-02-07,0.5513386337330014
2022-02-08,0.1245127619331421
2022-02-09,0.9171144966344805
2022-02-10,0.0571415642663112
2022-02-11,0.0
2022-02-12,0.0
2022-02-13,0.0249025523866284
2022-02-14,5.030957755455949
2022-02-15,2.0088891096239085
2022-02-16,2.3459185405000476
2022-02-17,9.136543869015838
2022-02-18,1.9565532778460677
2022-02-19,3.301545724569601
2022-02-20,5.388496063328877
2022-02-21,3.637904231352374
2022-02-22,5.959702725111781
2022-02-23,8.445284286011885
2022-02-24,0.2276054527068319
2022-02-25,0.146403991992837
2022-02-26,17.589455046623375
2022-02-27,0.1816543261994533
2022-02-28,0.0249025523866284
2022-03-01,20.415220617754546
2022-03-02,3.1731973053772426
2022-03-03,9.781994202946535
2022-03-04,50.862216483111695
2022-03-05,0.060624045493487495
2022-03-06,0.0249025523866284
2022-03-07,0.6594639174119922
2022-03-08,17.272003211694543
2022-03-09,6.638832091009047
2022-03-10,3.9541885987602963
2022-03-11,0.9385623252227006
2022-03-12,13.587425112195472
2022-03-13,6.507283896966411
2022-03-14,3.41215273207873
2022-03-15,1.2337260485258348
2022-03-16,2.435841131487712
2022-03-17,0.5960857058898998
2022-03-18,0.0
2022-03-19,25.38230963329015
2022-03-20,0.0567700672276094
2022-03-21,3.286965348740637
2022-03-22,2.881151464231959
2022-03-23,0.0249025523866284
2022-03-24,0.0
2022-03-25,0.0
2022-03-26,0.0
2022-03-27,0.0
2022-03-28,0.0
2022-03-29,0.0
2022-03-30,0.0
2022-03-31,0.0
2022-04-01,3.3490370848629576
2022-04-02,0.9617860774145301
2022-04-03,0.2276054527068319
2022-04-04,1.6830232420180147
2022-04-05,0.0
2022-04-06,0.0747076571598852
2022-04-07,0.2739280762529124
2022-04-08,14.895955003166168
2022-04-09,2.7395939855225415
2022-04-10,0.0
2022-04-11,6.56561461596935
2022-04-12,9.880156777047972
2022-04-13,0.0
2022-04-14,4.848073493724916
2022-04-15,0.0249025523866284
2022-04-16,0.0
2022-04-17,0.1978235527025553
2022-04-18,2.103456406902936
2022-04-19,0.0498051047732568
2022-04-20,0.0
2022-04-21,0.0
2022-04-22,13.023166471454132
2022-04-23,35.144138036644776
2022-04-24,0.0
2022-04-25,0.0283850336138047
2022-04-26,0.0
2022-04-27,0.0
2022-04-28,0.0847192595443753
2022-04-29,0.0249025523866284
2022-04-30,0.2684318846218048
2022-05-01,0.0249025523866284
2022-05-02,3.561458285909794
2022-05-03,29.015389590412376
2022-05-04,16.13191395197082
2022-05-05,0.1602342550400011
2022-05-06,0.0
2022-05-07,0.0
2022-05-08,0.0
2022-05-09,0.0
2022-05-10,0.8533859786356092
2022-05-11,5.258226256154712
2022-05-12,0.0297541425755086
2022-05-13,0.0498051047732568
2022-05-14,0.0249025523866284
2022-05-15,0.0567700672276094
2022-05-16,0.0
2022-05-17,0.0
2022-05-18,0.0
2022-05-19,0.0
2022-05-20,0.0
2022-05-21,0.0
2022-05-22,0.0
2022-05-23,0.0
2022-05-24,0.0
2022-05-25,0.0
2022-05-26,0.0
2022-05-27,0.0
2022-05-28,0.0322390118796828
2022-05-29,2.084684990432516
2022-05-30,12.247375915877884
2022-05-31,3.7739148597435888
2022-06-01,34.5133409762834
2022-06-02,58.91868464001567
2022-06-03,3.452692815488976
2022-06-04,0.0996102095465136
2022-06-05,0.17431786670639882
2022-06-06,2.7721058810707304
2022-06-07,25.383938105900388
2022-06-08,0.29818602719731346
2022-06-09,4.984715755375932
2022-06-10,2.102638583653744
2022-06-11,0.0
2022-06-12,0.0
2022-06-13,0.0
2022-06-14,0.0
2022-06-15,0.0322390118796828
2022-06-16,0.30231310986671733
2022-06-17,4.115881250077602
2022-06-18,1.0553378832339335
2022-06-19,0.0
2022-06-20,0.0
2022-06-21,0.0
2022-06-22,0.0
2022-06-23,0.0
2022-06-24,0.0
2022-06-25,0.0
2022-06-26,0.17431786670639882
2022-06-27,0.0498051047732568
2022-06-28,0.0249025523866284
2022-06-29,0.2262085863163601
2022-06-30,0.0
2022-07-01,0.0322390118796828
2022-07-02,0.0
2022-07-03,0.0
2022-07-04,0.0
2022-07-05,0.0
2022-07-06,0.0
2022-07-07,0.0
2022-07-08,0.0
2022-07-09,0.0
2022-07-10,0.0
2022-07-11,0.0
2022-07-12,4.487663754343997
2022-07-13,0.0498051047732568
2022-07-14,1.2924186074103503
2022-07-15,0.0249025523866284
2022-07-16,0.0498051047732568
2022-07-17,0.862176916359362
2022-07-18,7.243158055931495
2022-07-19,6.167854579768807
2022-07-20,0.3237331810261695
2022-07-21,0.0
2022-07-22,0.0
2022-07-23,0.0
2022-07-24,0.0
2022-07-25,0.0
2022-07-26,0.0
2022-07-27,0.0
2022-07-28,0.0
2022-07-29,5.183147929712451
2022-07-30,0.0
2022-07-31,0.0
2022-08-01,0.0
2022-08-02,0.0
2022-08-03,0.0
2022-08-04,0.0
2022-08-05,0.0322390118796828
2022-08-06,1.4490255238662841
2022-08-07,29.088751977992718
2022-08-08,2.853804161131046
2022-08-09,0.0
2022-08-10,0.0
2022-08-11,0.0
2022-08-12,1.1524823722392596
2022-08-13,0.0747076571598852
2022-08-14,1.2700301717180495
2022-08-15,0.0
2022-08-16,20.36974065014741
2022-08-17,11.3831038378922
2022-08-18,22.384161986394446
2022-08-19,2.2456008752143544
2022-08-20,0.0
2022-08-21,0.0249025523866284
2022-08-22,0.2812645357459668
2022-08-23,0.12451276193314201
2022-08-24,0.0
2022-08-25,0.1245127619331421
2022-08-26,0.0
2022-08-27,0.0
2022-08-28,0.0644780237593657
2022-08-29,0.5044527495995725
2022-08-30,0.5075374663206643
2022-08-31,0.2310879339340083
2022-09-01,0.0
2022-09-02,3.012912777936431
2022-09-03,16.770827935672294
2022-09-04,0.0996102095465136
2022-09-05,0.4559982672300925
2022-09-06,8.460599433538754
2022-09-07,13.036215277346654
2022-09-08,0.0581391761893133
2022-09-09,0.0747076571598852
2022-09-10,0.2011788353744423
2022-09-11,0.4642326767846079
2022-09-12,35.15667308177819
2022-09-13,12.986808544100787
2022-09-14,17.844813292662906
2022-09-15,9.858365484768592
2022-09-16,1.3046720498419668
2022-09-17,0.9586471150622676
2022-09-18,0.6822911743241022
2022-09-19,2.3440164668324934
2022-09-20,2.418310135462322
2022-09-21,6.680048120234365
2022-09-22,3.203611169743851
2022-09-23,0.0
2022-09-24,0.0249025523866284
2022-09-25,15.294243975658446
2022-09-26,26.12621358044619
2022-09-27,0.7962732202894112
2022-09-28,1.377201549008003
2022-09-29,2.918010128978231
2022-09-30,0.562157574453232
2022-10-01,0.3036822188284211
2022-10-02,0.0
2022-10-03,0.0747076571598852
2022-10-04,0.2241229714796556
2022-10-05,0.0498051047732568
2022-10-06,16.507659367235473
2022-10-07,1.21112736272696
2022-10-08,0.0
2022-10-09,0.0
2022-10-10,0.5478561525058249
2022-10-11,7.580281188823634
2022-10-12,9.565371586712303
2022-10-13,2.2559745382154395
2022-10-14,20.599539160461944
2022-10-15,2.2960669710050747
2022-10-16,13.550667323353352
2022-10-17,0.1978235527025553
2022-10-18,5.227562133459152
2022-10-19,2.7641833149157553
2022-10-20,16.111789098725115
2022-10-21,15.955451423809858
2022-10-22,0.0322390118796828
2022-10-23,0.17431786670639893
2022-10-24,0.0
2022-10-25,0.2027029003202035
2022-10-26,0.0249025523866284
2022-10-27,0.5934706581076661
2022-10-28,0.1778003479335751
2022-10-29,13.137786110524784
2022-10-30,2.428345797963995
2022-10-31,22.32397709322329
2022-11-01,6.250691466246166
2022-11-02,3.3438219992798515
2022-11-03,0.4682691477282915
2022-11-04,0.1494153143197704
2022-11-05,0.0
2022-11-06,0.0
2022-11-07,0.0
2022-11-08,0.26855003304127323
2022-11-09,0.2664379300021658
2022-11-10,0.0249025523866284
2022-11-11,16.536464018122345
2022-11-12,1.9931914834910895
2022-11-13,14.39151202109123
2022-11-14,8.603583191580062
2022-11-15,0.0
2022-11-16,0.0
2022-11-17,0.0249025523866284
2022-11-18,0.0
2022-11-19,0.0
2022-11-20,0.0
2022-11-21,0.5653287089346638
2022-11-22,3.2638189641733266
2022-11-23,18.73298164726268
2022-11-24,1.978342473142756
2022-11-25,0.1318492214261964
2022-11-26,8.577629167925545
2022-11-27,11.958347632823848
2022-11-28,41.840429164062684
2022-11-29,28.62161028956296
2022-11-30,16.130975276298162
2022-12-01,4.696715490493909
2022-12-02,0.38352213075514807
2022-12-03,22.66695627101294
2022-12-04,14.901955077664237
2022-12-05,11.673908927489926
2022-12-06,16.018767388056304
2022-12-07,0.1629093979314368
2022-12-08,0.0
2022-12-09,26.92596575020246
2022-12-10,0.0283850336138047
2022-12-11,9.91313723785992
2022-12-12,1.5682113979286774
2022-12-13,13.084293130588216
2022-12-14,0.0
2022-12-15,0.0
2022-12-16,4.973796104302815
2022-12-17,0.054656694962137
2022-12-18,0.8068932787565991
2022-12-19,1.7507400555424488
2022-12-20,7.6888906547690485
2022-12-21,2.704327868761993
2022-12-22,1.0165333841023876
2022-12-23,0.0249025523866284
2022-12-24,0.12451276193314201
2022-12-25,3.125429143368774
2022-12-26,3.309265987078723
2022-12-27,1.294932724104678
2022-12-28,29.09408024545734
2022-12-29,0.7332208688406304
2022-12-30,0.0
2022-12-31,0.0498051047732568
2023-01-01,3.5084165435379133
2023-01-02,4.18278879383487
2023-01-03,3.4396470998867352
2023-01-04,44.7044838732374
2023-01-05,0.2511111387029885
2023-01-06,0.0283850336138047
2023-01-07,0.3023131098667172
2023-01-08,0.3730131020030319
2023-01-09,0.5818092821835104
2023-01-10,4.056393603650957
2023-01-11,10.703842527636715
2023-01-12,4.169638725751913
2023-01-13,2.1679918769512625
2023-01-14,2.617970479450259
2023-01-15,7.821557037239377
2023-01-16,2.1374988790799763
2023-01-17,7.833666063784143
2023-01-18,1.6204191482111494
